assists,birth_date,bonus,bps,can_select,can_transact,chance_of_playing_next_round,chance_of_playing_this_round,clean_sheets,clean_sheets_per_90,clearances_blocks_interceptions,code,corners_and_indirect_freekicks_order,corners_and_indirect_freekicks_text,cost_change_event,cost_change_event_fall,cost_change_start,cost_change_start_fall,creativity,creativity_rank,creativity_rank_type,defensive_contribution,defensive_contribution_per_90,direct_freekicks_order,direct_freekicks_text,dreamteam_count,element_type,ep_next,ep_this,event_points,expected_assists,expected_assists_per_90,expected_goal_involvements,expected_goal_involvements_per_90,expected_goals,expected_goals_conceded,expected_goals_conceded_per_90,expected_goals_per_90,first_name,form,form_rank,form_rank_type,goals_conceded,goals_conceded_per_90,goals_scored,has_temporary_code,ict_index,ict_index_rank,ict_index_rank_type,id,in_dreamteam,influence,influence_rank,influence_rank_type,known_name,minutes,news,news_added,now_cost,now_cost_rank,now_cost_rank_type,opta_code,own_goals,penalties_missed,penalties_order,penalties_saved,penalties_text,photo,points_per_game,points_per_game_rank,points_per_game_rank_type,price_change_calibrating,price_change_hourly_rate,price_change_locked_until,price_change_percent,price_change_projections,recoveries,red_cards,region,removed,saves,saves_per_90,scout_news_link,scout_risks,second_name,selected_by_percent,selected_rank,selected_rank_type,special,squad_number,starts,starts_per_90,status,tackles,team,team_code,team_join_date,threat,threat_rank,threat_rank_type,total_points,transfers_in,transfers_in_event,transfers_out,transfers_out_event,value_form,value_season,web_name,yellow_cards
0,1995-09-15,3,122,True,True,,,3,0.5,7,154561,,,0,0,1,-1,0.2,389,5,0,0.0,,,1,1,6.0,6.0,3,0.01,0.0,0.01,0.0,0.00,4.65,0.78,0.0,David,6.0,20,2,5,0.83,0,False,10.6,202,13,1,False,104.6,70,13,,540,,,61,60,1,p154561,0,0,,1,,154561.jpg,5.5,37,2,False,16,,7.3,"[{'offset': 0, 'projected_percent': '7.3', 'likelihood': 1}, {'offset': 1, 'projected_percent': '7.6', 'likelihood': 1}, {'offset': 2, 'projected_percent': '7.9', 'likelihood': 1}]",71,0,200,False,13,2.17,,[],Raya Martín,43.7,4,1,False,,6,1.0,a,1,1,3,2024-07-04,0.0,657,73,33,1190566,5555,700940,4421,1.0,5.4,Raya,0
0,1994-10-03,0,0,True,True,,,0,0,0,109745,,,0,0,-1,1,0.0,557,57,0,0,,,0,1,0.0,0.0,0,0.00,0,0.00,0,0.00,0.00,0,0,Kepa,0.0,533,67,0,0,0,False,0.0,566,69,2,False,0.0,561,69,,0,,,49,334,15,p109745,0,0,,0,,109745.jpg,0.0,577,69,False,0,,-57.2,"[{'offset': 0, 'projected_percent': '-57.2', 'likelihood': -3}, {'offset': 1, 'projected_percent': '-57.2', 'likelihood': -3}, {'offset': 2, 'projected_percent': '-57.2', 'likelihood': -3}]",0,0,200,False,0,0,,[],Arrizabalaga Revuelta,0.1,459,52,False,,0,0,a,0,1,3,2025-07-01,0.0,523,55,0,1586,12,4407,16,0.0,0.0,Arrizabalaga,0
0,2000-03-02,0,0,True,True,,,0,0,0,437495,,,0,0,-1,1,0.0,569,60,0,0,,,0,1,0.0,0.0,0,0.00,0,0.00,0,0.00,0.00,0,0,Illan,0.0,545,70,0,0,0,False,0.0,576,70,3,False,0.0,570,70,,0,,,49,360,18,p437495,0,0,,0,,437495.jpg,0.0,586,70,False,0,,-45.9,"[{'offset': 0, 'projected_percent': '-45.9', 'likelihood': -3}, {'offset': 1, 'projected_percent': '-45.9', 'likelihood': -3}, {'offset': 2, 'projected_percent': '-45.9', 'likelihood': -3}]",0,0,73,False,0,0,,[],Meslier,0.0,547,63,False,,0,0,a,0,1,3,2026-07-09,0.0,536,58,0,555,5,1639,8,0.0,0.0,Meslier,0
0,1997-12-19,2,97,True,True,,,3,0.5,40,226597,,,0,0,0,0,22.0,216,72,46,7.67,,,0,2,4.0,4.0,2,0.21,0.04,0.72,0.12,0.51,4.65,0.78,0.08,Gabriel,4.0,71,30,5,0.83,0,False,20.0,89,28,4,False,94.8,86,38,Gabriel Magalhães,540,,,80,8,1,p226597,0,0,,0,,226597.jpg,4.5,73,32,False,-741,,-104.4,"[{'offset': 0, 'projected_percent': '-104.7', 'likelihood': -5}, {'offset': 1, 'projected_percent': '-110.4', 'likelihood': -5}, {'offset': 2, 'projected_percent': '-116.1', 'likelihood': -5}]",18,0,30,False,0,0.0,,[],dos Santos Magalhães,22.3,14,4,False,,6,1.0,a,6,1,3,2020-09-01,84.0,44,3,27,281967,1600,1002169,17945,0.5,3.4,Gabriel,2
0,2001-06-17,0,0,True,True,100,100,0,0.0,3,445122,,,0,0,0,0,4.2,314,111,6,4.12,,,0,2,0.7,0.7,1,0.08,0.05,0.08,0.05,0.00,2.21,1.52,0.0,Jurriën,0.7,289,98,3,2.06,0,False,1.5,364,127,5,False,10.2,323,122,Jurriën Timber,131,,2026-07-23T12:01:23.272929Z,65,39,3,p445122,0,0,,0,,445122.jpg,0.7,421,148,False,-15,,19.2,"[{'offset': 0, 'projected_percent': '19.2', 'likelihood': 1}, {'offset': 1, 'projected_percent': '19.0', 'likelihood': 1}, {'offset': 2, 'projected_percent': '18.7', 'likelihood': 1}]",8,0,152,False,0,0.0,,[],Timber,0.6,233,90,False,,1,0.69,a,3,1,3,2023-07-14,0.0,663,217,2,58950,824,21227,1099,0.1,0.3,J.Timber,0
0,2001-03-24,0,0,True,True,0,0,0,0,0,462424,,,0,0,-1,1,0.0,658,217,0,0,,,0,2,0.0,0.0,0,0.00,0,0.00,0,0.00,0.00,0,0,William,0.0,649,215,0,0,0,False,0.0,658,217,6,False,0.0,654,217,,0,Back injury - Unknown return date,2026-07-23T12:01:23.289376Z,59,89,8,p462424,0,0,,0,,462424.jpg,0.0,658,217,False,-3,,-31.6,"[{'offset': 0, 'projected_percent': '-31.6', 'likelihood': -2}, {'offset': 1, 'projected_percent': '-32.4', 'likelihood': -2}, {'offset': 2, 'projected_percent': '-33.3', 'likelihood': -2}]",0,0,73,False,0,0,https://www.arsenal.com/news/arteta-issues-update-on-bruno-timber-and-saliba-aKfIr6V2lm7B?utm_source=premier-league-web&utm_medium=referral&utm_campaign=pl-referral-always-on&utm_content=home&utm_term=live-bar,[],Saliba,0.2,330,124,False,,0,0,i,0,1,3,2019-07-25,0.0,652,216,0,3707,39,19188,119,0.0,0.0,Saliba,0
0,2006-09-26,0,52,True,True,,,2,0.54,8,499169,,,0,0,-1,1,40.2,157,100,18,4.86,,,0,3,1.0,1.0,2,0.58,0.16,0.76,0.21,0.18,1.62,0.44,0.05,Myles,1.0,240,111,2,0.54,0,False,7.0,252,112,7,False,21.6,279,119,,333,,,54,194,120,p499169,0,0,,0,,499169.jpg,2.2,224,99,False,-16,,-11.5,"[{'offset': 0, 'projected_percent': '-11.8', 'likelihood': -1}, {'offset': 1, 'projected_percent': '-16.8', 'likelihood': -1}, {'offset': 2, 'projected_percent': '-21.7', 'likelihood': -2}]",9,0,241,False,0,0.0,,[],Lewis-Skelly,0.6,240,75,False,,5,1.35,a,1,1,3,2022-12-04,16.0,213,116,11,31548,274,53040,347,0.2,2.0,Lewis-Skelly,0
2,2002-05-19,3,98,True,True,,,3,0.54,14,466075,,,0,0,4,-4,52.7,110,29,22,3.98,,,1,2,5.3,5.3,9,0.68,0.12,1.90,0.34,1.22,4.38,0.79,0.22,Riccardo,5.3,32,12,5,0.91,1,False,19.1,97,30,8,True,71.6,129,57,,497,,,59,91,10,p466075,0,0,,0,,466075.jpg,6.3,19,8,False,924,,22.2,"[{'offset': 0, 'projected_percent': '23.1', 'likelihood': 2}, {'offset': 1, 'projected_percent': '38.4', 'likelihood': 2}, {'offset': 2, 'projected_percent': '53.6', 'likelihood': 3}]",14,0,106,False,0,0.0,,[],Calafiori,51.6,3,1,False,,6,1.09,a,8,1,3,2024-07-29,66.0,67,8,38,1840541,25799,449416,1350,0.9,6.4,Calafiori,0
0,2002-01-09,0,10,True,True,,,0,0.0,5,448104,,,0,0,-3,3,1.0,356,130,6,13.5,,,0,2,0.3,0.3,1,0.00,0.0,0.00,0.0,0.00,0.28,0.63,0.0,Piero,0.3,333,119,0,0.0,0,False,1.0,376,133,9,False,6.4,353,131,,40,,,52,237,34,p448104,0,0,,0,,448104.jpg,1.0,373,140,False,-11,,-7.6,"[{'offset': 0, 'projected_percent': '-7.7', 'likelihood': -1}, {'offset': 1, 'projected_percent': '-9.8', 'likelihood': -1}, {'offset': 2, 'projected_percent': '-11.9', 'likelihood': -1}]",0,0,62,False,0,0.0,,[],Hincapié,0.9,192,73,False,,0,0.0,a,1,1,3,2026-07-01,2.0,329,124,3,17695,131,120801,509,0.1,0.6,Hincapie,0
2,1997-10-08,3,98,True,True,100,100,2,0.48,13,198869,,,0,0,-1,1,53.0,106,27,22,5.25,,,0,2,2.0,2.0,5,0.46,0.11,0.64,0.15,0.18,1.75,0.42,0.04,Benjamin,2.0,153,58,2,0.48,0,False,15.2,140,48,10,False,69.6,135,61,,377,,2026-09-20T19:30:08.247780Z,54,171,18,p198869,0,0,,0,,198869.jpg,5.2,49,20,False,-40,,-4.6,"[{'offset': 0, 'projected_percent': '-4.6', 'likelihood': -1}, {'offset': 1, 'projected_percent': '-6.2', 'likelihood': -1}, {'offset': 2, 'projected_percent': '-7.8', 'likelihood': -1}]",14,0,241,False,0,0.0,,[],White,4.4,80,31,False,,5,1.19,a,9,1,3,2021-07-30,29.0,156,46,26,462402,1232,630210,2206,0.4,4.8,White,0
0,2004-06-27,0,52,True,True,100,100,2,1.07,10,500040,,,0,0,-2,2,2.0,334,120,10,5.36,,,0,2,0.0,0.0,0,0.01,0.01,0.01,0.01,0.00,0.53,0.28,0.0,Cristhian,0.0,611,210,0,0.0,0,False,2.7,332,119,11,False,24.6,270,110,,168,,2026-09-04T14:00:08.080310Z,53,228,31,p500040,0,0,,0,,500040.jpg,6.0,27,12,False,-72,,-49.4,"[{'offset': 0, 'projected_percent': '-49.9', 'likelihood': -3}, {'offset': 1, 'projected_percent': '-57.9', 'likelihood': -3}, {'offset': 2, 'projected_percent': '-65.9', 'likelihood': -3}]",3,0,200,False,0,0.0,,[],Mosquera,1.5,138,55,False,,2,1.07,a,0,1,3,2025-07-24,0.0,615,212,12,35514,83,481958,1847,0.0,2.3,Mosquera,0
0,2001-09-05,4,146,True,True,,,3,0.53,11,223340,2,,0,0,1,-1,125.6,26,24,39,6.94,2,,0,3,4.0,4.0,2,1.04,0.18,4.67,0.83,3.63,4.20,0.75,0.65,Bukayo,4.0,72,27,5,0.89,3,False,52.1,2,2,12,False,155.6,13,8,,506,,,96,4,3,p223340,0,0,1,0,,223340.jpg,5.7,33,16,False,-382,,19.8,"[{'offset': 0, 'projected_percent': '19.4', 'likelihood': 1}, {'offset': 1, 'projected_percent': '13.1', 'likelihood': 1}, {'offset': 2, 'projected_percent': '6.8', 'likelihood': 1}]",21,0,241,False,0,0.0,,[],Saka,17.1,23,9,False,,6,1.07,a,7,1,3,2018-11-28,240.0,2,1,34,1232852,5941,458006,16214,0.4,3.5,Saka,0
3,1999-01-14,2,119,True,True,100,75,3,0.54,23,204480,1,,0,0,-1,1,108.4,37,32,52,9.34,1,,0,3,4.7,3.5,7,0.77,0.14,0.89,0.16,0.12,4.12,0.74,0.02,Declan,4.7,57,19,5,0.9,0,False,23.4,61,40,13,False,120.2,43,16,,501,,2026-09-21T13:00:08.896379Z,74,18,11,p204480,0,0,,0,,204480.jpg,4.5,72,29,False,141,,-127.5,"[{'offset': 0, 'projected_percent': '-127.4', 'likelihood': -5}, {'offset': 1, 'projected_percent': '-125.1', 'likelihood': -5}, {'offset': 2, 'projected_percent': '-122.9', 'likelihood': -5}]",20,0,241,False,0,0.0,,[],Rice,10.7,34,13,False,,6,1.08,a,9,1,3,2023-07-15,5.0,298,155,27,126667,5177,837745,2606,0.6,3.6,Rice,1
0,1998-06-29,0,18,True,True,,,0,0.0,0,232413,,,0,0,-3,3,5.9,296,149,5,5.29,3,,0,3,0.7,0.7,0,0.09,0.1,0.13,0.14,0.04,1.33,1.41,0.04,Eberechi,0.7,286,136,0,0.0,0,False,1.6,359,172,14,False,3.0,381,177,,85,,,62,57,39,p232413,0,0,,0,,232413.jpg,1.0,403,192,False,-31,,0.7,"[{'offset': 0, 'projected_percent': '0.7', 'likelihood': 1}, {'offset': 1, 'projected_percent': '0.2', 'likelihood': 1}, {'offset': 2, 'projected_percent': '-3.0', 'likelihood': -1}]",5,0,241,False,0,0.0,,[],Eze,1.1,170,52,False,,0,0.0,a,0,1,3,2025-08-23,9.0,265,137,4,34911,391,144614,1152,0.1,0.6,Eze,0
0,1998-12-17,6,149,True,True,,,3,0.58,6,184029,,,0,0,3,-3,166.9,10,9,29,5.6,4,,1,3,2.0,2.0,1,1.44,0.28,3.34,0.65,1.90,3.85,0.74,0.37,Martin,2.0,167,75,5,0.97,2,False,36.2,17,13,15,False,121.8,40,14,,466,,,68,31,20,p184029,0,0,3,0,,184029.jpg,5.0,55,24,False,-635,,35.0,"[{'offset': 0, 'projected_percent': '34.4', 'likelihood': 2}, {'offset': 1, 'projected_percent': '23.9', 'likelihood': 2}, {'offset': 2, 'projected_percent': '13.4', 'likelihood': 1}]",17,0,161,False,0,0.0,,[],Ødegaard,20.3,17,7,False,,6,1.16,a,6,1,3,2021-08-20,73.0,57,35,30,1814951,7932,677398,21555,0.3,4.4,Ødegaard,1
0,2002-03-10,0,31,True,True,,,0,0.0,1,248857,5,,0,0,-3,3,43.9,143,91,8,6.37,,,0,3,0.7,0.7,2,0.52,0.41,0.80,0.63,0.28,0.77,0.61,0.22,Noni,0.7,287,137,1,0.8,0,False,5.6,279,125,16,False,11.6,315,141,,113,,,62,58,40,p248857,0,0,,0,,248857.jpg,1.3,298,138,False,5,,-17.8,"[{'offset': 0, 'projected_percent': '-17.6', 'likelihood': -1}, {'offset': 1, 'projected_percent': '-13.8', 'likelihood': -1}, {'offset': 2, 'projected_percent': '-9.9', 'likelihood': -1}]",6,0,241,False,0,0.0,,[],Madueke,0.2,324,113,False,,1,0.8,a,1,1,3,2025-07-18,0.0,659,294,4,6971,337,26716,111,0.1,0.6,Madueke,0
0,1996-06-22,0,22,True,True,,,0,0.0,1,195384,,,0,0,-3,3,4.2,313,160,10,10.98,,,0,3,1.0,1.0,1,0.15,0.16,0.29,0.31,0.14,0.96,1.05,0.15,Mikel,1.0,244,115,0,0.0,0,False,3.0,322,149,17,False,10.0,325,147,,82,,,57,112,72,p195384,0,0,,0,,195384.jpg,0.8,417,198,False,3,,0.3,"[{'offset': 0, 'projected_percent': '0.3', 'likelihood': 1}, {'offset': 1, 'projected_percent': '0.3', 'likelihood': 1}, {'offset': 2, 'projected_percent': '0.4', 'likelihood': 1}]",9,0,200,False,0,0.0,,[],Merino Zazón,0.4,270,87,False,,0,0.0,a,0,1,3,2024-08-27,16.0,214,117,5,12996,216,49722,291,0.2,0.9,Merino,1
0,2001-06-18,0,0,False,True,0,0,0,0,0,444145,,,0,0,-2,2,0.0,662,295,0,0,,,0,3,0.0,0.0,0,0.00,0,0.00,0,0.00,0.00,0,0,Gabriel,0.0,658,294,0,0,0,False,0.0,662,295,18,False,0.0,661,295,Gabriel Martinelli,0,Has joined Al Hilal permanently,2026-09-04T12:34:46.738449Z,63,48,33,p444145,0,0,,0,,444145.jpg,0.0,662,295,False,-4,,0.0,"[{'offset': 0, 'projected_percent': '0.0', 'likelihood': 0}, {'offset': 1, 'projected_percent': '0.0', 'likelihood': 0}, {'offset': 2, 'projected_percent': '0.0', 'likelihood': 0}]",0,0,30,False,0,0,,[],Martinelli Silva,0.1,473,184,False,,0,0,u,0,1,3,2019-07-15,0.0,660,295,0,2483,0,22107,31,0.0,0.0,Martinelli,0
0,1999-02-02,0,16,True,True,,,0,0.0,5,481655,,,0,0,-2,2,5.0,304,155,12,12.13,,,0,3,0.7,0.7,0,0.04,0.04,0.25,0.25,0.21,1.38,1.4,0.21,Martín,0.7,272,128,0,0.0,0,False,4.8,295,133,19,False,13.4,303,131,,89,,,53,224,141,p481655,0,0,,0,,481655.jpg,1.0,379,174,False,-24,,-75.8,"[{'offset': 0, 'projected_percent': '-76.2', 'likelihood': -3}, {'offset': 1, 'projected_percent': '-83.6', 'likelihood': -3}, {'offset': 2, 'projected_percent': '-91.0', 'likelihood': -3}]",3,0,200,False,0,0.0,,[],Zubimendi Ibáñez,0.5,241,76,False,,0,0.0,a,4,1,3,2025-07-06,29.0,155,82,5,8896,62,69273,401,0.1,0.9,Zubimendi,0
0,2009-12-31,0,4,True,True,100,100,0,0.0,0,616077,,,0,0,-2,2,14.8,240,129,0,0.0,,,0,3,0.3,0.3,0,0.08,0.8,0.08,0.8,0.00,0.31,3.1,0.0,Max,0.3,341,159,0,0.0,0,False,1.7,357,171,20,False,2.0,386,179,,9,,2026-10-05T19:00:10.141532Z,53,235,149,p616077,0,0,,0,,616077.jpg,1.0,384,179,False,-3,,-49.9,"[{'offset': 0, 'projected_percent': '-50.3', 'likelihood': -3}, {'offset': 1, 'projected_percent': '-57.4', 'likelihood': -3}, {'offset': 2, 'projected_percent': '-64.5', 'likelihood': -3}]",0,0,241,False,0,0.0,,[],Dowman,0.1,464,179,False,,0,0.0,a,0,1,3,2025-07-22,0.0,617,267,1,3228,33,7741,69,0.1,0.2,Dowman,0
0,2007-03-21,0,0,False,True,0,0,0,0,0,499175,,,0,0,-1,1,0.0,636,278,0,0,,,0,3,0.0,0.0,0,0.00,0,0.00,0,0.00,0.00,0,0,Ethan,0.0,623,271,0,0,0,False,0.0,638,277,22,False,0.0,633,276,,0,Has joined Borussia Dortmund on loan for the rest of the season,2026-09-02T16:01:07.058827Z,54,195,121,p499175,0,0,,0,,499175.jpg,0.0,640,279,False,0,,0.0,"[{'offset': 0, 'projected_percent': '0.0', 'likelihood': 0}, {'offset': 1, 'projected_percent': '0.0', 'likelihood': 0}, {'offset': 2, 'projected_percent': '0.0', 'likelihood': 0}]",0,0,241,False,0,0,,[],Nwaneri,0.0,631,269,False,,0,0,u,0,1,3,2022-09-17,0.0,623,271,0,233,0,1270,2,0.0,0.0,Nwaneri,0
0,2000-05-30,0,0,False,True,0,0,0,0,0,438098,,,0,0,0,0,0.0,648,283,0,0,,,0,3,0.0,0.0,0,0.00,0,0.00,0,0.00,0.00,0,0,Fábio,0.0,634,277,0,0,0,False,0.0,647,282,23,False,0.0,642,281,Fábio Vieira,0,Has joined Hamburger SV permanently,2026-09-02T16:00:28.446370Z,55,145,88,p438098,0,0,,0,,438098.jpg,0.0,649,284,False,0,,0.0,"[{'offset': 0, 'projected_percent': '0.0', 'likelihood': 0}, {'offset': 1, 'projected_percent': '0.0', 'likelihood': 0}, {'offset': 2, 'projected_percent': '0.0', 'likelihood': 0}]",0,0,173,False,0,0,,[],Ferreira Vieira,0.0,634,271,False,,0,0,u,0,1,3,2022-06-21,0.0,635,276,0,255,0,928,0,0.0,0.0,Fábio Vieira,0
0,1999-12-10,0,0,False,True,0,0,0,0,0,200641,,,0,0,0,0,0.0,644,280,0,0,,,0,3,0.0,0.0,0,0.00,0,0.00,0,0.00,0.00,0,0,Reiss,0.0,631,274,0,0,0,False,0.0,644,279,24,False,0.0,639,278,,0,has departed the club as a free agent.,2026-08-29T00:33:08.556767Z,55,134,81,p200641,0,0,,0,,200641.jpg,0.0,646,281,False,0,,0.0,"[{'offset': 0, 'projected_percent': '0.0', 'likelihood': 0}, {'offset': 1, 'projected_percent': '0.0', 'likelihood': 0}, {'offset': 2, 'projected_percent': '0.0', 'likelihood': 0}]",0,0,241,False,0,0,,[],Nelson,0.0,642,277,False,,0,0,u,0,1,3,2017-07-12,0.0,631,273,0,68,0,685,1,0.0,0.0,Nelson,0
0,1998-06-04,0,17,True,True,,,0,0.0,0,224117,,,0,0,-4,4,14.7,242,28,5,8.04,,,0,4,0.7,0.7,1,0.39,0.63,0.39,0.63,0.00,0.68,1.09,0.0,Viktor,0.7,291,35,0,0.0,0,False,1.4,367,41,25,False,0.0,664,77,,56,,,71,24,8,p224117,0,0,2,0,,224117.jpg,1.0,406,47,False,-180,,8.2,"[{'offset': 0, 'projected_percent': '8.0', 'likelihood': 1}, {'offset': 1, 'projected_percent': '5.1', 'likelihood': 1}, {'offset': 2, 'projected_percent': '2.1', 'likelihood': 1}]",4,0,206,False,0,0.0,,[],Gyökeres,3.8,89,14,False,,0,0.0,a,1,1,3,2025-07-26,0.0,664,77,3,134085,1162,632423,5887,0.1,0.4,Gyökeres,0
0,1999-06-11,2,85,True,True,100,75,3,0.54,6,219847,,,0,0,1,-1,71.3,71,4,13,2.34,,,0,4,1.7,1.3,2,0.39,0.07,2.20,0.4,1.81,4.51,0.81,0.33,Kai,1.7,195,22,5,0.9,2,False,32.6,23,5,26,False,89.4,99,8,,499,,2026-09-24T22:00:09.120308Z,76,17,6,p219847,0,0,,0,,219847.jpg,3.5,121,13,False,-287,,-132.9,"[{'offset': 0, 'projected_percent': '-133.4', 'likelihood': -5}, {'offset': 1, 'projected_percent': '-140.7', 'likelihood': -5}, {'offset': 2, 'projected_percent': '-148.1', 'likelihood': -5}]",7,0,80,False,0,0.0,,[],Havertz,6.7,58,10,False,,6,1.08,a,0,1,3,2023-06-28,165.0,6,4,21,664023,4791,606010,10939,0.2,2.8,Havertz,1
0,1997-04-03,0,0,False,True,0,0,0,0,0,205651,,,0,0,-1,1,0.0,656,77,0,0,,,0,4,0.0,0.0,0,0.00,0,0.00,0,0.00,0.00,0,0,Gabriel,0.0,646,72,0,0,0,False,0.0,656,77,27,False,0.0,651,73,Gabriel Jesus,0,Has joined FC Barcelona permanently,2026-09-02T16:00:28.475184Z,59,82,21,p205651,0,0,,0,,205651.jpg,0.0,656,77,False,-1,,0.0,"[{'offset': 0, 'projected_percent': '0.0', 'likelihood': 0}, {'offset': 1, 'projected_percent': '0.0', 'likelihood': 0}, {'offset': 2, 'projected_percent': '0.0', 'likelihood': 0}]",0,0,30,False,0,0,,[],Fernando de Jesus,0.1,375,58,False,,0,0,u,0,1,3,2022-07-04,0.0,649,74,0,4164,0,29660,57,0.0,0.0,G.Jesus,0
0,1997-10-23,0,53,True,True,100,75,1,0.24,25,199798,,,0,0,1,-1,14.0,250,90,33,8.01,,,0,2,3.7,2.8,4,0.02,0.0,0.25,0.06,0.23,4.12,1.0,0.06,Ezri,3.7,75,32,5,1.21,0,False,7.3,244,93,31,False,45.0,204,80,,371,,2026-10-05T09:30:09.853316Z,46,424,80,p199798,0,0,,0,,199798.jpg,3.2,133,55,False,-103,,-17.4,"[{'offset': 0, 'projected_percent': '-17.5', 'likelihood': -1}, {'offset': 1, 'projected_percent': '-19.2', 'likelihood': -1}, {'offset': 2, 'projected_percent': '-20.9', 'likelihood': -2}]",12,0,241,False,0,0.0,,[],Konsa Ngoyo,17.3,22,8,False,,4,0.97,a,8,1,3,2026-08-21,14.0,225,73,16,1512544,4596,911325,5810,0.8,3.5,Konsa,0
0,1997-11-16,4,74,True,True,100,100,0,0.0,4,208706,4,,0,0,-3,3,6.5,290,145,18,10.8,,,1,3,5.7,5.7,9,0.23,0.14,0.42,0.25,0.19,2.21,1.33,0.11,Bruno,5.7,25,11,3,1.8,2,False,6.6,261,116,452,False,41.0,213,91,Bruno Guimarães,150,,2026-09-04T14:00:08.328779Z,67,32,21,p208706,0,0,4,0,,208706.jpg,4.5,71,28,False,320,,9.2,"[{'offset': 0, 'projected_percent': '9.5', 'likelihood': 1}, {'offset': 1, 'projected_percent': '14.8', 'likelihood': 1}, {'offset': 2, 'projected_percent': '20.1', 'likelihood': 2}]",13,0,30,False,0,0.0,,[],Guimarães Rodriguez Moura,1.9,128,39,False,,1,0.6,a,1,1,3,2026-08-08,19.0,200,111,18,50562,8863,251193,500,0.9,2.7,Bruno G.,0
2,2002-01-30,1,81,True,True,0,0,2,0.5,7,439509,3,,0,0,-2,2,115.1,33,28,23,5.72,,,0,3,0.0,0.0,0,0.55,0.14,0.74,0.19,0.19,2.73,0.68,0.05,Christos,1.7,190,88,4,0.99,0,False,21.8,76,45,557,False,56.4,171,67,,362,Hamstring injury - Expected back 24 Oct,2026-10-02T15:00:11.091226Z,63,47,32,p439509,0,0,,0,,439509.jpg,3.2,139,55,False,-1234,,-50.0,"[{'offset': 0, 'projected_percent': '-50.6', 'likelihood': -3}, {'offset': 1, 'projected_percent': '-61.0', 'likelihood': -3}, {'offset': 2, 'projected_percent': '-71.3', 'likelihood': -3}]",12,0,83,False,0,0.0,https://www.youtube.com/watch?v=DI0OraaQvj8,[],Tzolis,7.4,52,17,False,,5,1.24,i,4,1,3,2026-07-23,46.0,105,59,16,463520,50,2133621,36348,0.3,2.5,Tzolis,2
0,1991-03-10,0,1,True,True,100,75,0,0.0,2,72147,,,0,0,0,0,0.0,481,38,0,0.0,,,0,1,0.0,0.0,0,0.00,0.0,0.00,0.0,0.00,3.77,3.77,0.0,Marco,0.0,454,53,4,4.0,0,False,2.8,326,22,29,False,28.2,259,22,,90,,2026-09-17T07:30:09.058151Z,45,430,24,p72147,0,0,,0,,72147.jpg,1.0,331,24,False,0,2026-10-17T21:00:09.378950Z,0.0,"[{'offset': 0, 'projected_percent': '0.0', 'likelihood': 0}, {'offset': 1, 'projected_percent': '0.0', 'likelihood': 0}, {'offset': 2, 'projected_percent': '0.0', 'likelihood': 0}]",6,0,152,False,3,3.0,,[],Bizot,0.1,406,47,False,,1,1.0,a,0,2,7,2025-07-15,0.0,431,33,1,4728,21,8093,31,0.0,0.2,M.Bizot,0
0,1993-07-20,0,0,False,True,0,0,0,0,0,101188,,,0,0,0,0,0.0,484,185,0,0,,,0,2,0.0,0.0,0,0.00,0,0.00,0,0.00,0.00,0,0,Lucas,0.0,456,176,0,0,0,False,0.0,495,186,30,False,0.0,490,186,,0,Has joined Paris Saint-Germain permanently,2026-08-10T14:03:30.089007Z,45,435,87,p101188,0,0,,0,,101188.jpg,0.0,510,188,False,0,,0.0,"[{'offset': 0, 'projected_percent': '0.0', 'likelihood': 0}, {'offset': 1, 'projected_percent': '0.0', 'likelihood': 0}, {'offset': 2, 'projected_percent': '0.0', 'likelihood': 0}]",0,0,73,False,0,0,,[],Digne,0.0,502,177,False,,0,0,u,0,2,7,2022-01-13,0.0,434,174,0,0,0,8766,12,0.0,0.0,Digne,0
0,1997-08-07,0,21,True,True,100,100,1,0.23,14,199796,3,,0,0,-1,1,22.3,212,70,25,5.83,,,0,2,-0.3,-0.3,0,0.05,0.01,0.20,0.04,0.15,7.01,1.63,0.03,Matty,-0.3,664,216,9,2.1,0,False,7.2,246,94,32,False,36.4,232,93,,386,,2026-09-09T14:30:08.192142Z,44,548,139,p199796,0,0,,0,,199796.jpg,1.2,300,104,False,-147,,-44.4,"[{'offset': 0, 'projected_percent': '-44.8', 'likelihood': -3}, {'offset': 1, 'projected_percent': '-50.3', 'likelihood': -3}, {'offset': 2, 'projected_percent': '-55.9', 'likelihood': -3}]",5,0,172,False,0,0.0,,[],Cash,4.5,79,30,False,,4,0.93,a,11,2,7,2020-09-03,13.0,230,76,6,99274,267,453772,3441,-0.1,1.4,Cash,3
0,1993-03-13,0,42,True,True,,,1,0.26,28,149484,,,0,0,0,0,5.6,297,107,32,8.21,,,0,2,1.3,1.3,1,0.02,0.01,0.22,0.06,0.20,5.49,1.41,0.05,Tyrone,1.3,199,68,6,1.54,0,False,8.2,232,85,33,False,59.8,166,71,,351,,,45,439,88,p149484,0,0,,0,,149484.jpg,2.2,214,85,False,-4,,1.9,"[{'offset': 0, 'projected_percent': '1.9', 'likelihood': 1}, {'offset': 1, 'projected_percent': '1.8', 'likelihood': 1}, {'offset': 2, 'projected_percent': '1.7', 'likelihood': 1}]",10,0,241,False,0,0.0,,[],Mings,0.4,268,101,False,,3,0.77,a,4,2,7,2019-07-08,17.0,207,63,11,19875,108,19303,166,0.3,2.4,Mings,1
0,1997-01-16,0,-4,True,True,100,75,0,0.0,8,244954,,,0,0,-1,1,1.9,335,121,9,4.33,,,0,2,0.3,0.2,0,0.01,0.0,0.01,0.0,0.00,4.79,2.31,0.0,Pau,0.3,303,107,5,2.41,0,False,1.5,360,125,34,False,11.2,318,121,,187,,2026-09-12T18:00:08.712707Z,44,554,143,p244954,0,0,,0,,244954.jpg,1.0,325,123,False,0,2026-10-17T15:30:09.805802Z,-0.1,"[{'offset': 0, 'projected_percent': '-0.1', 'likelihood': -1}, {'offset': 1, 'projected_percent': '-0.1', 'likelihood': -1}, {'offset': 2, 'projected_percent': '-0.1', 'likelihood': -1}]",9,0,200,False,0,0.0,,[],Torres,0.3,301,111,False,,3,1.44,a,1,2,7,2023-07-12,2.0,318,118,3,11311,25,30113,123,0.1,0.7,Pau,0
0,2004-01-05,0,3,True,True,,,0,0.0,1,515597,,,0,0,-1,1,0.5,372,185,1,5.62,,,0,3,0.0,0.0,0,0.00,0.0,0.00,0.0,0.00,0.22,1.24,0.0,Lamare,0.0,557,229,0,0.0,0,False,0.3,394,183,35,False,2.2,385,178,,16,,,49,380,225,p515597,0,0,,0,,515597.jpg,1.0,354,157,False,0,,-4.8,"[{'offset': 0, 'projected_percent': '-4.8', 'likelihood': -1}, {'offset': 1, 'projected_percent': '-4.8', 'likelihood': -1}, {'offset': 2, 'projected_percent': '-4.8', 'likelihood': -1}]",0,0,152,False,0,0.0,,[],Bogarde,0.1,480,188,False,,0,0.0,a,0,2,7,2021-01-07,0.0,546,224,1,3021,18,5033,28,0.0,0.2,Bogarde,0
0,2002-03-10,1,22,True,True,0,0,1,0.27,17,441302,,,0,0,-1,1,24.5,200,65,24,6.45,,,0,2,0.0,0.0,0,0.45,0.12,0.73,0.2,0.28,6.54,1.76,0.08,Ian,0.3,304,108,7,1.88,0,False,10.2,207,74,36,False,34.8,236,95,,335,Ankle injury - Unknown return date,2026-09-12T18:00:08.729468Z,44,557,146,p441302,0,0,,0,,441302.jpg,2.2,212,83,False,-27,,-14.4,"[{'offset': 0, 'projected_percent': '-14.7', 'likelihood': -1}, {'offset': 1, 'projected_percent': '-18.6', 'likelihood': -1}, {'offset': 2, 'projected_percent': '-22.6', 'likelihood': -2}]",10,0,152,False,0,0.0,https://www.avfc.co.uk/news/2026/september/18/prematch-team-news-for-spurs-showdown/,[],Maatsen,0.4,265,100,False,,4,1.07,i,7,2,7,2024-06-28,43.0,109,24,9,31934,2,70716,529,0.1,2.0,Maatsen,1
0,1994-07-17,0,35,True,True,,,1,0.17,35,184667,,,0,0,0,0,37.3,163,44,36,6.0,,,0,2,1.7,1.7,3,0.17,0.03,0.61,0.1,0.44,10.28,1.71,0.07,Victor,1.7,170,62,11,1.83,0,False,14.9,142,49,37,False,74.4,123,56,,540,,,45,446,94,p184667,1,0,,0,,184667.jpg,1.8,249,93,False,0,,1.4,"[{'offset': 0, 'projected_percent': '1.4', 'likelihood': 1}, {'offset': 1, 'projected_percent': '1.4', 'likelihood': 1}, {'offset': 2, 'projected_percent': '1.4', 'likelihood': 1}]",9,0,206,False,0,0.0,,[],Lindelöf,0.3,284,105,False,,6,1.0,a,1,2,7,2025-09-01,37.0,132,37,11,16790,91,16111,116,0.4,2.4,Lindelöf,0
0,,0,0,True,True,,,0,0,0,606798,,,0,0,0,0,0.0,450,174,0,0,,,0,2,0.0,0.0,0,0.00,0,0.00,0,0.00,0.00,0,0,Andrés,0.0,417,160,0,0,0,False,0.0,464,175,38,False,0.0,459,175,,0,,,40,653,203,p606798,0,0,,0,,606798.jpg,0.0,481,179,False,-15,,-47.2,"[{'offset': 0, 'projected_percent': '-47.3', 'likelihood': -3}, {'offset': 1, 'projected_percent': '-49.0', 'likelihood': -3}, {'offset': 2, 'projected_percent': '-50.7', 'likelihood': -3}]",0,0,,False,0,0,,[],García,1.5,148,61,False,,0,0,a,0,2,7,,0.0,395,160,0,46633,183,73791,559,0.0,0.0,A.García,0
0,2005-12-16,0,0,False,True,0,0,0,0,0,578545,,,0,0,0,0,0.0,448,173,0,0,,,0,2,0.0,0.0,0,0.00,0,0.00,0,0.00,0.00,0,0,Kosta,0.0,415,159,0,0,0,False,0.0,462,174,39,False,0.0,457,174,,0,Has joined Rangers on loan for the rest of the season,2026-08-19T13:56:46.385411Z,40,650,201,p578545,0,0,,0,,578545.jpg,0.0,479,178,False,-2,,0.0,"[{'offset': 0, 'projected_percent': '0.0', 'likelihood': 0}, {'offset': 1, 'projected_percent': '0.0', 'likelihood': 0}, {'offset': 2, 'projected_percent': '0.0', 'likelihood': 0}]",0,0,190,False,0,0,,[],Nedeljkovic,0.1,387,146,False,,0,0,u,0,2,7,2024-01-22,0.0,393,159,0,0,0,15771,43,0.0,0.0,Nedeljkovic,0
1,1996-12-25,3,91,True,True,,,1,0.19,5,195546,2,,0,0,-1,1,80.5,63,52,44,8.53,1,,1,3,6.0,6.0,4,0.33,0.06,1.66,0.32,1.33,8.52,1.65,0.26,Emiliano,6.0,19,9,9,1.75,1,False,19.6,91,48,41,False,66.0,143,48,,464,,,59,81,54,p195546,0,0,1,0,,195546.jpg,4.2,83,35,False,35,,4.8,"[{'offset': 0, 'projected_percent': '4.9', 'likelihood': 1}, {'offset': 1, 'projected_percent': '5.5', 'likelihood': 1}, {'offset': 2, 'projected_percent': '6.0', 'likelihood': 1}]",27,0,10,False,0,0.0,,[],Buendía Stati,1.2,165,50,False,,6,1.16,a,12,2,7,2021-06-10,59.0,74,45,25,84828,2103,104052,659,1.0,4.2,Buendía,1
0,1997-08-09,0,0,False,True,0,0,0,0,0,215711,,,0,0,-1,1,0.0,633,276,0,0,,,0,3,0.0,0.0,0,0.00,0,0.00,0,0.00,0.00,0,0,Leon,0.0,616,268,0,0,0,False,0.0,635,275,44,False,0.0,630,274,,0,Has joined Olympiakos permanently,2026-09-04T12:35:14.472260Z,54,176,111,p215711,0,0,,0,,215711.jpg,0.0,638,277,False,0,,0.0,"[{'offset': 0, 'projected_percent': '0.0', 'likelihood': 0}, {'offset': 1, 'projected_percent': '0.0', 'likelihood': 0}, {'offset': 2, 'projected_percent': '0.0', 'likelihood': 0}]",0,0,107,False,0,0,,[],Bailey,0.0,500,197,False,,0,0,u,0,2,7,2021-08-04,0.0,620,269,0,2096,0,13540,32,0.0,0.0,Bailey,0
2,1994-10-18,4,101,True,True,,,2,0.34,9,122806,1,,0,0,-1,1,84.9,56,46,36,6.18,,,1,3,7.3,7.3,10,0.31,0.05,1.95,0.33,1.64,9.35,1.61,0.28,John,7.3,7,3,9,1.55,1,False,14.8,147,74,45,False,52.4,184,74,,524,,,54,166,105,p122806,0,0,,0,,122806.jpg,4.5,70,27,False,338,,-7.6,"[{'offset': 0, 'projected_percent': '-6.1', 'likelihood': -1}, {'offset': 1, 'projected_percent': '4.3', 'likelihood': 1}, {'offset': 2, 'projected_percent': '9.8', 'likelihood': 1}]",21,0,243,False,0,0.0,,[],McGinn,2.3,118,37,False,,6,1.03,a,6,2,7,2018-08-08,15.0,221,119,27,89145,5616,170564,730,1.4,5.0,McGinn,2
0,1993-12-05,0,70,True,True,,,1,0.29,5,88894,4,,0,0,0,0,82.3,58,47,30,8.65,,,0,3,1.3,1.3,1,0.15,0.04,0.53,0.15,0.38,7.51,2.17,0.11,Ross,1.3,207,96,8,2.31,0,False,15.6,128,68,46,False,42.4,211,89,,312,,,50,241,151,p88894,0,0,,0,,88894.jpg,1.8,254,111,False,-8,,-7.7,"[{'offset': 0, 'projected_percent': '-8.0', 'likelihood': -1}, {'offset': 1, 'projected_percent': '-13.8', 'likelihood': -1}, {'offset': 2, 'projected_percent': '-19.5', 'likelihood': -1}]",18,0,241,False,0,0.0,,[],Barkley,0.2,310,107,False,,4,1.15,a,7,2,7,2024-07-01,31.0,150,78,11,16595,56,18239,183,0.3,2.2,Barkley,0
1,1999-11-23,0,106,True,True,100,100,2,0.34,18,226944,,,0,0,0,0,68.8,78,58,49,8.27,,,0,3,4.0,4.0,4,0.24,0.04,0.41,0.07,0.17,9.50,1.6,0.03,Boubacar,4.0,65,21,9,1.52,0,False,14.3,156,81,47,False,68.0,138,46,,533,,2026-07-23T12:01:23.337269Z,50,266,166,p226944,0,0,,0,,226944.jpg,3.2,134,52,False,3,,-92.0,"[{'offset': 0, 'projected_percent': '-91.9', 'likelihood': -3}, {'offset': 1, 'projected_percent': '-90.2', 'likelihood': -3}, {'offset': 2, 'projected_percent': '-88.5', 'likelihood': -3}]",21,0,73,False,0,0.0,,[],Kamara,0.3,291,99,False,,6,1.01,a,10,2,7,2022-06-11,6.0,289,149,19,16010,213,23364,166,0.8,3.8,Kamara,0
0,2001-08-16,0,0,True,True,0,0,0,0,0,449871,,,0,0,-1,1,0.0,571,242,0,0,,,0,3,0.0,0.0,0,0.00,0,0.00,0,0.00,0.00,0,0,Amadou,0.0,548,222,0,0,0,False,0.0,578,238,48,False,0.0,572,236,,0,Knee injury - Unknown return date,2026-07-23T12:01:23.352497Z,49,364,216,p449871,0,0,,0,,449871.jpg,0.0,588,246,False,0,,-11.6,"[{'offset': 0, 'projected_percent': '-11.6', 'likelihood': -1}, {'offset': 1, 'projected_percent': '-11.6', 'likelihood': -1}, {'offset': 2, 'projected_percent': '-11.6', 'likelihood': -1}]",0,0,21,False,0,0,https://www.avfc.co.uk/news/2026/september/18/prematch-team-news-for-spurs-showdown/,[],Onana,0.0,588,244,False,,0,0,i,0,2,7,2024-07-22,0.0,539,220,0,578,4,1730,9,0.0,0.0,Onana,0
0,2003-10-04,0,0,False,True,0,0,0,0,0,469247,,,0,0,0,0,0.0,604,260,0,0,,,0,3,0.0,0.0,0,0.00,0,0.00,0,0.00,0.00,0,0,Samuel,0.0,580,245,0,0,0,False,0.0,605,257,49,False,0.0,599,255,,0,Has joined Bolton Wanderers on loan for the rest of the season,2026-08-17T13:52:28.532616Z,50,284,173,p469247,0,0,,0,,469247.jpg,0.0,611,261,False,0,,0.0,"[{'offset': 0, 'projected_percent': '0.0', 'likelihood': 0}, {'offset': 1, 'projected_percent': '0.0', 'likelihood': 0}, {'offset': 2, 'projected_percent': '0.0', 'likelihood': 0}]",0,0,241,False,0,0,,[],Iling-Junior,0.0,661,294,False,,0,0,u,0,2,7,2024-07-01,0.0,581,246,0,0,0,238,0,0.0,0.0,Iling Jr,0
0,2008-03-04,0,0,True,True,,,0,0,0,645618,,,0,0,0,0,0.0,539,225,0,0,,,0,3,0.0,0.0,0,0.00,0,0.00,0,0.00,0.00,0,0,Bradley,0.0,512,199,0,0,0,False,0.0,548,220,50,False,0.0,543,219,,0,,,45,529,276,p645618,0,0,,0,,645618.jpg,0.0,562,230,False,-5,,-106.9,"[{'offset': 0, 'projected_percent': '-107.0', 'likelihood': -5}, {'offset': 1, 'projected_percent': '-108.6', 'likelihood': -5}, {'offset': 2, 'projected_percent': '-110.2', 'likelihood': -5}]",0,0,241,False,0,0,,[],Burrowes,0.5,245,78,False,,0,0,a,0,2,7,2025-01-09,0.0,500,198,0,21871,82,38100,284,0.0,0.0,Burrowes,0
0,2007-03-04,0,34,True,True,75,,1,0.3,3,577285,,,0,0,0,0,42.1,148,94,19,5.76,,,0,3,0.5,0.7,0,0.16,0.05,0.23,0.07,0.07,6.26,1.9,0.02,George,0.7,258,120,7,2.12,0,False,9.1,222,102,51,False,25.2,265,111,,297,Knee injury - 75% chance of playing,2026-10-10T18:00:10.386738Z,45,507,265,p577285,0,0,,0,,577285.jpg,1.8,251,109,False,-68,,10.9,"[{'offset': 0, 'projected_percent': '10.9', 'likelihood': 1}, {'offset': 1, 'projected_percent': '9.7', 'likelihood': 1}, {'offset': 2, 'projected_percent': '8.6', 'likelihood': 1}]",10,0,241,False,0,0.0,,[],Hemmings,1.1,171,53,False,,4,1.21,d,6,2,7,2025-08-05,25.0,166,89,9,118671,228,82602,1202,0.2,2.0,George Hemmings,0
0,2006-05-05,0,37,True,True,100,75,0,0.0,2,653481,,,0,0,0,0,4.9,305,156,8,7.91,,,0,3,2.3,1.7,1,0.00,0.0,0.06,0.06,0.06,2.55,2.52,0.06,Alysson Edward Franco,2.3,135,57,2,1.98,1,False,7.0,249,111,52,False,39.8,218,94,Alysson,91,,2026-09-19T11:30:09.355376Z,50,329,200,p653481,0,0,,0,,653481.jpg,1.8,257,113,False,-4,,-78.6,"[{'offset': 0, 'projected_percent': '-79.4', 'likelihood': -3}, {'offset': 1, 'projected_percent': '-93.4', 'likelihood': -3}, {'offset': 2, 'projected_percent': '-107.3', 'likelihood': -5}]",4,0,30,False,0,0.0,,[],da Rocha dos Santos,0.0,507,200,False,,0,0.0,a,2,2,7,2026-01-01,25.0,168,91,9,3383,12,4208,48,0.5,1.8,Alysson,1
2,2005-10-14,2,71,True,True,100,100,1,0.49,2,614071,,,0,0,-1,1,29.8,186,107,13,6.39,,,1,3,6.3,6.3,5,0.40,0.2,1.38,0.68,0.98,2.45,1.2,0.48,Johan,6.3,15,7,3,1.48,1,False,15.6,130,70,53,False,65.8,145,50,,183,,2026-08-15T15:30:06.388335Z,59,96,61,p614071,0,0,,0,,614071.jpg,6.3,20,8,False,146,,27.2,"[{'offset': 0, 'projected_percent': '27.3', 'likelihood': 2}, {'offset': 1, 'projected_percent': '29.7', 'likelihood': 2}, {'offset': 2, 'projected_percent': '32.1', 'likelihood': 2}]",9,0,207,False,0,0.0,,[],Manzambi,0.8,202,61,False,,2,0.98,a,2,2,7,2026-07-17,60.0,72,44,19,76784,3851,26248,455,1.1,3.2,Manzambi,0
0,2001-02-12,0,26,True,True,100,100,0,0.0,7,448089,,,0,0,0,0,24.8,199,113,23,9.67,,,0,3,2.0,2.0,2,0.04,0.02,0.04,0.02,0.00,5.05,2.12,0.0,Joao,2.0,158,69,8,3.36,0,False,4.8,296,134,54,False,23.6,273,115,João Gomes,214,,2026-09-16T19:30:08.742410Z,55,146,89,p448089,0,0,,0,,448089.jpg,1.3,294,135,False,-1,,0.2,"[{'offset': 0, 'projected_percent': '0.2', 'likelihood': 1}, {'offset': 1, 'projected_percent': '0.2', 'likelihood': 1}, {'offset': 2, 'projected_percent': '0.2', 'likelihood': 1}]",6,1,30,False,0,0.0,,[],Gomes,0.0,505,199,False,,3,1.26,a,10,2,7,2026-07-20,0.0,636,277,4,1678,36,4274,24,0.4,0.7,Gomes,0
0,1995-12-30,0,0,False,True,0,0,0,0,0,178301,,,0,0,-2,2,0.0,667,79,0,0,,,0,4,0.0,0.0,0,0.00,0,0.00,0,0.00,0.00,0,0,Ollie,0.0,663,78,0,0,0,False,0.0,667,79,55,False,0.0,667,79,,0,Has joined Al Hilal permanently,2026-09-01T13:15:16.698799Z,78,12,3,p178301,0,0,,0,,178301.jpg,0.0,667,79,False,-26,,0.0,"[{'offset': 0, 'projected_percent': '0.0', 'likelihood': 0}, {'offset': 1, 'projected_percent': '0.0', 'likelihood': 0}, {'offset': 2, 'projected_percent': '0.0', 'likelihood': 0}]",0,0,241,False,0,0,,[],Watkins,2.4,114,18,False,,0,0,u,0,2,7,2020-09-09,0.0,667,79,0,14882,0,767421,784,0.0,0.0,Watkins,0
0,1997-10-02,0,13,True,True,100,100,0,0.0,0,173879,,,0,0,0,0,6.2,294,38,2,2.54,,,0,4,0.7,0.7,0,0.00,0.0,0.00,0.0,0.00,2.69,3.41,0.0,Tammy,0.7,278,31,3,3.8,0,False,1.1,375,42,56,False,3.2,377,39,,71,,2026-08-15T16:00:07.558543Z,55,132,36,p173879,0,0,,0,,173879.jpg,1.0,392,44,False,3,,4.1,"[{'offset': 0, 'projected_percent': '4.1', 'likelihood': 1}, {'offset': 1, 'projected_percent': '4.1', 'likelihood': 1}, {'offset': 2, 'projected_percent': '4.2', 'likelihood': 1}]",1,0,241,False,0,0.0,,[],Abraham,0.2,335,53,False,,0,0.0,a,1,2,7,2026-01-27,2.0,333,43,4,17782,255,14501,223,0.1,0.7,Abraham,0
0,2004-07-01,0,9,True,True,,,0,0.0,0,493105,,,0,0,-2,2,3.6,320,162,2,5.81,,,0,3,0.0,0.0,0,0.00,0.0,0.00,0.0,0.00,0.49,1.42,0.0,Alejandro,0.0,642,285,0,0.0,0,False,0.5,388,182,160,False,1.2,396,185,,31,,,58,107,68,p493105,0,0,,0,,493105.jpg,1.0,399,189,False,-4,,-95.4,"[{'offset': 0, 'projected_percent': '-95.5', 'likelihood': -4}, {'offset': 1, 'projected_percent': '-97.8', 'likelihood': -4}, {'offset': 2, 'projected_percent': '-100.2', 'likelihood': -5}]",2,0,10,False,0,0.0,,"[{'property': 'loan_ineligible', 'notes': 'This player will not be available to face their parent club in Gameweek 27 as part of their loan conditions.', 'gameweek': 27, 'url': None}, {'property': 'loan_ineligible', 'notes': 'This player will not be available to face their parent club in Gameweek 16 as part of their loan conditions.', 'gameweek': 16, 'url': None}]",Garnacho Ferreyra,0.3,293,100,False,,0,0.0,a,0,2,7,2026-07-23,0.0,646,286,3,7972,82,42906,219,0.0,0.5,Garnacho,0
0,2001-06-20,4,88,True,True,,,1,0.24,1,517052,,,0,0,0,0,36.8,165,18,11,2.63,,,1,4,5.0,5.0,9,0.73,0.17,1.83,0.43,1.10,3.81,0.91,0.26,Nicolas,5.0,43,5,4,0.96,2,False,15.4,136,18,166,False,42.8,210,17,,376,,,65,42,11,p517052,0,0,2,0,,517052.jpg,3.8,106,12,False,556,,92.9,"[{'offset': 0, 'projected_percent': '93.5', 'likelihood': 3}, {'offset': 1, 'projected_percent': '102.6', 'likelihood': 5}, {'offset': 2, 'projected_percent': '111.8', 'likelihood': 5}]",8,0,189,False,0,0.0,,[],Jackson,2.1,125,21,False,,5,1.2,a,2,2,7,2026-08-28,76.0,53,17,19,257121,13529,97486,1079,0.8,2.9,N.Jackson,2
0,2009-01-12,0,0,True,True,75,75,0,0,0,690838,,,0,0,-1,1,0.0,639,75,0,0,,,0,4,0.0,0.0,0,0.00,0,0.00,0,0.00,0.00,0,0,Brian,0.0,628,69,0,0,0,False,0.0,641,75,582,False,0.0,636,71,,0,Unspecified injury - 75% chance of playing,2026-08-15T16:00:07.974271Z,54,204,47,p690838,0,0,,0,,690838.jpg,0.0,643,75,False,0,2026-10-17T16:00:08.716774Z,-0.1,"[{'offset': 0, 'projected_percent': '-0.1', 'likelihood': -1}, {'offset': 1, 'projected_percent': '-0.1', 'likelihood': -1}, {'offset': 2, 'projected_percent': '-0.1', 'likelihood': -1}]",0,0,241,False,0,0,https://www.avfc.co.uk/news/2026/september/18/prematch-team-news-for-spurs-showdown/,[],Madjo,0.2,339,54,False,,0,0,d,0,2,7,2026-01-12,0.0,626,72,0,3866,85,32307,108,0.0,0.0,Madjo,0
0,2002-07-11,0,18,True,True,75,,0,0.0,20,487992,,,0,0,0,0,14.1,249,89,22,12.53,,,0,2,1.0,1.3,1,0.02,0.01,0.05,0.03,0.03,2.48,1.41,0.02,Matteo,1.3,201,69,3,1.71,0,False,4.1,303,113,596,False,26.0,262,107,,158,Hamstring injury - 75% chance of playing,2026-10-10T18:00:10.750593Z,45,480,117,p487992,0,0,,0,,487992.jpg,1.5,274,98,False,-4,,-9.1,"[{'offset': 0, 'projected_percent': '-9.4', 'likelihood': -1}, {'offset': 1, 'projected_percent': '-13.2', 'likelihood': -1}, {'offset': 2, 'projected_percent': '-17.0', 'likelihood': -1}]",12,0,106,False,0,0.0,,[],Ruggeri,0.1,419,154,False,,2,1.14,d,2,2,7,2026-08-19,1.0,336,126,6,4671,23,6187,70,0.3,1.3,Ruggeri,0
0,2002-08-21,3,90,True,True,,,1,0.2,13,433969,,,0,0,0,0,0.0,601,68,0,0.0,,,1,1,2.0,2.0,2,0.01,0.0,0.01,0.0,0.00,6.51,1.3,0.0,Zion,2.0,150,15,7,1.4,0,False,11.6,188,10,597,False,115.6,50,9,,450,,,50,274,11,p433969,0,0,,0,,433969.jpg,3.6,110,10,False,-20,,34.1,"[{'offset': 0, 'projected_percent': '34.0', 'likelihood': 2}, {'offset': 1, 'projected_percent': '33.7', 'likelihood': 2}, {'offset': 2, 'projected_percent': '33.4', 'likelihood': 2}]",51,0,108,False,18,3.6,,[],Suzuki,1.9,127,19,False,,5,1.0,a,0,2,7,2026-08-19,0.0,578,67,18,162779,463,71127,898,0.4,3.6,Suzuki,0
0,2006-10-02,0,0,True,True,,,0,0,0,569577,,,0,0,0,0,0.0,443,168,0,0,,,0,2,0.0,0.0,0,0.00,0,0.00,0,0.00,0.00,0,0,Triston,0.0,411,155,0,0,0,False,0.0,457,169,606,False,0.0,452,169,,0,,,40,644,195,p569577,0,0,,0,,569577.jpg,0.0,475,174,False,-1,,0.1,"[{'offset': 0, 'projected_percent': '0.1', 'likelihood': 1}, {'offset': 1, 'projected_percent': '0.1', 'likelihood': 1}, {'offset': 2, 'projected_percent': '0.1', 'likelihood': 1}]",0,0,241,False,0,0,,[],Rowe,0.2,363,137,False,,0,0,a,0,2,7,2026-07-01,0.0,388,154,0,13245,30,6506,61,0.0,0.0,Rowe,0
0,2007-01-11,0,0,False,True,0,0,0,0,0,571380,,,0,0,0,0,0.0,522,216,0,0,,,0,3,0.0,0.0,0,0.00,0,0.00,0,0.00,0.00,0,0,Luka,0.0,493,190,0,0,0,False,0.0,531,211,607,False,0.0,526,210,,0,Has joined Oxford United on loan until January,2026-09-04T12:35:39.820426Z,45,503,264,p571380,0,0,,0,,571380.jpg,0.0,544,221,False,-2,,0.0,"[{'offset': 0, 'projected_percent': '0.0', 'likelihood': 0}, {'offset': 1, 'projected_percent': '0.0', 'likelihood': 0}, {'offset': 2, 'projected_percent': '0.0', 'likelihood': 0}]",0,0,241,False,0,0,,[],Lynch,0.1,477,186,False,,0,0,u,0,2,7,2026-07-01,0.0,480,188,0,7103,0,8392,39,0.0,0.0,Lynch,0
0,1997-11-26,0,27,True,True,,,0,0.0,15,214590,,,0,0,0,0,16.4,232,80,26,11.88,,,0,2,1.7,1.7,1,0.08,0.04,0.08,0.04,0.00,3.91,1.79,0.0,Aaron,1.7,171,63,3,1.37,0,False,5.9,273,103,611,False,42.8,209,85,,197,,,45,450,97,p214590,0,0,,0,,214590.jpg,1.4,283,101,False,0,,2.6,"[{'offset': 0, 'projected_percent': '2.6', 'likelihood': 1}, {'offset': 1, 'projected_percent': '2.6', 'likelihood': 1}, {'offset': 2, 'projected_percent': '2.6', 'likelihood': 1}]",2,0,50,False,0,0.0,,[],Wan-Bissaka,0.2,312,117,False,,2,0.91,a,11,2,7,2026-08-21,0.0,440,175,7,20107,125,8890,146,0.4,1.6,Wan-Bissaka,0
0,1995-02-06,0,0,True,True,0,0,0,0,0,119090,,,0,0,-1,1,0.0,655,290,0,0,,,0,3,0.0,0.0,0,0.00,0,0.00,0,0.00,0.00,0,0,Leon,0.0,645,287,0,0,0,False,0.0,655,290,618,False,0.0,650,289,,0,Knee injury - Expected back 17 Oct,2026-09-09T09:30:08.229436Z,59,80,53,p119090,0,0,,0,,119090.jpg,0.0,655,290,False,0,,-58.3,"[{'offset': 0, 'projected_percent': '-58.3', 'likelihood': -3}, {'offset': 1, 'projected_percent': '-58.3', 'likelihood': -3}, {'offset': 2, 'projected_percent': '-58.3', 'likelihood': -3}]",0,0,80,False,0,0,https://www.avfc.co.uk/news/2026/september/18/prematch-team-news-for-spurs-showdown/,[],Goretzka,0.0,558,230,False,,0,0,i,0,2,7,2026-08-27,0.0,648,288,0,4670,5,4889,23,0.0,0.0,Goretzka,0
0,2002-01-30,0,0,True,True,,,0,0,0,245719,,,0,0,0,0,0.0,498,191,0,0,,,0,2,0.0,0.0,0,0.00,0,0.00,0,0.00,0.00,0,0,Taylor,0.0,468,182,0,0,0,False,0.0,507,192,630,False,0.0,502,192,,0,,,45,466,109,p245719,0,0,,0,,245719.jpg,0.0,522,194,False,2,,0.0,"[{'offset': 0, 'projected_percent': '0.0', 'likelihood': 0}, {'offset': 1, 'projected_percent': '0.1', 'likelihood': 1}, {'offset': 2, 'projected_percent': '0.1', 'likelihood': 1}]",0,0,241,False,0,0,,[],Harwood-Bellis,0.0,575,196,False,,0,0,a,0,2,7,2026-09-01,0.0,449,181,0,2370,7,1152,19,0.0,0.0,Harwood-Bellis,0
0,2008-01-24,0,14,True,True,,,0,0.0,1,638987,,,0,0,0,0,15.2,238,128,5,7.63,,,0,3,1.0,1.0,1,0.20,0.31,0.26,0.4,0.06,2.04,3.11,0.09,Ibrahim,1.0,246,116,4,6.1,0,False,4.3,301,136,631,False,9.0,332,152,,59,,,60,76,50,p638987,0,0,,0,,638987.jpg,1.0,401,190,False,5,,0.4,"[{'offset': 0, 'projected_percent': '0.4', 'likelihood': 1}, {'offset': 1, 'projected_percent': '0.5', 'likelihood': 1}, {'offset': 2, 'projected_percent': '0.5', 'likelihood': 1}]",2,0,189,False,0,0.0,,[],Mbaye,0.1,453,173,False,,0,0.0,a,2,2,7,2026-09-01,19.0,197,108,3,11406,155,5830,154,0.2,0.5,Mbaye,0
0,2004-12-02,0,0,True,True,,,0,0,0,481283,,,0,0,0,0,0.0,429,26,0,0,,,0,1,0.0,0.0,0,0.00,0,0.00,0,0.00,0.00,0,0,James,0.0,394,42,0,0,0,False,0.0,443,45,667,False,0.0,438,45,,0,,,40,626,69,p481283,0,0,,0,,481283.jpg,0.0,461,45,False,8,,1.6,"[{'offset': 0, 'projected_percent': '1.6', 'likelihood': 1}, {'offset': 1, 'projected_percent': '1.8', 'likelihood': 1}, {'offset': 2, 'projected_percent': '1.9', 'likelihood': 1}]",0,0,241,False,0,0,,[],Wright,0.2,332,40,False,,0,0,a,0,2,7,2023-03-31,0.0,373,21,0,18614,787,3036,112,0.0,0.0,Wright,0
0,1999-10-08,0,37,True,True,,,0,0.0,7,457569,,,0,0,0,0,0.0,502,51,0,0.0,,,0,1,1.0,1.0,0,0.00,0.0,0.00,0.0,0.00,8.05,1.34,0.0,Đorđe,1.0,224,19,13,2.17,0,False,9.2,219,18,57,False,92.2,92,17,,540,,,45,474,37,p457569,0,0,,0,,457569.jpg,1.5,273,23,False,-50,,-3.5,"[{'offset': 0, 'projected_percent': '-3.7', 'likelihood': -1}, {'offset': 1, 'projected_percent': '-6.7', 'likelihood': -1}, {'offset': 2, 'projected_percent': '-9.6', 'likelihood': -1}]",50,0,190,False,12,2.0,,[],Petrović,2.9,107,17,False,,6,1.0,a,0,3,91,2025-07-16,0.0,456,46,9,122333,229,140454,973,0.2,2.0,Petrović,0
0,1988-03-17,0,0,True,True,,,0,0,0,40383,,,0,0,0,0,0.0,400,7,0,0,,,0,1,0.0,0.0,0,0.00,0,0.00,0,0.00,0.00,0,0,Fraser,0.0,364,23,0,0,0,False,0.0,416,26,58,False,0.0,412,26,,0,,,40,588,50,p40383,0,0,,0,,40383.jpg,0.0,435,26,False,6,,5.0,"[{'offset': 0, 'projected_percent': '5.0', 'likelihood': 1}, {'offset': 1, 'projected_percent': '5.1', 'likelihood': 1}, {'offset': 2, 'projected_percent': '5.2', 'likelihood': 1}]",0,0,241,False,0,0,,[],Forster,3.5,98,16,False,,0,0,a,0,3,91,2026-01-02,0.0,344,2,0,130276,659,88623,508,0.0,0.0,Forster,0
0,2000-07-10,0,0,False,True,0,0,0,0,0,444172,,,0,0,0,0,0.0,424,23,0,0,,,0,1,0.0,0.0,0,0.00,0,0.00,0,0.00,0.00,0,0,Will,0.0,388,39,0,0,0,False,0.0,438,42,59,False,0.0,433,42,,0,Has joined MK Dons permanently,2026-08-27T14:53:48.692835Z,40,618,66,p444172,0,0,,0,,444172.jpg,0.0,456,42,False,-3,,0.0,"[{'offset': 0, 'projected_percent': '0.0', 'likelihood': 0}, {'offset': 1, 'projected_percent': '0.0', 'likelihood': 0}, {'offset': 2, 'projected_percent': '0.0', 'likelihood': 0}]",0,0,241,False,0,0,,[],Dennis,0.1,399,46,False,,0,0,u,0,3,91,2019-08-01,0.0,368,18,0,1133,0,8194,30,0.0,0.0,Dennis,0
0,2002-01-10,0,37,True,True,,,0,0.0,48,463981,,,0,0,0,0,69.3,75,14,61,10.17,,,0,2,2.7,2.7,2,0.81,0.14,0.81,0.14,0.00,8.05,1.34,0.0,James,2.7,115,44,13,2.17,0,False,19.5,92,29,60,False,119.6,44,19,,540,,,55,148,15,p463981,0,0,,0,,463981.jpg,2.3,207,81,False,1,,-26.3,"[{'offset': 0, 'projected_percent': '-26.2', 'likelihood': -2}, {'offset': 1, 'projected_percent': '-26.1', 'likelihood': -2}, {'offset': 2, 'projected_percent': '-25.9', 'likelihood': -2}]",16,0,241,False,0,0.0,,[],Hill,0.8,207,80,False,,6,1.0,a,13,3,91,2022-01-05,6.0,291,104,14,35160,328,47376,452,0.5,2.5,Hill,1
0,2001-11-20,2,51,True,True,,,0,0.0,32,494521,,,0,0,-1,1,70.5,73,13,53,8.95,,,0,2,1.3,1.3,-1,0.58,0.1,0.69,0.12,0.11,8.05,1.36,0.02,Adrien,1.3,214,75,13,2.2,0,False,21.5,78,19,61,False,104.6,69,31,,533,,,54,192,25,p494521,0,0,,0,,494521.jpg,1.5,280,99,False,-92,,-6.2,"[{'offset': 0, 'projected_percent': '-6.5', 'likelihood': -1}, {'offset': 1, 'projected_percent': '-12.0', 'likelihood': -1}, {'offset': 2, 'projected_percent': '-17.4', 'likelihood': -1}]",26,0,73,False,0,0.0,,[],Truffert,2.9,106,40,False,,6,1.01,a,21,3,91,2025-06-16,39.0,127,35,9,62998,436,176940,2355,0.2,1.7,Truffert,2
0,2001-01-06,0,0,True,True,,,0,0,0,242882,,,0,0,-1,1,0.0,567,206,0,0,,,0,2,0.0,0.0,0,0.00,0,0.00,0,0.00,0.00,0,0,Bafodé,0.0,543,201,0,0,0,False,0.0,574,207,62,False,0.0,569,207,,0,,,49,355,63,p242882,0,0,,0,,242882.jpg,0.0,585,208,False,-6,,-5.2,"[{'offset': 0, 'projected_percent': '-5.6', 'likelihood': -1}, {'offset': 1, 'projected_percent': '-12.3', 'likelihood': -1}, {'offset': 2, 'projected_percent': '-19.1', 'likelihood': -1}]",0,0,73,False,0,0,,[],Diakité,0.2,369,141,False,,0,0,a,0,3,91,2025-08-13,0.0,534,203,0,7417,40,12559,71,0.0,0.0,Diakité,0
0,2007-06-28,0,0,True,True,0,0,0,0,0,620487,,,0,0,-1,1,0.0,584,208,0,0,,,0,2,0.0,0.0,0,0.00,0,0.00,0,0.00,0.00,0,0,Veljko,0.0,565,204,0,0,0,False,0.0,590,209,63,False,0.0,584,209,,0,Thigh injury - Unknown return date,2026-08-06T10:00:10.456051Z,49,393,71,p620487,0,0,,0,,620487.jpg,0.0,597,210,False,0,,-9.0,"[{'offset': 0, 'projected_percent': '-9.0', 'likelihood': -1}, {'offset': 1, 'projected_percent': '-9.0', 'likelihood': -1}, {'offset': 2, 'projected_percent': '-9.0', 'likelihood': -1}]",0,0,190,False,0,0,https://www.afcb.co.uk/news/2026/september/10/injury-news--updates-on-/,[],Milosavljevic,0.0,623,211,False,,0,0,i,0,3,91,2025-09-01,0.0,557,205,0,384,4,911,6,0.0,0.0,Milosavljević,0
0,1991-04-29,0,0,True,True,,,0,0.0,18,54469,,,0,0,0,0,44.4,140,38,23,4.1,,,0,2,0.7,0.7,0,0.14,0.02,0.15,0.02,0.01,7.80,1.39,0.0,Adam,0.7,256,90,13,2.32,0,False,9.1,221,80,64,False,43.6,205,81,,505,,,45,428,84,p54469,0,0,,0,,54469.jpg,0.7,418,146,False,0,,0.3,"[{'offset': 0, 'projected_percent': '0.3', 'likelihood': 1}, {'offset': 1, 'projected_percent': '0.3', 'likelihood': 1}, {'offset': 2, 'projected_percent': '0.3', 'likelihood': 1}]",16,0,241,False,0,0.0,,[],Smith,0.1,391,147,False,,6,1.07,a,5,3,91,2014-01-28,4.0,304,109,4,7886,35,8000,66,0.2,0.9,Smith,3
0,2001-08-13,0,0,True,True,0,0,0,0,0,436893,,,0,0,-1,1,0.0,465,182,0,0,,,0,2,0.0,0.0,0,0.00,0,0.00,0,0.00,0.00,0,0,Julián,0.0,436,173,0,0,0,False,0.0,478,183,65,False,0.0,473,183,,0,Thigh injury - Unknown return date,2026-08-09T08:00:05.645826Z,44,556,145,p436893,0,0,,0,,436893.jpg,0.0,494,186,False,0,,-18.0,"[{'offset': 0, 'projected_percent': '-18.0', 'likelihood': -1}, {'offset': 1, 'projected_percent': '-18.0', 'likelihood': -1}, {'offset': 2, 'projected_percent': '-18.0', 'likelihood': -1}]",0,0,139,False,0,0,https://www.afcb.co.uk/news/2026/september/10/injury-news--updates-on-/,[],Araujo Zúñiga,0.0,603,203,False,,0,0,i,0,3,91,2024-08-13,0.0,415,171,0,467,0,1364,5,0.0,0.0,J.Araujo,0
0,2005-02-16,0,4,True,True,100,100,0,0.0,0,575901,,,0,0,0,0,0.0,444,169,1,15.0,,,0,2,0.3,0.3,1,0.00,0.0,0.00,0.0,0.00,0.00,0.0,0.0,Julio,0.3,295,101,0,0.0,0,False,0.0,458,170,66,False,0.0,453,170,,6,,2026-08-15T16:30:07.021055Z,40,646,197,p575901,0,0,,0,,575901.jpg,1.0,315,115,False,-5,,1.5,"[{'offset': 0, 'projected_percent': '1.5', 'likelihood': 1}, {'offset': 1, 'projected_percent': '1.4', 'likelihood': 1}, {'offset': 2, 'projected_percent': '1.3', 'likelihood': 1}]",2,0,10,False,0,0.0,,[],Soler Barreto,0.3,304,113,False,,0,0.0,a,1,3,91,2025-01-07,0.0,389,155,1,14452,67,11911,96,0.1,0.2,Soler,0
0,2006-08-03,0,53,True,True,,,0,0.0,8,499604,,,0,0,-2,2,50.4,118,79,18,3.09,,,0,3,2.0,2.0,2,0.46,0.08,1.60,0.28,1.14,7.45,1.28,0.2,Rayan Vitor,2.0,166,74,12,2.06,0,False,18.0,108,58,67,False,30.4,254,104,Rayan,524,,,63,50,34,p499604,0,0,,0,,499604.jpg,2.0,245,107,False,2,,-6.1,"[{'offset': 0, 'projected_percent': '-6.1', 'likelihood': -1}, {'offset': 1, 'projected_percent': '-5.9', 'likelihood': -1}, {'offset': 2, 'projected_percent': '-5.8', 'likelihood': -1}]",4,0,30,False,0,0.0,,[],Simplício Rocha,1.5,140,42,False,,6,1.03,a,6,3,91,2026-01-27,99.0,38,21,12,60332,929,180440,961,0.3,1.9,Rayan,0
0,1999-03-22,8,158,True,True,,,0,0.0,6,201658,1,,0,0,1,-1,146.1,18,17,47,8.53,1,,1,3,3.7,3.7,1,0.96,0.17,2.66,0.48,1.70,7.64,1.39,0.31,Marcus,3.7,80,30,13,2.36,3,False,45.5,6,5,68,False,161.8,8,5,,496,,,61,61,42,p201658,0,0,3,0,,201658.jpg,5.3,45,20,False,45,,50.7,"[{'offset': 0, 'projected_percent': '50.7', 'likelihood': 3}, {'offset': 1, 'projected_percent': '51.4', 'likelihood': 3}, {'offset': 2, 'projected_percent': '52.2', 'likelihood': 3}]",29,0,241,False,0,0.0,,[],Tavernier,7.3,54,18,False,,6,1.09,a,12,3,91,2022-08-01,147.0,11,6,32,813431,7895,284238,6669,0.6,5.2,Tavernier,3
2,2003-08-21,5,129,True,True,0,0,1,0.2,15,503139,2,,0,0,1,-1,146.4,17,16,60,12.11,4,,1,3,0.0,0.0,0,0.42,0.08,1.06,0.21,0.64,6.82,1.38,0.13,Alex,2.0,164,73,7,1.41,1,False,30.5,32,23,69,False,102.8,76,23,,446,Thigh injury - Unknown return date,2026-10-05T09:30:09.910752Z,61,64,45,p503139,0,0,,0,,503139.jpg,6.0,30,13,False,-868,,-94.7,"[{'offset': 0, 'projected_percent': '-95.5', 'likelihood': -4}, {'offset': 1, 'projected_percent': '-108.4', 'likelihood': -5}, {'offset': 2, 'projected_percent': '-121.4', 'likelihood': -5}]",36,0,241,False,0,0.0,,[],Scott,4.1,83,27,False,,5,1.01,i,9,3,91,2023-08-10,56.0,84,50,30,550843,75,390846,22867,0.3,4.9,Scott,1
0,1999-05-05,1,64,True,True,0,0,2,0.61,2,222683,3,,0,0,-1,1,46.5,134,86,22,6.73,2,,0,3,0.0,0.0,0,0.08,0.02,1.07,0.32,0.99,4.48,1.37,0.3,Justin,2.7,119,48,3,0.92,1,False,22.5,67,42,70,False,62.2,159,61,,294,Unspecified injury - Unknown return date,2026-09-20T15:30:09.074071Z,59,84,55,p222683,0,0,2,0,,222683.jpg,3.8,105,42,False,-72,,-14.2,"[{'offset': 0, 'projected_percent': '-14.6', 'likelihood': -1}, {'offset': 1, 'projected_percent': '-21.4', 'likelihood': -2}, {'offset': 2, 'projected_percent': '-28.2', 'likelihood': -2}]",16,0,152,False,0,0.0,,[],Kluivert,0.7,220,69,False,,4,1.22,i,4,3,91,2023-07-01,120.0,22,12,15,52770,6,106448,2245,0.5,2.5,Kluivert,1
0,1997-02-03,0,28,True,True,,,2,0.91,9,155408,,,0,0,0,0,15.8,234,126,18,8.22,,,0,3,0.7,0.7,1,0.01,0.0,0.01,0.0,0.00,4.20,1.92,0.0,Lewis,0.7,268,125,1,0.46,0,False,2.8,327,153,71,False,11.8,312,138,,197,,,50,249,155,p155408,0,0,,0,,155408.jpg,1.5,275,122,False,-5,,-37.2,"[{'offset': 0, 'projected_percent': '-37.5', 'likelihood': -2}, {'offset': 1, 'projected_percent': '-42.4', 'likelihood': -3}, {'offset': 2, 'projected_percent': '-47.4', 'likelihood': -3}]",8,0,241,False,0,0.0,,[],Cook,0.2,361,131,False,,2,0.91,a,1,3,91,2016-07-08,0.0,567,241,9,13328,25,14977,110,0.1,1.8,Cook,1
0,2005-11-11,0,25,True,True,,,0,0.0,0,496208,,,0,0,-1,1,2.9,324,164,12,18.95,,,0,3,1.0,1.0,1,0.10,0.16,0.22,0.35,0.12,1.26,1.99,0.19,Ben,1.0,230,105,4,6.32,0,False,2.3,341,161,72,False,4.0,370,174,,57,,,49,373,221,p496208,0,0,,0,,496208.jpg,1.0,353,156,False,0,,-95.5,"[{'offset': 0, 'projected_percent': '-95.5', 'likelihood': -4}, {'offset': 1, 'projected_percent': '-95.5', 'likelihood': -4}, {'offset': 2, 'projected_percent': '-95.5', 'likelihood': -4}]",9,0,243,False,0,0.0,,[],Gannon-Doak,0.1,488,191,False,,0,0.0,a,3,3,91,2025-08-18,16.0,210,115,5,1768,26,5049,35,0.2,1.0,Gannon-Doak,0
0,1999-02-14,0,58,True,True,100,100,0,0.0,15,200785,,,0,0,0,0,32.2,180,105,47,11.46,,,0,3,2.3,2.3,1,0.09,0.02,0.12,0.03,0.03,3.84,0.94,0.01,Tyler,2.3,131,53,12,2.93,0,False,8.5,228,105,73,False,45.8,202,87,,369,,2026-08-15T16:30:07.029928Z,50,255,159,p200785,0,0,,0,,200785.jpg,2.2,220,96,False,0,,1.8,"[{'offset': 0, 'projected_percent': '1.8', 'likelihood': 1}, {'offset': 1, 'projected_percent': '1.8', 'likelihood': 1}, {'offset': 2, 'projected_percent': '1.8', 'likelihood': 1}]",25,0,229,False,0,0.0,,[],Adams,0.3,302,104,False,,4,0.98,a,7,3,91,2023-08-20,7.0,280,144,13,19736,188,17926,169,0.5,2.6,Adams,1
0,1997-07-08,0,13,True,True,100,100,0,0.0,2,111317,4,,0,0,0,0,23.6,205,116,8,8.0,3,,0,3,0.7,0.7,1,0.08,0.08,0.08,0.08,0.00,1.18,1.18,0.0,David,0.7,265,124,4,4.0,0,False,3.5,315,143,74,False,9.2,328,149,,90,,2026-08-15T16:30:07.037929Z,50,244,152,p111317,0,0,,0,,111317.jpg,0.8,411,196,False,0,,-27.0,"[{'offset': 0, 'projected_percent': '-27.0', 'likelihood': -2}, {'offset': 1, 'projected_percent': '-27.0', 'likelihood': -2}, {'offset': 2, 'projected_percent': '-27.0', 'likelihood': -2}]",5,0,244,False,0,0.0,,[],Brooks,0.1,495,194,False,,1,1.0,a,1,3,91,2018-07-01,2.0,326,162,4,3594,29,4113,35,0.1,0.8,Brooks,1
0,1995-02-22,0,36,True,True,100,100,0,0.0,5,158499,,,0,0,0,0,17.1,229,125,27,13.97,,,0,3,2.0,2.0,3,0.53,0.27,1.06,0.54,0.53,2.74,1.42,0.27,Ryan,2.0,147,65,7,3.62,0,False,5.2,286,128,75,False,9.4,327,148,,174,,2026-07-24T17:30:10.035483Z,50,250,156,p158499,0,0,,0,,158499.jpg,1.6,269,120,False,0,,0.7,"[{'offset': 0, 'projected_percent': '0.7', 'likelihood': 1}, {'offset': 1, 'projected_percent': '0.7', 'likelihood': 1}, {'offset': 2, 'projected_percent': '0.7', 'likelihood': 1}]",20,0,243,False,0,0.0,,[],Christie,0.0,516,206,False,,2,1.03,a,2,3,91,2021-08-31,31.0,151,79,8,4235,69,2469,36,0.4,1.6,Christie,1
0,2005-10-23,0,8,True,True,,,0,0.0,0,614574,,,0,0,-1,1,0.7,365,182,2,10.59,,,0,3,0.3,0.3,0,0.00,0.0,0.00,0.0,0.00,0.56,2.96,0.0,Alex,0.3,320,146,2,10.59,0,False,0.3,396,185,76,False,3.0,379,176,Alex Tóth,17,,,49,392,237,p614574,0,0,,0,,614574.jpg,1.0,359,162,False,0,,-24.3,"[{'offset': 0, 'projected_percent': '-24.3', 'likelihood': -2}, {'offset': 1, 'projected_percent': '-24.3', 'likelihood': -2}, {'offset': 2, 'projected_percent': '-24.3', 'likelihood': -2}]",1,0,98,False,0,0.0,,[],Tóth,0.0,594,247,False,,0,0.0,a,1,3,91,2026-01-20,0.0,556,234,2,407,1,836,8,0.1,0.4,Tóth.A,0
0,2000-05-10,0,0,True,True,0,0,0,0,0,489888,,,0,0,-1,1,0.0,575,245,0,0,,,0,3,0.0,0.0,0,0.00,0,0.00,0,0.00,0.00,0,0,Amine,0.0,552,225,0,0,0,False,0.0,581,241,77,False,0.0,575,239,,0,Calf injury - Unknown return date,2026-08-15T16:00:07.590566Z,49,372,220,p489888,0,0,,0,,489888.jpg,0.0,591,249,False,0,,-96.1,"[{'offset': 0, 'projected_percent': '-96.1', 'likelihood': -4}, {'offset': 1, 'projected_percent': '-96.1', 'likelihood': -4}, {'offset': 2, 'projected_percent': '-96.1', 'likelihood': -4}]",0,0,145,False,0,0,https://www.afcb.co.uk/news/2026/september/10/injury-news--updates-on-/,[],Adli,0.0,596,249,False,,0,0,i,0,3,91,2025-08-21,0.0,543,223,0,322,4,2271,6,0.0,0.0,Adli,0
0,2006-06-23,0,0,True,True,0,0,0,0,0,560262,,,0,0,-1,1,0.0,666,298,0,0,,,0,3,0.0,0.0,0,0.00,0,0.00,0,0.00,0.00,0,0,Junior,0.0,662,297,0,0,0,False,0.0,666,298,78,False,0.0,666,298,,0,Foot injury - Expected back 7 Nov,2026-07-29T17:30:09.796802Z,74,21,13,p560262,0,0,1,0,,560262.jpg,0.0,666,298,False,0,,-90.0,"[{'offset': 0, 'projected_percent': '-90.0', 'likelihood': -3}, {'offset': 1, 'projected_percent': '-90.0', 'likelihood': -3}, {'offset': 2, 'projected_percent': '-90.0', 'likelihood': -3}]",0,0,73,False,0,0,https://www.afcb.co.uk/news/2026/september/10/injury-news--updates-on-/,[],Kroupi,0.2,350,124,False,,0,0,i,0,3,91,2025-02-02,0.0,666,298,0,1375,16,27887,71,0.0,0.0,Kroupi.Jr,0
3,1999-10-06,1,107,True,True,,,2,0.35,13,444102,,,0,0,0,0,82.6,57,2,35,6.13,,,0,4,4.7,4.7,7,0.62,0.11,2.10,0.37,1.48,7.55,1.32,0.26,Francisco Evanilson,4.7,56,8,10,1.75,1,False,25.2,53,10,79,False,71.4,130,10,Evanilson,514,,,60,71,17,p444102,0,0,,0,,444102.jpg,4.2,84,7,False,305,,65.5,"[{'offset': 0, 'projected_percent': '65.8', 'likelihood': 3}, {'offset': 1, 'projected_percent': '70.9', 'likelihood': 3}, {'offset': 2, 'projected_percent': '75.9', 'likelihood': 3}]",18,0,30,False,0,0.0,,[],de Lima Barbosa,3.3,102,16,False,,6,1.05,a,4,3,91,2024-08-16,99.0,37,15,25,288877,6573,198074,1726,0.8,4.2,Evanilson,1
0,1997-05-10,0,0,False,True,0,0,0,0,0,168636,,,0,0,0,0,0.0,642,76,0,0,,,0,4,0.0,0.0,0,0.00,0,0.00,0,0.00,0.00,0,0,Enes,0.0,629,70,0,0,0,False,0.0,642,76,80,False,0.0,637,72,,0,Has joined Getafe permanently,2026-08-14T14:14:21.881112Z,55,129,34,p168636,0,0,,0,,168636.jpg,0.0,644,76,False,0,,0.0,"[{'offset': 0, 'projected_percent': '0.0', 'likelihood': 0}, {'offset': 1, 'projected_percent': '0.0', 'likelihood': 0}, {'offset': 2, 'projected_percent': '0.0', 'likelihood': 0}]",0,0,219,False,0,0,,[],Ünal,0.0,590,76,False,,0,0,u,0,3,91,2024-07-01,0.0,629,73,0,0,0,2016,6,0.0,0.0,Enes Ünal,0
0,2004-07-14,0,10,True,True,100,100,0,0.0,1,561245,,,0,0,0,0,0.5,374,46,4,12.86,,,0,4,0.7,0.7,1,0.03,0.1,0.05,0.16,0.02,0.18,0.58,0.06,Álvaro,0.7,283,33,1,3.21,0,False,0.1,408,48,81,False,0.0,658,76,,28,,2026-08-15T16:30:07.054142Z,60,73,18,p561245,0,0,,0,,561245.jpg,1.0,400,46,False,2,,-15.1,"[{'offset': 0, 'projected_percent': '-14.9', 'likelihood': -1}, {'offset': 1, 'projected_percent': '-11.7', 'likelihood': -1}, {'offset': 2, 'projected_percent': '-8.6', 'likelihood': -1}]",3,0,230,False,0,0.0,,[],Rodríguez,0.1,383,59,False,,0,0.0,a,0,3,91,2026-07-14,0.0,655,76,3,6279,90,7289,70,0.1,0.5,Rodríguez,0
0,2003-10-30,0,18,True,True,,,0,0.0,54,483067,,,0,0,0,0,10.1,280,101,61,10.17,,,0,2,2.0,2.0,0,0.32,0.05,1.62,0.27,1.30,8.05,1.34,0.22,António João,2.0,152,57,13,2.17,0,False,17.7,111,36,566,False,124.6,37,16,António Silva,540,,,50,287,46,p483067,0,0,,0,,483067.jpg,2.2,221,86,False,-8,,3.0,"[{'offset': 0, 'projected_percent': '3.0', 'likelihood': 1}, {'offset': 1, 'projected_percent': '2.9', 'likelihood': 1}, {'offset': 2, 'projected_percent': '2.8', 'likelihood': 1}]",21,0,173,False,0,0.0,,[],Pereira de Albuquerque Tavares da Silva,0.6,238,93,False,,6,1.0,a,7,3,91,2026-08-01,43.0,111,26,13,62332,248,37175,310,0.4,2.6,Silva,2
0,2003-08-15,0,4,True,True,,,0,0.0,0,494928,,,0,0,-1,1,0.0,468,183,1,5.0,,,0,2,0.3,0.3,1,0.00,0.0,0.00,0.0,0.00,0.00,0.0,0.0,Juanlu,0.3,306,110,0,0.0,0,False,0.0,481,184,573,False,0.0,476,184,,18,,,44,564,150,p494928,0,0,,0,,494928.jpg,1.0,329,126,False,-2,,-20.7,"[{'offset': 0, 'projected_percent': '-20.8', 'likelihood': -2}, {'offset': 1, 'projected_percent': '-22.6', 'likelihood': -2}, {'offset': 2, 'projected_percent': '-24.4', 'likelihood': -2}]",1,0,200,False,0,0.0,,[],Sánchez,0.2,362,136,False,,0,0.0,a,1,3,91,2026-08-06,0.0,418,172,1,1679,17,7505,37,0.1,0.2,Sanchez,0
0,2003-08-13,0,13,True,True,,,0,0.0,0,523700,,,0,0,0,0,1.6,342,44,1,2.9,,,0,4,0.3,0.3,0,0.00,0.0,0.10,0.29,0.10,0.61,1.77,0.29,Daniel,0.3,329,39,2,5.81,0,False,2.6,334,36,608,False,3.6,372,36,,31,,,50,309,58,p523700,0,0,,0,,523700.jpg,1.0,367,38,False,-3,,0.7,"[{'offset': 0, 'projected_percent': '0.7', 'likelihood': 1}, {'offset': 1, 'projected_percent': '0.6', 'likelihood': 1}, {'offset': 2, 'projected_percent': '0.6', 'likelihood': 1}]",1,0,39,False,0,0.0,,[],Jebbison,0.1,400,60,False,,0,0.0,a,0,3,91,2024-07-10,21.0,184,30,3,14005,102,7903,99,0.1,0.6,Jebbison,0
0,1997-07-27,0,0,True,True,,,0,0,0,230650,,,0,0,0,0,0.0,493,47,0,0,,,0,1,0.0,0.0,0,0.00,0,0.00,0,0.00,0.00,0,0,Michele,0.0,464,60,0,0,0,False,0.0,503,62,615,False,0.0,498,62,,0,,,45,456,33,p230650,0,0,,0,,230650.jpg,0.0,518,62,False,1,,-35.6,"[{'offset': 0, 'projected_percent': '-35.3', 'likelihood': -2}, {'offset': 1, 'projected_percent': '-29.7', 'likelihood': -2}, {'offset': 2, 'projected_percent': '-24.1', 'likelihood': -2}]",0,0,106,False,0,0,,[],Di Gregorio,0.0,521,61,False,,0,0,a,0,3,91,2026-08-25,0.0,444,42,0,3044,15,1866,20,0.0,0.0,Di Gregorio,0
0,1998-11-23,0,114,True,True,,,2,0.33,9,200720,,,0,0,0,0,0.0,592,65,0,0.0,,,0,1,3.7,3.7,2,0.01,0.0,0.01,0.0,0.00,8.60,1.43,0.0,Caoimhín,3.7,77,9,6,1.0,0,False,11.7,186,9,82,False,118.0,46,8,,540,,,50,254,8,p200720,0,0,,0,,200720.jpg,3.7,107,9,False,-34,,25.0,"[{'offset': 0, 'projected_percent': '25.0', 'likelihood': 2}, {'offset': 1, 'projected_percent': '24.4', 'likelihood': 2}, {'offset': 2, 'projected_percent': '23.9', 'likelihood': 2}]",44,0,104,False,22,3.67,,[],Kelleher,6.1,64,9,False,,6,1.0,a,0,4,94,2025-06-03,0.0,569,64,22,273421,786,235152,1634,0.7,4.4,Kelleher,0
0,2001-10-13,0,0,True,True,,,0,0,0,507433,,,0,0,0,0,0.0,510,52,0,0,,,0,1,0.0,0.0,0,0.00,0,0.00,0,0.00,0.00,0,0,Hákon Rafn,0.0,481,63,0,0,0,False,0.0,518,65,83,False,0.0,513,65,,0,,,45,488,41,p507433,0,0,,0,,507433.jpg,0.0,533,65,False,0,,-86.1,"[{'offset': 0, 'projected_percent': '-86.1', 'likelihood': -3}, {'offset': 1, 'projected_percent': '-86.1', 'likelihood': -3}, {'offset': 2, 'projected_percent': '-86.1', 'likelihood': -3}]",0,0,99,False,0,0,,[],Valdimarsson,0.1,422,49,False,,0,0,a,0,4,94,2024-01-26,0.0,467,50,0,3123,24,4972,26,0.0,0.0,Valdimarsson,0
0,2001-04-30,0,39,True,True,0,0,1,0.46,15,432830,,,0,0,-1,1,22.4,211,69,17,7.81,,,0,2,0.0,0.0,0,0.05,0.02,0.56,0.25,0.51,2.13,0.98,0.23,Nathan,0.0,618,212,1,0.46,0,False,11.4,193,70,84,False,40.6,214,86,,196,Calf injury - Unknown return date,2026-09-05T18:00:06.182495Z,54,183,22,p432830,0,0,,0,,432830.jpg,3.3,127,53,False,-37,,-56.9,"[{'offset': 0, 'projected_percent': '-57.1', 'likelihood': -3}, {'offset': 1, 'projected_percent': '-59.7', 'likelihood': -3}, {'offset': 2, 'projected_percent': '-62.4', 'likelihood': -3}]",11,0,104,False,0,0.0,https://www.brentfordfc.com/en/news/article/first-team-bournemouth-v-brentford-premier-league-keith-andrews-squad-news-update-nathan-collins,[],Collins,0.9,193,74,False,,3,1.38,i,2,4,94,2023-07-04,51.0,91,17,10,58805,4,166525,802,0.0,1.9,Collins,1
0,2001-12-20,0,0,True,True,100,0,0,0,0,444765,,,0,0,-1,1,0.0,570,207,0,0,,,0,2,0.0,0.0,0,0.00,0,0.00,0,0.00,0.00,0,0,Sepp,0.0,546,202,0,0,0,False,0.0,577,208,85,False,0.0,571,208,,0,,2026-08-15T15:30:06.416627Z,49,362,66,p444765,0,0,,0,,444765.jpg,0.0,587,209,False,0,2026-10-18T13:30:08.525752Z,0.0,"[{'offset': 0, 'projected_percent': '0.0', 'likelihood': 0}, {'offset': 1, 'projected_percent': '0.0', 'likelihood': 0}, {'offset': 2, 'projected_percent': '0.0', 'likelihood': 0}]",0,0,152,False,0,0,,[],van den Berg,0.1,483,171,False,,0,0,a,0,4,94,2024-08-22,0.0,537,204,0,475,30,9190,14,0.0,0.0,Van den Berg,0
1,2001-02-22,3,92,True,True,,,2,0.38,18,249231,5,,0,0,0,0,109.3,36,31,43,8.2,1,,0,3,2.0,2.0,2,0.83,0.16,2.08,0.4,1.25,7.56,1.44,0.24,Keane,2.0,156,68,5,0.95,1,False,29.5,35,25,86,False,113.6,53,18,,472,,,55,141,86,p249231,0,0,,0,,249231.jpg,4.0,91,36,False,-31,,32.0,"[{'offset': 0, 'projected_percent': '32.0', 'likelihood': 2}, {'offset': 1, 'projected_percent': '31.5', 'likelihood': 2}, {'offset': 2, 'projected_percent': '31.0', 'likelihood': 2}]",19,0,241,False,0,0.0,,[],Lewis-Potter,1.6,136,41,False,,6,1.14,a,6,4,94,2022-07-12,73.0,55,34,24,194720,362,134276,1326,0.4,4.4,Lewis-Potter,0
0,1998-04-17,1,95,True,True,,,2,0.33,53,191866,,,0,0,0,0,34.0,172,52,59,9.83,,,0,2,4.7,4.7,6,0.08,0.01,0.40,0.06,0.32,8.60,1.43,0.05,Kristoffer,4.7,49,22,6,1.0,1,False,18.8,100,31,87,False,104.2,71,32,,540,,,45,447,95,p191866,0,0,,0,,191866.jpg,4.5,68,30,False,3,,36.0,"[{'offset': 0, 'projected_percent': '36.0', 'likelihood': 2}, {'offset': 1, 'projected_percent': '36.0', 'likelihood': 2}, {'offset': 2, 'projected_percent': '36.1', 'likelihood': 2}]",18,0,161,False,0,0.0,,[],Ajer,3.7,93,34,False,,6,1.0,a,6,4,94,2021-07-21,49.0,94,19,27,338198,1557,316550,1515,1.0,6.0,Ajer,2
0,2004-07-10,1,76,True,True,,,2,0.47,17,607464,,,0,0,1,-1,32.9,175,54,21,4.92,,,1,2,2.3,2.3,0,0.51,0.12,1.06,0.25,0.55,5.52,1.29,0.13,Michael,2.3,125,49,3,0.7,1,False,15.3,137,46,88,False,63.8,151,65,,384,,,46,427,83,p607464,0,0,,0,,607464.jpg,3.8,98,42,False,-215,,-40.7,"[{'offset': 0, 'projected_percent': '-40.9', 'likelihood': -3}, {'offset': 1, 'projected_percent': '-45.8', 'likelihood': -3}, {'offset': 2, 'projected_percent': '-50.7', 'likelihood': -3}]",18,0,106,False,0,0.0,,[],Kayode,7.5,49,18,False,,5,1.17,a,4,4,94,2025-07-01,56.0,82,14,23,623550,946,400039,5846,0.5,5.0,Kayode,1
0,1997-07-08,0,3,True,True,,,0,0.0,0,194010,,,0,0,-1,1,0.0,462,181,0,0.0,,,0,2,0.0,0.0,0,0.00,0.0,0.00,0.0,0.00,0.00,0.0,0.0,Rico,0.0,431,170,0,0.0,0,False,0.0,475,182,89,False,0.0,470,182,,2,,,44,547,138,p194010,0,0,,0,,194010.jpg,1.0,323,121,False,0,,-27.2,"[{'offset': 0, 'projected_percent': '-27.2', 'likelihood': -2}, {'offset': 1, 'projected_percent': '-27.2', 'likelihood': -2}, {'offset': 2, 'projected_percent': '-27.2', 'likelihood': -2}]",0,0,107,False,0,0.0,,[],Henry,0.2,344,130,False,,0,0.0,a,0,4,94,2016-08-31,0.0,412,170,1,2116,18,9184,57,0.0,0.2,Henry,0
0,2002-06-10,0,16,True,True,,,0,0.0,18,472713,,,0,0,0,0,7.8,285,103,22,10.05,,,0,2,1.0,1.0,1,0.06,0.03,0.09,0.04,0.03,3.73,1.7,0.01,Aaron,1.0,225,78,4,1.83,0,False,4.7,298,111,90,False,32.8,244,99,,197,,,45,477,116,p472713,0,0,,0,,472713.jpg,1.0,333,128,False,0,,-33.6,"[{'offset': 0, 'projected_percent': '-33.6', 'likelihood': -2}, {'offset': 1, 'projected_percent': '-33.6', 'likelihood': -2}, {'offset': 2, 'projected_percent': '-33.6', 'likelihood': -2}]",10,0,243,False,0,0.0,,[],Hickey,0.1,460,166,False,,1,0.46,a,4,4,94,2022-07-09,6.0,284,101,6,2271,9,3230,26,0.2,1.3,Hickey,0
0,2004-12-24,0,0,True,True,,,0,0,0,570241,,,0,0,-1,1,0.0,475,184,0,0,,,0,2,0.0,0.0,0,0.00,0,0.00,0,0.00,0.00,0,0,Kim,0.0,447,175,0,0,0,False,0.0,488,185,92,False,0.0,483,185,Kim Ji-Soo,0,,,44,571,151,p570241,0,0,,0,,570241.jpg,0.0,503,187,False,-1,,-3.0,"[{'offset': 0, 'projected_percent': '-3.7', 'likelihood': -1}, {'offset': 1, 'projected_percent': '-15.5', 'likelihood': -1}, {'offset': 2, 'projected_percent': '-27.4', 'likelihood': -2}]",0,0,114,False,0,0,,[],Ji-soo,0.0,578,198,False,,0,0,a,0,4,94,2023-07-20,0.0,425,173,0,542,7,1011,7,0.0,0.0,Ji-soo,0
1,2006-05-16,3,59,True,True,75,,1,0.3,41,513086,,,0,0,0,0,11.5,269,97,44,13.29,,,1,2,4.5,6.0,1,0.54,0.16,0.64,0.19,0.10,5.81,1.75,0.03,Jannik,6.0,17,6,4,1.21,0,False,12.0,180,65,93,False,92.4,91,42,,298,Ankle injury - 75% chance of playing,2026-10-10T18:00:10.423378Z,45,490,120,p513086,0,0,,0,,513086.jpg,5.5,36,14,False,-71,,13.5,"[{'offset': 0, 'projected_percent': '13.4', 'likelihood': 1}, {'offset': 1, 'projected_percent': '12.3', 'likelihood': 1}, {'offset': 2, 'projected_percent': '11.1', 'likelihood': 1}]",9,0,14,False,0,0.0,https://www.brentfordfc.com/en/news/first-team-keith-andrews-kevin-schade-jannik-schuster-injury-update-brentford,[],Schuster,0.6,231,88,False,,3,0.91,d,3,4,94,2026-06-15,16.0,209,64,22,46404,629,12125,789,1.3,4.9,Schuster,0
2,2001-11-27,6,142,True,True,75,,2,0.36,6,513418,,,0,0,2,-2,48.0,126,84,38,6.87,,,1,3,6.2,8.3,1,0.33,0.06,2.26,0.41,1.93,7.94,1.43,0.35,Kevin,8.3,3,2,5,0.9,3,False,35.4,19,15,94,True,146.2,20,11,,498,Shoulder injury - 75% chance of playing,2026-10-10T16:30:08.848962Z,62,59,41,p513418,0,0,2,0,,513418.jpg,6.7,15,5,False,-907,,73.5,"[{'offset': 0, 'projected_percent': '72.6', 'likelihood': 3}, {'offset': 1, 'projected_percent': '57.6', 'likelihood': 3}, {'offset': 2, 'projected_percent': '42.7', 'likelihood': 3}]",23,0,80,False,0,0.0,https://www.brentfordfc.com/en/news/first-team-keith-andrews-kevin-schade-jannik-schuster-injury-update-brentford,[],Schade,16.0,27,10,False,,6,1.08,d,9,4,94,2023-07-01,160.0,7,3,40,1599653,28292,342317,22127,1.3,6.5,Schade,0
0,2002-02-11,0,41,True,True,,,1,0.45,10,533463,4,,0,0,-2,2,59.3,95,67,34,15.15,,,0,3,1.0,1.0,1,0.39,0.17,0.55,0.24,0.16,3.22,1.43,0.07,Dango,1.0,248,118,2,0.89,0,False,10.8,200,96,95,False,25.4,264,110,,202,,,63,51,35,p533463,0,0,,0,,533463.jpg,1.3,299,139,False,-6,,-87.1,"[{'offset': 0, 'projected_percent': '-87.3', 'likelihood': -3}, {'offset': 1, 'projected_percent': '-89.7', 'likelihood': -3}, {'offset': 2, 'projected_percent': '-92.0', 'likelihood': -3}]",19,0,35,False,0,0.0,,[],Ouattara,0.4,263,86,False,,2,0.89,a,5,4,94,2025-08-16,23.0,175,94,8,16436,116,86760,237,0.2,1.3,O.Dango,0
1,2000-07-03,3,74,True,True,75,75,2,0.64,6,440089,2,,0,0,-1,1,118.2,31,27,31,9.86,3,,0,3,1.0,1.0,0,0.73,0.23,0.90,0.28,0.17,3.06,0.97,0.05,Mikkel,1.3,212,98,1,0.32,0,False,20.7,82,47,96,False,47.4,200,86,,283,Unspecified injury - 75% chance of playing,2026-10-03T19:30:08.141728Z,54,184,115,p440089,0,0,,0,,440089.jpg,3.2,138,54,False,-23,,-46.8,"[{'offset': 0, 'projected_percent': '-47.2', 'likelihood': -3}, {'offset': 1, 'projected_percent': '-53.0', 'likelihood': -3}, {'offset': 2, 'projected_percent': '-58.8', 'likelihood': -3}]",18,0,58,False,0,0.0,,[],Damsgaard,0.4,276,92,False,,3,0.95,d,7,4,94,2022-08-10,42.0,115,65,16,15577,10,36086,495,0.2,3.0,Damsgaard,0
1,1996-01-01,0,31,True,True,100,0,1,1.01,1,207283,1,,0,0,-1,1,46.2,136,87,6,6.07,2,,0,3,0.3,0.0,1,0.40,0.4,0.48,0.48,0.08,0.88,0.89,0.08,Mathias,0.3,344,161,1,1.01,0,False,7.2,247,109,97,False,12.6,309,136,,89,,2026-08-30T12:30:08.176795Z,54,174,110,p207283,0,0,3,0,,207283.jpg,3.5,120,48,False,0,2026-10-18T13:30:08.564299Z,0.0,"[{'offset': 0, 'projected_percent': '0.0', 'likelihood': 0}, {'offset': 1, 'projected_percent': '0.0', 'likelihood': 0}, {'offset': 2, 'projected_percent': '0.0', 'likelihood': 0}]",3,0,58,False,0,0.0,,[],Jensen,0.1,430,161,False,,1,1.01,a,2,4,94,2019-07-10,13.0,234,121,7,4521,11,15691,25,0.1,1.3,Jensen,0
0,1998-05-10,3,121,True,True,,,2,0.33,33,204580,3,,0,0,0,0,97.5,42,35,78,13.0,,,1,3,3.3,3.3,3,0.49,0.08,1.02,0.17,0.53,8.60,1.43,0.09,Vitaly,3.3,85,33,6,1.0,2,False,30.9,31,22,98,False,164.0,7,4,,540,,,50,257,161,p204580,0,0,,0,,204580.jpg,5.2,48,22,False,6,,85.7,"[{'offset': 0, 'projected_percent': '85.7', 'likelihood': 3}, {'offset': 1, 'projected_percent': '85.8', 'likelihood': 3}, {'offset': 2, 'projected_percent': '85.9', 'likelihood': 3}]",27,0,80,False,0,0.0,,[],Janelt,2.5,110,35,False,,6,1.0,a,18,4,94,2020-10-03,47.0,100,55,31,328923,2294,128671,1974,0.7,6.2,Janelt,4
0,2005-04-03,0,0,True,True,0,0,0,0,0,543295,,,0,0,0,0,0.0,621,270,0,0,,,0,3,0.0,0.0,0,0.00,0,0.00,0,0.00,0.00,0,0,Antoni,0.0,597,256,0,0,0,False,0.0,621,267,99,False,0.0,615,265,,0,Knee injury - Unknown return date,2026-07-23T12:01:23.384798Z,50,313,191,p543295,0,0,,0,,543295.jpg,0.0,627,271,False,0,,-41.7,"[{'offset': 0, 'projected_percent': '-41.7', 'likelihood': -3}, {'offset': 1, 'projected_percent': '-41.7', 'likelihood': -3}, {'offset': 2, 'projected_percent': '-41.7', 'likelihood': -3}]",0,0,152,False,0,0,https://www.brentfordfc.com/en/news/first-team-news-aston-villa-v-brentford-premier-league-10-10-2026,[],Milambo,0.0,657,290,False,,0,0,i,0,4,94,2025-07-03,0.0,598,256,0,126,0,167,0,0.0,0.0,Milambo,0
0,2002-08-30,0,23,True,True,100,100,0,0.0,0,244858,,,0,0,0,0,0.3,381,190,0,0.0,,,0,3,2.0,2.0,0,0.00,0.0,0.43,12.9,0.43,0.13,3.9,12.9,Fábio,2.0,149,66,0,0.0,1,False,6.7,258,115,100,False,33.2,242,102,Fábio Carvalho,3,,2026-08-18T13:58:17.442072Z,50,272,169,p244858,0,0,,0,,244858.jpg,6.0,26,11,False,0,,0.4,"[{'offset': 0, 'projected_percent': '0.4', 'likelihood': 1}, {'offset': 1, 'projected_percent': '0.4', 'likelihood': 1}, {'offset': 2, 'projected_percent': '0.4', 'likelihood': 1}]",0,0,173,False,0,0.0,,[],Freitas Gouveia Carvalho,0.0,546,224,False,,0,0.0,a,0,4,94,2024-08-12,33.0,143,76,6,2260,29,1590,25,0.4,1.2,Carvalho,0
1,2004-03-01,1,75,True,True,,,1,0.32,9,508395,,,0,0,-2,2,60.5,93,65,30,9.57,,,0,3,5.0,5.0,8,0.32,0.1,0.51,0.16,0.19,6.45,2.06,0.06,Yehor,5.0,36,14,5,1.6,1,False,13.4,164,84,102,False,53.0,181,72,,282,,,48,415,253,p508395,0,0,,0,,508395.jpg,2.8,166,72,False,30,,-26.9,"[{'offset': 0, 'projected_percent': '-26.4', 'likelihood': -2}, {'offset': 1, 'projected_percent': '-18.2', 'likelihood': -1}, {'offset': 2, 'projected_percent': '-10.0', 'likelihood': -1}]",14,0,225,False,0,0.0,,[],Yarmoliuk,0.6,229,74,False,,3,0.96,a,7,4,94,2022-10-28,20.0,188,101,17,8862,1059,67028,237,1.0,3.5,Yarmoliuk,1
0,1998-10-23,0,0,True,True,0,0,0,0,0,183656,,,0,0,-1,1,0.0,561,237,0,0,,,0,3,0.0,0.0,0,0.00,0,0.00,0,0.00,0.00,0,0,Josh,0.0,537,216,0,0,0,False,0.0,569,233,103,False,0.0,564,232,,0,Hamstring injury - Expected back 10 Oct,2026-09-04T13:30:08.371955Z,49,340,205,p183656,0,0,,0,,183656.jpg,0.0,580,242,False,0,,-88.3,"[{'offset': 0, 'projected_percent': '-88.3', 'likelihood': -3}, {'offset': 1, 'projected_percent': '-88.3', 'likelihood': -3}, {'offset': 2, 'projected_percent': '-88.3', 'likelihood': -3}]",0,0,241,False,0,0,https://www.brentfordfc.com/en/news/first-team-news-aston-villa-v-brentford-premier-league-10-10-2026,[],Dasilva,0.0,601,253,False,,0,0,i,0,4,94,2025-10-23,0.0,528,214,0,411,0,2050,8,0.0,0.0,Dasilva,0
1,1999-12-01,2,77,True,True,,,2,0.51,7,444180,,,0,0,-1,1,89.3,50,41,33,8.46,,,0,3,5.3,5.3,5,0.55,0.14,1.79,0.46,1.24,5.70,1.46,0.32,Jaidon,5.3,31,13,5,1.28,1,False,21.2,81,46,105,False,65.0,146,51,,351,,,59,87,57,p444180,0,0,,0,,444180.jpg,3.3,130,51,False,15,,2.2,"[{'offset': 0, 'projected_percent': '2.2', 'likelihood': 1}, {'offset': 1, 'projected_percent': '2.4', 'likelihood': 1}, {'offset': 2, 'projected_percent': '2.7', 'likelihood': 1}]",21,0,241,False,0,0.0,,[],Anthony,0.2,353,126,False,,4,1.03,a,5,4,94,2026-07-07,58.0,76,47,20,10244,375,11750,89,0.9,3.4,Anthony,1
1,2001-06-26,0,49,True,True,,,2,0.34,6,502500,,,0,0,-2,2,43.6,144,15,26,4.4,,,0,4,3.3,3.3,4,0.29,0.05,3.49,0.59,3.20,8.53,1.44,0.54,Igor Thiago,3.3,91,11,6,1.02,1,False,23.6,60,11,106,False,48.8,198,15,Igor Thiago,532,,,78,15,4,p502500,0,1,1,0,,502500.jpg,2.3,209,22,False,-121,,40.0,"[{'offset': 0, 'projected_percent': '39.8', 'likelihood': 2}, {'offset': 1, 'projected_percent': '37.8', 'likelihood': 2}, {'offset': 2, 'projected_percent': '35.9', 'likelihood': 2}]",16,0,30,False,0,0.0,,[],Nascimento Rodrigues,9.4,36,6,False,,6,1.02,a,4,4,94,2024-07-01,146.0,12,6,14,370777,5435,1089423,8053,0.4,1.8,Thiago,3
0,2007-02-06,0,0,True,True,0,0,0,0,0,593174,,,0,0,0,0,0.0,527,57,0,0,,,0,4,0.0,0.0,0,0.00,0,0.00,0,0.00,0.00,0,0,Kaye,0.0,498,50,0,0,0,False,0.0,536,57,107,False,0.0,531,53,,0,Unspecified injury - Unknown return date,2026-09-14T14:00:09.985723Z,45,511,74,p593174,0,0,,0,,593174.jpg,0.0,549,59,False,-20,,-21.0,"[{'offset': 0, 'projected_percent': '-21.1', 'likelihood': -2}, {'offset': 1, 'projected_percent': '-22.6', 'likelihood': -2}, {'offset': 2, 'projected_percent': '-24.2', 'likelihood': -2}]",0,0,21,False,0,0,https://www.brentfordfc.com/en/news/article/first-team-reading-v-brentford-carabao-cup-keith-andrews-squad-update-kaye-furo-injury,[],Furo,0.8,201,33,False,,0,0,i,0,4,94,2026-01-11,0.0,485,52,0,62589,86,74498,814,0.0,0.0,Furo,0
0,1992-02-27,0,8,True,True,,,0,0.0,1,75115,,,0,0,-1,1,10.4,278,37,3,15.0,,,0,4,0.0,0.0,0,0.04,0.2,0.11,0.55,0.07,0.23,1.15,0.35,Callum,0.0,614,65,0,0.0,0,False,2.6,335,37,108,False,3.2,376,38,,18,,,54,165,40,p75115,0,0,,0,,75115.jpg,0.8,414,48,False,0,,-7.9,"[{'offset': 0, 'projected_percent': '-7.9', 'likelihood': -1}, {'offset': 1, 'projected_percent': '-7.9', 'likelihood': -1}, {'offset': 2, 'projected_percent': '-7.9', 'likelihood': -1}]",2,0,241,False,0,0.0,,[],Wilson,0.3,294,48,False,,0,0.0,a,0,4,94,2026-07-09,12.0,240,35,3,16709,148,28118,201,0.0,0.6,Wilson,1
2,2002-06-26,3,84,True,True,,,1,0.25,16,513545,,,0,0,1,-1,57.8,99,68,59,14.79,,,1,3,1.7,1.7,1,0.68,0.17,1.09,0.27,0.41,4.97,1.25,0.1,Mamadou,1.7,188,86,4,1.0,0,False,17.1,115,61,565,False,76.4,120,39,,359,,,56,122,78,p513545,0,0,,0,,513545.jpg,3.8,104,41,False,-415,,-43.5,"[{'offset': 0, 'projected_percent': '-44.0', 'likelihood': -3}, {'offset': 1, 'projected_percent': '-52.3', 'likelihood': -3}, {'offset': 2, 'projected_percent': '-60.5', 'likelihood': -3}]",26,0,132,False,0,0.0,,[],Sangaré,8.7,41,15,False,,4,1.0,a,17,4,94,2026-08-01,40.0,123,68,23,1236561,756,970428,10235,0.3,4.1,M.Sangaré,2
0,2004-12-29,0,11,True,True,,,0,0.0,4,613804,,,0,0,0,0,1.3,350,129,8,5.58,,,0,2,1.0,1.0,1,0.02,0.01,0.13,0.09,0.11,2.91,2.03,0.08,El Hadji Malick,1.0,227,80,2,1.4,0,False,0.7,383,137,620,False,5.6,356,133,El Hadji Malick Diouf,129,,,45,520,130,p613804,0,0,,0,,613804.jpg,1.0,335,129,False,1,,-33.7,"[{'offset': 0, 'projected_percent': '-33.5', 'likelihood': -2}, {'offset': 1, 'projected_percent': '-31.3', 'likelihood': -2}, {'offset': 2, 'projected_percent': '-29.1', 'likelihood': -2}]",5,0,189,False,0,0.0,,[],Diouf,0.1,427,156,False,,1,0.7,a,4,4,94,2026-08-28,0.0,492,193,3,14297,86,7923,69,0.2,0.7,Diouf,0
0,2005-11-20,0,0,True,True,,,0,0,0,626464,,,0,0,0,0,0.0,535,222,0,0,,,0,3,0.0,0.0,0,0.00,0,0.00,0,0.00,0.00,0,0,Gustavo,0.0,507,196,0,0,0,False,0.0,544,217,657,False,0.0,539,216,Gustavo Nunes,0,,,45,523,272,p626464,0,0,,0,,626464.jpg,0.0,557,227,False,1,,0.1,"[{'offset': 0, 'projected_percent': '0.1', 'likelihood': 1}, {'offset': 1, 'projected_percent': '0.1', 'likelihood': 1}, {'offset': 2, 'projected_percent': '0.1', 'likelihood': 1}]",0,0,30,False,0,0,,[],Nunes Fernandes Gomes,0.0,553,228,False,,0,0,a,0,4,94,2024-08-28,0.0,495,194,0,2331,42,775,27,0.0,0.0,Nunes,0
0,2005-05-28,0,0,True,True,,,0,0,0,612534,,,0,0,0,0,0.0,451,175,0,0,,,0,2,0.0,0.0,0,0.00,0,0.00,0,0.00,0.00,0,0,Benjamin,0.0,418,161,0,0,0,False,0.0,465,176,660,False,0.0,460,176,,0,,,40,654,204,p612534,0,0,,0,,612534.jpg,0.0,482,180,False,-2,,0.1,"[{'offset': 0, 'projected_percent': '0.1', 'likelihood': 1}, {'offset': 1, 'projected_percent': '0.1', 'likelihood': 1}, {'offset': 2, 'projected_percent': '0.1', 'likelihood': 1}]",0,0,157,False,0,0,,[],Fredrick,0.0,607,205,False,,0,0,a,0,4,94,2024-01-05,0.0,396,161,0,863,45,119,12,0.0,0.0,Fredrick,0
0,1999-10-15,0,0,True,True,,,0,0,0,235448,,,0,0,0,0,0.0,421,21,0,0,,,0,1,0.0,0.0,0,0.00,0,0.00,0,0.00,0.00,0,0,Ellery,0.0,384,37,0,0,0,False,0.0,435,40,661,False,0.0,430,40,,0,,,40,614,64,p235448,0,0,,0,,235448.jpg,0.0,453,40,False,7,,0.4,"[{'offset': 0, 'projected_percent': '0.4', 'likelihood': 1}, {'offset': 1, 'projected_percent': '0.5', 'likelihood': 1}, {'offset': 2, 'projected_percent': '0.6', 'likelihood': 1}]",0,0,241,False,0,0,,[],Balcombe,0.1,479,56,False,,0,0,a,0,4,94,2016-11-02,0.0,365,16,0,6303,193,1245,36,0.0,0.0,Balcombe,0
0,2002-08-18,2,135,True,True,,,4,0.67,4,489639,,,0,0,0,0,3.0,321,4,0,0.0,,,1,1,7.7,7.7,9,0.20,0.03,0.20,0.03,0.00,9.39,1.56,0.0,Bart,7.7,5,1,5,0.83,0,False,11.7,185,8,109,False,113.8,52,10,,540,,,45,481,40,p489639,0,0,,0,,489639.jpg,5.3,44,4,False,381,,79.8,"[{'offset': 0, 'projected_percent': '80.2', 'likelihood': 3}, {'offset': 1, 'projected_percent': '86.5', 'likelihood': 3}, {'offset': 2, 'projected_percent': '92.8', 'likelihood': 3}]",44,0,152,False,15,2.5,,[],Verbruggen,21.4,15,2,False,,6,1.0,a,0,5,36,2023-07-03,0.0,460,49,32,868707,8748,747494,2518,1.7,7.1,Verbruggen,0
0,1990-08-18,0,0,True,True,,,0,0,0,49262,,,0,0,0,0,0.0,401,8,0,0,,,0,1,0.0,0.0,0,0.00,0,0.00,0,0.00,0.00,0,0,Jason,0.0,365,24,0,0,0,False,0.0,417,27,111,False,0.0,413,27,,0,,,40,589,51,p49262,0,0,,0,,49262.jpg,0.0,436,27,False,-76,,-9.4,"[{'offset': 0, 'projected_percent': '-9.6', 'likelihood': -1}, {'offset': 1, 'projected_percent': '-12.8', 'likelihood': -1}, {'offset': 2, 'projected_percent': '-16.0', 'likelihood': -1}]",0,0,241,False,0,0,,[],Steele,4.0,86,14,False,,0,0,a,0,5,36,2018-07-01,0.0,345,3,0,157400,362,141047,1663,0.0,0.0,Steele,0
0,1999-10-07,1,71,True,True,100,100,3,0.64,20,231416,3,,0,0,-1,1,58.1,98,23,22,4.69,,,0,2,6.7,6.7,9,0.14,0.03,0.26,0.06,0.12,8.27,1.76,0.03,Ferdi,6.7,12,5,5,1.07,0,False,12.2,179,64,113,False,31.2,250,105,,422,,2026-08-23T13:00:07.595211Z,44,552,142,p231416,0,0,,0,,231416.jpg,4.4,74,33,False,50,,-61.3,"[{'offset': 0, 'projected_percent': '-61.0', 'likelihood': -3}, {'offset': 1, 'projected_percent': '-55.4', 'likelihood': -3}, {'offset': 2, 'projected_percent': '-49.8', 'likelihood': -3}]",14,0,219,False,0,0.0,,[],Kadıoğlu,1.5,139,56,False,,5,1.07,a,2,5,36,2024-08-27,32.0,146,41,22,38272,1142,146393,679,1.5,5.0,F.Kadıoğlu,1
0,1997-11-18,0,114,True,True,,,4,0.71,29,204120,,,0,0,0,0,115.7,32,5,33,5.89,,,0,2,5.7,5.7,5,0.59,0.11,0.66,0.12,0.07,9.02,1.61,0.01,Olivier,5.7,22,8,5,0.89,0,False,21.4,79,20,114,False,77.2,118,52,,504,,,45,449,96,p204120,0,0,,0,,204120.jpg,4.0,89,40,False,7,,4.4,"[{'offset': 0, 'projected_percent': '4.4', 'likelihood': 1}, {'offset': 1, 'projected_percent': '4.5', 'likelihood': 1}, {'offset': 2, 'projected_percent': '4.6', 'likelihood': 1}]",18,0,73,False,0,0.0,,[],Boscagli,0.3,289,107,False,,6,1.07,a,4,5,36,2025-07-02,21.0,180,56,24,20445,304,13404,110,1.3,5.3,Boscagli,2
3,2000-12-22,8,168,True,True,,,4,0.73,10,465730,2,,0,0,5,-5,171.8,8,1,19,3.49,4,,3,2,10.7,10.7,15,0.67,0.12,2.47,0.45,1.80,9.15,1.68,0.33,Maxim,10.7,2,1,5,0.92,2,False,33.8,22,1,115,True,108.4,61,26,,490,,,50,283,45,p465730,0,0,,0,,465730.jpg,8.8,4,1,False,5329,,95.2,"[{'offset': 0, 'projected_percent': '100.3', 'likelihood': 5}, {'offset': 1, 'projected_percent': '188.3', 'likelihood': 5}, {'offset': 2, 'projected_percent': '276.2', 'likelihood': 5}]",23,0,21,False,0,0.0,,[],De Cuyper,32.2,8,2,False,,6,1.1,a,9,5,36,2025-07-05,57.0,79,12,53,3257411,89954,447267,801,2.1,10.6,De Cuyper,2
0,1991-11-21,1,84,True,True,100,100,2,0.46,25,83299,,,0,0,0,0,14.6,243,85,28,6.46,3,,1,2,4.3,4.3,1,0.09,0.02,0.12,0.03,0.03,7.24,1.67,0.01,Lewis,4.3,59,26,5,1.15,1,False,14.3,155,53,116,False,116.2,48,20,,390,,2026-09-22T09:30:09.629652Z,45,433,85,p83299,0,0,,0,,83299.jpg,4.6,66,28,False,-37,,22.2,"[{'offset': 0, 'projected_percent': '22.1', 'likelihood': 2}, {'offset': 1, 'projected_percent': '21.5', 'likelihood': 2}, {'offset': 2, 'projected_percent': '20.9', 'likelihood': 2}]",15,0,241,False,0,0.0,,[],Dunk,1.5,145,58,False,,4,0.92,a,3,5,36,2009-07-01,11.0,247,85,23,98603,702,61176,1278,1.0,5.1,Dunk,1
0,,0,0,True,True,,,0,0,0,550090,,,0,0,0,0,0.0,518,197,0,0,,,0,2,0.0,0.0,0,0.00,0,0.00,0,0.00,0.00,0,0,Diego,0.0,488,189,0,0,0,False,0.0,526,198,117,False,0.0,521,198,,0,,,45,497,123,p550090,0,0,,0,,550090.jpg,0.0,540,199,False,3,,-2.9,"[{'offset': 0, 'projected_percent': '-1.2', 'likelihood': -1}, {'offset': 1, 'projected_percent': '0.1', 'likelihood': 1}, {'offset': 2, 'projected_percent': '0.1', 'likelihood': 1}]",0,0,,False,0,0,,[],Coppola,0.0,571,193,False,,0,0,a,0,5,36,,0.0,475,190,0,1021,14,1142,14,0.0,0.0,Coppola,0
0,1998-02-07,0,0,False,True,0,0,0,0,0,223434,,,0,0,0,0,0.0,492,187,0,0,,,0,2,0.0,0.0,0,0.00,0,0.00,0,0.00,0.00,0,0,Igor Julio,0.0,463,178,0,0,0,False,0.0,502,188,118,False,0.0,497,188,Igor Julio,0,Has joined Burnley permanently,2026-09-02T15:38:15.529699Z,45,455,101,p223434,0,0,,0,,223434.jpg,0.0,517,190,False,0,,0.0,"[{'offset': 0, 'projected_percent': '0.0', 'likelihood': 0}, {'offset': 1, 'projected_percent': '0.0', 'likelihood': 0}, {'offset': 2, 'projected_percent': '0.0', 'likelihood': 0}]",0,0,30,False,0,0,,[],dos Santos de Paulo,0.0,525,182,False,,0,0,u,0,5,36,2023-07-26,0.0,443,177,0,915,0,6155,20,0.0,0.0,Igor,0
0,2000-03-26,0,20,True,True,,,0,0.0,6,451490,,,0,0,0,0,20.0,219,74,7,7.0,,,0,2,1.0,1.0,1,0.30,0.3,0.42,0.42,0.12,1.17,1.17,0.12,João Pedro,1.0,223,77,0,0.0,0,False,5.4,283,105,119,False,16.4,295,118,Costinha,90,,,45,473,114,p451490,0,0,,0,,451490.jpg,0.8,410,144,False,0,,0.0,"[{'offset': 0, 'projected_percent': '0.0', 'likelihood': 0}, {'offset': 1, 'projected_percent': '0.0', 'likelihood': 0}, {'offset': 2, 'projected_percent': '0.0', 'likelihood': 0}]",1,0,173,False,0,0.0,,[],Loureiro da Costa,0.0,522,181,False,,0,0.0,a,1,5,36,2026-06-15,18.0,202,60,5,1429,12,1575,15,0.2,1.1,Costinha,1
0,1998-10-15,0,5,True,True,,,0,0.0,0,454490,,,0,0,0,0,0.0,602,210,1,22.5,,,0,2,0.3,0.3,0,0.00,0.0,0.00,0.0,0.00,0.14,3.15,0.0,Michael,0.3,324,118,0,0.0,0,False,0.2,400,144,120,False,2.4,382,141,,4,,,50,278,43,p454490,0,0,,0,,454490.jpg,1.0,364,139,False,0,,0.6,"[{'offset': 0, 'projected_percent': '0.6', 'likelihood': 1}, {'offset': 1, 'projected_percent': '0.6', 'likelihood': 1}, {'offset': 2, 'projected_percent': '0.6', 'likelihood': 1}]",1,0,14,False,0,0.0,,[],Svoboda,0.1,474,169,False,,0,0.0,a,1,5,36,2026-07-02,0.0,579,207,1,4914,56,4259,56,0.1,0.2,Svoboda,0
0,1997-05-20,0,0,True,True,0,0,0,0,0,451340,,,0,0,-1,1,0.0,657,291,0,0,,,0,3,0.0,0.0,0,0.00,0,0.00,0,0.00,0.00,0,0,Mitoma,0.0,648,288,0,0,0,False,0.0,657,291,121,False,0.0,653,290,,0,Hamstring injury - Expected back 18 Oct,2026-07-24T18:30:10.661894Z,59,88,58,p451340,0,0,,0,,451340.jpg,0.0,657,291,False,-3,,-29.7,"[{'offset': 0, 'projected_percent': '-30.0', 'likelihood': -2}, {'offset': 1, 'projected_percent': '-35.5', 'likelihood': -2}, {'offset': 2, 'projected_percent': '-41.0', 'likelihood': -3}]",0,0,108,False,0,0,https://www.brightonandhovealbion.com/media-article/mft-match-preview-sunderland-bha-pl-october-2026,[],Kaoru,0.0,541,221,False,,0,0,i,0,5,36,2021-08-09,0.0,651,289,0,619,6,3196,17,0.0,0.0,Mitoma,0
0,2004-07-22,0,0,True,True,0,0,0,0,0,592031,5,,0,0,-2,2,0.0,654,289,0,0,,,0,3,0.0,0.0,0,0.00,0,0.00,0,0.00,0.00,0,0,Yankuba,0.0,644,286,0,0,0,False,0.0,654,289,122,False,0.0,649,288,,0,Leg injury - Expected back 28 Nov,2026-08-14T18:00:06.418033Z,58,109,69,p592031,0,0,,0,,592031.jpg,0.0,654,289,False,-1,,-5.6,"[{'offset': 0, 'projected_percent': '-5.8', 'likelihood': -1}, {'offset': 1, 'projected_percent': '-8.3', 'likelihood': -1}, {'offset': 2, 'projected_percent': '-10.8', 'likelihood': -1}]",0,0,78,False,0,0,https://www.brightonandhovealbion.com/media-article/mft-match-preview-sunderland-bha-pl-october-2026,[],Minteh,0.0,544,222,False,,0,0,i,0,5,36,2024-07-01,0.0,647,287,0,357,3,7026,14,0.0,0.0,Minteh,0
0,2005-04-11,3,54,True,True,50,50,1,1.43,0,532529,,,0,0,-1,1,13.4,259,135,3,4.29,,,1,3,0.0,0.0,0,0.02,0.03,1.43,2.04,1.41,0.19,0.27,2.01,Jack,0.0,652,290,0,0.0,2,False,14.5,153,80,123,False,72.8,127,42,,63,Ankle injury - 50% chance of playing,2026-08-27T19:30:07.780933Z,59,94,60,p532529,0,0,,0,,532529.jpg,16.0,1,1,False,0,2026-10-17T10:30:10.117676Z,-0.1,"[{'offset': 0, 'projected_percent': '-0.1', 'likelihood': -1}, {'offset': 1, 'projected_percent': '-0.1', 'likelihood': -1}, {'offset': 2, 'projected_percent': '-0.1', 'likelihood': -1}]",1,0,241,False,0,0.0,https://www.brightonandhovealbion.com/media-article/mft-match-preview-sunderland-bha-pl-october-2026,[],Hinshelwood,0.5,249,80,False,,1,1.43,d,2,5,36,2022-12-30,59.0,75,46,16,148343,51,220714,345,0.0,2.7,Hinshelwood,0
5,1991-06-15,9,188,True,True,,,4,0.67,12,60307,1,,0,0,4,-4,216.0,2,2,36,6.0,1,,3,3,12.3,12.3,6,1.05,0.18,3.07,0.52,2.02,9.39,1.56,0.34,Pascal,12.3,1,1,5,0.83,3,False,50.8,3,3,124,True,211.0,1,1,,540,,,59,78,51,p60307,0,0,1,0,,60307.jpg,8.8,5,3,False,4185,,153.6,"[{'offset': 0, 'projected_percent': '157.7', 'likelihood': 5}, {'offset': 1, 'projected_percent': '226.7', 'likelihood': 5}, {'offset': 2, 'projected_percent': '295.8', 'likelihood': 5}]",12,0,80,False,0,0.0,,[],Groß,36.7,7,3,False,,6,1.0,a,12,5,36,2026-01-02,84.0,43,26,53,3053032,81877,570830,1023,2.1,9.0,Groß,2
2,2002-04-20,0,39,True,True,100,100,1,0.85,1,463067,,,0,0,-2,2,11.7,268,35,9,7.64,,,0,4,1.7,1.7,4,0.60,0.51,0.77,0.65,0.17,1.03,0.87,0.14,Georginio,1.7,182,19,0,0.0,0,False,5.1,289,32,125,False,20.2,285,27,,106,,2026-08-26T16:00:07.608056Z,53,221,50,p463067,0,0,,0,,463067.jpg,3.3,126,14,False,18,,0.1,"[{'offset': 0, 'projected_percent': '0.1', 'likelihood': 1}, {'offset': 1, 'projected_percent': '0.4', 'likelihood': 1}, {'offset': 2, 'projected_percent': '0.7', 'likelihood': 1}]",6,0,73,False,0,0.0,,[],Rutter,0.4,260,44,False,,1,0.85,a,2,5,36,2024-08-19,19.0,194,31,10,37818,527,81083,340,0.3,1.9,Georginio,0
0,2000-11-21,0,6,True,True,,,0,0.0,2,219249,,,0,0,-1,1,10.5,274,140,3,27.0,,,0,3,0.7,0.7,0,0.01,0.09,0.29,2.61,0.28,0.18,1.62,2.52,Matt,0.7,274,130,0,0.0,0,False,3.8,313,142,126,False,8.2,337,156,,10,,,54,177,112,p219249,0,0,3,0,,219249.jpg,1.0,387,181,False,1,,-11.2,"[{'offset': 0, 'projected_percent': '-11.1', 'likelihood': -1}, {'offset': 1, 'projected_percent': '-9.0', 'likelihood': -1}, {'offset': 2, 'projected_percent': '-7.0', 'likelihood': -1}]",1,0,58,False,0,0.0,,[],O'Riley,0.1,421,155,False,,0,0.0,a,0,5,36,2024-08-26,19.0,195,107,2,3826,37,6833,48,0.1,0.4,O'Riley,0
3,2003-03-27,0,98,True,True,,,4,0.69,12,514254,,,0,0,0,0,103.4,40,33,55,9.52,5,,0,3,5.3,5.3,5,0.79,0.14,1.81,0.32,1.02,9.21,1.59,0.18,Diego,5.3,29,12,5,0.87,0,False,31.4,28,19,127,False,84.2,108,33,Diego Gómez,520,,,50,304,184,p514254,0,0,,0,,514254.jpg,4.8,59,25,False,-14,,28.6,"[{'offset': 0, 'projected_percent': '28.6', 'likelihood': 2}, {'offset': 1, 'projected_percent': '28.4', 'likelihood': 2}, {'offset': 2, 'projected_percent': '28.1', 'likelihood': 2}]",25,0,168,False,0,0.0,,[],Gómez Amarilla,3.6,94,31,False,,6,1.04,a,18,5,36,2025-01-01,126.0,18,10,29,352688,2306,358121,2270,1.1,5.8,Gomez,0
0,2004-12-23,0,0,False,True,0,0,0,0,0,536916,,,0,0,0,0,0.0,620,269,0,0,,,0,3,0.0,0.0,0,0.00,0,0.00,0,0.00,0.00,0,0,Facundo,0.0,596,255,0,0,0,False,0.0,620,266,128,False,0.0,614,264,,0,Has joined Elche on loan for the rest of the season,2026-08-10T14:03:07.561436Z,50,312,190,p536916,0,0,,0,,536916.jpg,0.0,626,270,False,0,,0.0,"[{'offset': 0, 'projected_percent': '0.0', 'likelihood': 0}, {'offset': 1, 'projected_percent': '0.0', 'likelihood': 0}, {'offset': 2, 'projected_percent': '0.0', 'likelihood': 0}]",0,0,10,False,0,0,,[],Buonanotte,0.0,659,292,False,,0,0,u,0,5,36,2023-01-01,0.0,597,255,0,0,0,335,1,0.0,0.0,Buonanotte,0
0,2003-10-06,0,76,True,True,100,100,4,0.86,5,509416,4,,0,0,-1,1,48.9,121,81,23,4.93,2,,0,3,4.7,4.7,3,0.19,0.04,1.01,0.22,0.82,6.36,1.36,0.18,Yasin,4.7,51,17,1,0.21,1,False,16.9,116,62,129,False,56.0,174,69,,420,,2026-08-30T18:00:07.935334Z,54,197,123,p509416,0,0,,0,,509416.jpg,3.6,111,44,False,10,,-24.3,"[{'offset': 0, 'projected_percent': '-24.0', 'likelihood': -2}, {'offset': 1, 'projected_percent': '-19.7', 'likelihood': -1}, {'offset': 2, 'projected_percent': '-15.3', 'likelihood': -1}]",16,0,206,False,0,0.0,,[],Ayari,0.4,273,89,False,,5,1.07,a,2,5,36,2023-01-30,68.0,65,40,18,16264,393,44270,266,0.9,3.3,Ayari,1
0,1999-11-16,1,38,True,True,0,0,1,0.58,11,467779,,,0,0,-1,1,35.5,170,50,15,8.65,,,0,2,0.0,0.0,0,0.13,0.08,0.25,0.15,0.12,3.18,1.83,0.07,Mats,0.0,550,203,4,2.31,0,False,8.3,231,84,130,False,37.0,230,91,,156,Knee injury - Unknown return date,2026-09-04T09:30:08.612904Z,49,367,67,p467779,0,0,,0,,467779.jpg,3.5,118,49,False,-14,,-56.1,"[{'offset': 0, 'projected_percent': '-56.4', 'likelihood': -3}, {'offset': 1, 'projected_percent': '-61.9', 'likelihood': -3}, {'offset': 2, 'projected_percent': '-67.4', 'likelihood': -3}]",9,0,152,False,0,0.0,https://www.brightonandhovealbion.com/media-article/mft-match-preview-sunderland-bha-pl-october-2026,[],Wieffer,0.2,367,139,False,,2,1.15,i,4,5,36,2024-07-06,10.0,255,87,7,25960,3,45002,165,0.0,1.4,Wieffer,0
0,,0,0,False,True,0,0,0,0,0,597320,,,0,0,0,0,0.0,530,220,0,0,,,0,3,0.0,0.0,0,0.00,0,0.00,0,0.00,0.00,0,0,Harry,0.0,501,194,0,0,0,False,0.0,539,215,132,False,0.0,534,214,,0,Has joined Leicester City on loan for the rest of the season,2026-08-17T13:53:19.019938Z,45,514,269,p597320,0,0,,0,,597320.jpg,0.0,552,225,False,0,,0.0,"[{'offset': 0, 'projected_percent': '0.0', 'likelihood': 0}, {'offset': 1, 'projected_percent': '0.0', 'likelihood': 0}, {'offset': 2, 'projected_percent': '0.0', 'likelihood': 0}]",0,0,,False,0,0,,[],Howell,0.0,549,226,False,,0,0,u,0,5,36,,0.0,488,192,0,0,0,3872,12,0.0,0.0,Howell,0
0,2006-04-08,0,0,False,True,0,0,0,0,0,549074,,,0,0,0,0,0.0,622,271,0,0,,,0,3,0.0,0.0,0,0.00,0,0.00,0,0.00,0.00,0,0,Tom,0.0,598,257,0,0,0,False,0.0,622,268,133,False,0.0,616,266,,0,Has joined Leicester City on loan for the rest of the season,2026-08-03T14:05:44.459483Z,50,314,192,p549074,0,0,,0,,549074.jpg,0.0,628,272,False,0,,0.0,"[{'offset': 0, 'projected_percent': '0.0', 'likelihood': 0}, {'offset': 1, 'projected_percent': '0.0', 'likelihood': 0}, {'offset': 2, 'projected_percent': '0.0', 'likelihood': 0}]",0,0,241,False,0,0,,[],Watson,0.0,664,296,False,,0,0,u,0,5,36,2025-06-01,0.0,599,257,0,0,0,138,0,0.0,0.0,Watson,0
0,2007-06-11,0,0,True,True,,,0,0,0,556637,,,0,0,-1,1,0.0,474,206,0,0,,,0,3,0.0,0.0,0,0.00,0,0.00,0,0.00,0.00,0,0,Nehemiah,0.0,446,179,0,0,0,False,0.0,487,201,134,False,0.0,482,200,,0,,,44,570,293,p556637,0,0,,0,,556637.jpg,0.0,502,211,False,-1,,0.0,"[{'offset': 0, 'projected_percent': '0.0', 'likelihood': 0}, {'offset': 1, 'projected_percent': '0.0', 'likelihood': 0}, {'offset': 2, 'projected_percent': '0.0', 'likelihood': 0}]",0,0,241,False,0,0,,[],Oriola,0.2,315,109,False,,0,0,a,0,5,36,2025-10-17,0.0,424,178,0,9524,200,15658,119,0.0,0.0,Oriola,0
0,2007-06-29,0,3,True,True,0,0,0,0.0,0,700308,,,0,0,-2,2,1.3,351,174,0,0.0,,,0,3,0.0,0.0,0,0.03,0.22,0.03,0.22,0.00,0.00,0.0,0.0,Zadok,0.0,530,213,0,0.0,0,False,0.2,399,187,135,False,0.2,403,189,,12,Unspecified injury - Expected back 18 Oct,2026-09-10T13:00:08.617941Z,48,422,257,p700308,0,0,,0,,700308.jpg,1.0,346,152,False,0,,-8.7,"[{'offset': 0, 'projected_percent': '-8.7', 'likelihood': -1}, {'offset': 1, 'projected_percent': '-8.7', 'likelihood': -1}, {'offset': 2, 'projected_percent': '-8.7', 'likelihood': -1}]",0,0,157,False,0,0.0,,[],Yohanna,0.0,536,218,False,,0,0.0,i,0,5,36,2026-06-15,0.0,519,210,1,1276,0,5854,35,0.0,0.2,Yohanna,0
0,2006-01-06,0,0,True,True,0,0,0,0,0,608181,,,0,0,-1,1,0.0,638,74,0,0,,,0,4,0.0,0.0,0,0.00,0,0.00,0,0.00,0.00,0,0,Stefanos,0.0,627,68,0,0,0,False,0.0,640,74,137,False,0.0,635,70,,0,Knee injury - Unknown return date,2026-07-23T12:01:23.432796Z,54,203,46,p608181,0,0,,0,,608181.jpg,0.0,642,74,False,0,,-11.0,"[{'offset': 0, 'projected_percent': '-11.0', 'likelihood': -1}, {'offset': 1, 'projected_percent': '-11.0', 'likelihood': -1}, {'offset': 2, 'projected_percent': '-11.0', 'likelihood': -1}]",0,0,83,False,0,0,https://www.brightonandhovealbion.com/media-article/mft-match-preview-sunderland-bha-pl-october-2026,[],Tzimas,0.0,627,77,False,,0,0,i,0,5,36,2025-02-03,0.0,625,71,0,357,2,792,2,0.0,0.0,Tzimas,0
3,2007-05-30,3,114,True,True,,,2,0.44,8,647850,,,0,0,1,-1,39.1,160,17,34,7.43,,,1,4,7.0,7.0,1,0.07,0.02,1.43,0.32,1.36,8.19,1.79,0.3,Charalampos,7.0,11,2,5,1.09,2,False,26.1,47,8,138,False,95.8,83,7,,412,,,56,125,33,p647850,0,0,,0,,647850.jpg,4.8,62,4,False,435,,85.3,"[{'offset': 0, 'projected_percent': '85.8', 'likelihood': 3}, {'offset': 1, 'projected_percent': '92.9', 'likelihood': 3}, {'offset': 2, 'projected_percent': '100.1', 'likelihood': 5}]",20,0,83,False,0,0.0,,[],Kostoulas,8.2,44,8,False,,5,1.09,a,6,5,36,2025-07-01,127.0,17,8,29,915909,25378,108927,9678,1.3,5.2,Kostoulas,1
0,2004-10-19,0,0,True,True,0,0,0,0,0,487117,,,0,0,0,0,0.0,608,67,0,0,,,0,4,0.0,0.0,0,0.00,0,0.00,0,0.00,0.00,0,0,Evan,0.0,583,59,0,0,0,False,0.0,608,67,139,False,0.0,602,63,,0,Ankle injury - Expected back 18 Oct,2026-07-23T12:01:23.448357Z,50,290,56,p487117,0,0,,0,,487117.jpg,0.0,614,68,False,-2,,-67.7,"[{'offset': 0, 'projected_percent': '-68.0', 'likelihood': -3}, {'offset': 1, 'projected_percent': '-72.8', 'likelihood': -3}, {'offset': 2, 'projected_percent': '-77.7', 'likelihood': -3}]",0,0,104,False,0,0,https://www.brightonandhovealbion.com/media-article/mft-match-preview-sunderland-bha-pl-october-2026,[],Ferguson,0.0,543,73,False,,0,0,i,0,5,36,2021-08-23,0.0,585,62,0,1703,24,2675,29,0.0,0.0,Ferguson,0
0,1999-08-11,0,29,True,True,0,75,1,0.58,12,222694,,,0,0,-1,1,1.5,344,123,14,8.18,,,0,2,0.0,1.0,-2,0.01,0.01,0.32,0.19,0.31,2.18,1.27,0.18,Pascal,1.3,206,72,0,0.0,0,False,4.0,306,115,328,False,32.2,247,102,,154,Suspended until 25 Oct,2026-10-10T16:00:08.881447Z,49,351,61,p222694,0,0,,0,,222694.jpg,1.2,301,105,False,-10,,-21.5,"[{'offset': 0, 'projected_percent': '-21.7', 'likelihood': -2}, {'offset': 1, 'projected_percent': '-25.7', 'likelihood': -2}, {'offset': 2, 'projected_percent': '-29.7', 'likelihood': -2}]",8,1,152,False,0,0.0,,[],Struijk,0.2,365,138,False,,2,1.17,s,2,5,36,2026-06-30,7.0,279,98,5,5747,18,13508,199,0.3,1.0,Struijk,1
0,2007-02-24,2,119,True,True,,,4,0.68,51,610799,,,0,0,0,0,18.0,223,76,58,9.91,,,1,2,7.3,7.3,8,0.08,0.01,0.81,0.13,0.73,9.17,1.57,0.12,Luka,7.3,6,2,5,0.85,1,False,21.8,75,17,504,True,128.2,34,14,,527,,,50,323,54,p610799,0,0,,0,,610799.jpg,6.7,14,7,False,259,,81.2,"[{'offset': 0, 'projected_percent': '81.5', 'likelihood': 3}, {'offset': 1, 'projected_percent': '85.7', 'likelihood': 3}, {'offset': 2, 'projected_percent': '90.0', 'likelihood': 3}]",21,0,97,False,0,0.0,,[],Vušković,4.2,82,32,False,,6,1.02,a,7,5,36,2026-07-14,72.0,58,6,40,347583,5681,165018,1450,1.5,8.0,Vuskovic,0
0,2001-07-03,0,-4,True,True,,,0,0.0,0,538007,,,0,0,-1,1,3.7,319,41,0,0.0,,,0,4,0.0,0.0,0,0.00,0.0,0.42,1.64,0.42,0.14,0.55,1.64,Promise,0.0,653,75,0,0.0,0,False,0.4,391,45,594,False,0.0,656,75,,23,,,59,95,24,p538007,0,0,2,0,,538007.jpg,0.5,427,51,False,-9,,0.3,"[{'offset': 0, 'projected_percent': '0.3', 'likelihood': 1}, {'offset': 1, 'projected_percent': '0.1', 'likelihood': 1}, {'offset': 2, 'projected_percent': '-2.1', 'likelihood': -1}]",0,0,39,False,0,0.0,,[],David,0.2,321,51,False,,0,0.0,a,0,5,36,2026-08-18,4.0,313,40,1,16861,236,24013,238,0.0,0.2,David,1
0,2004-11-29,0,15,True,True,,,0,0.0,0,612855,,,0,0,0,0,17.8,225,123,4,9.0,,,0,3,0.3,0.3,0,0.07,0.16,0.12,0.27,0.05,0.32,0.72,0.11,Ibrahim,0.3,331,153,1,2.25,0,False,4.2,302,137,600,False,7.2,344,159,,40,,,50,324,198,p612855,0,0,,0,,612855.jpg,1.0,370,169,False,-2,,-89.7,"[{'offset': 0, 'projected_percent': '-91.0', 'likelihood': -3}, {'offset': 1, 'projected_percent': '-112.1', 'likelihood': -5}, {'offset': 2, 'projected_percent': '-133.2', 'likelihood': -5}]",3,0,81,False,0,0.0,,[],Osman,0.0,584,242,False,,0,0.0,a,1,5,36,2024-07-01,19.0,193,106,3,997,6,1189,15,0.1,0.6,Osman,0
0,2005-11-18,1,103,True,True,,,1,0.35,10,611695,,,0,0,0,0,70.3,74,57,25,8.72,,,0,3,3.3,3.3,1,0.45,0.16,1.91,0.67,1.46,6.72,2.34,0.51,Malick,3.3,83,32,4,1.4,2,False,29.1,36,26,605,False,109.2,58,20,,258,,,45,518,270,p611695,0,0,,0,,611695.jpg,3.5,117,46,False,-207,,52.7,"[{'offset': 0, 'projected_percent': '52.5', 'likelihood': 3}, {'offset': 1, 'projected_percent': '49.1', 'likelihood': 3}, {'offset': 2, 'projected_percent': '45.7', 'likelihood': 3}]",8,0,54,False,0,0.0,,[],Yalcouyé,3.9,87,28,False,,3,1.05,a,7,5,36,2024-07-12,111.0,28,15,21,586867,2573,210883,5548,0.7,4.7,Yalcouyé,0
0,2003-03-26,0,19,True,True,,,0,0.0,0,512123,,,0,0,0,0,0.0,511,194,1,45.0,,,0,2,2.3,2.3,7,0.00,0.0,0.15,6.75,0.15,0.00,0.0,6.75,Jaouen,2.3,124,48,0,0.0,1,False,0.0,519,195,614,False,0.0,514,195,,2,,,45,489,119,p512123,0,0,,0,,512123.jpg,7.0,11,6,False,22,,0.1,"[{'offset': 0, 'projected_percent': '0.1', 'likelihood': 1}, {'offset': 1, 'projected_percent': '0.5', 'likelihood': 1}, {'offset': 2, 'projected_percent': '0.9', 'likelihood': 1}]",1,0,3,False,0,0.0,,[],Hadjam,0.0,510,179,False,,0,0.0,a,1,5,36,2026-08-25,0.0,468,187,7,4298,201,2085,20,0.5,1.6,Hadjam,0
0,,0,0,False,True,0,0,0,0,0,519324,,,0,0,0,0,0.0,618,267,0,0,,,0,3,0.0,0.0,0,0.00,0,0.00,0,0.00,0.00,0,0,Amario,0.0,594,253,0,0,0,False,0.0,618,264,624,False,0.0,612,262,,0,Has joined Middlesbrough on loan for the rest of the season,2026-09-02T15:38:15.552951Z,50,307,187,p519324,0,0,,0,,519324.jpg,0.0,624,268,False,0,,0.0,"[{'offset': 0, 'projected_percent': '0.0', 'likelihood': 0}, {'offset': 1, 'projected_percent': '0.0', 'likelihood': 0}, {'offset': 2, 'projected_percent': '0.0', 'likelihood': 0}]",0,0,,False,0,0,,[],Cozier-Duberry,0.0,666,298,False,,0,0,u,0,5,36,,0.0,595,253,0,117,0,117,1,0.0,0.0,Cozier-Duberry,0
1,2005-04-25,0,46,True,True,,,2,0.9,6,592984,,,0,0,0,0,17.9,224,122,20,9.05,,,0,3,5.0,5.0,3,0.13,0.06,0.65,0.3,0.52,2.42,1.09,0.24,José María,5.0,41,15,0,0.0,1,False,10.9,199,95,639,False,52.2,186,75,Chema Andrés,199,,,55,163,103,p592984,0,0,,0,,592984.jpg,5.0,53,23,False,12,,3.2,"[{'offset': 0, 'projected_percent': '3.2', 'likelihood': 1}, {'offset': 1, 'projected_percent': '3.4', 'likelihood': 1}, {'offset': 2, 'projected_percent': '3.6', 'likelihood': 1}]",12,0,200,False,0,0.0,,[],Andrés Baixauli,0.1,470,182,False,,2,0.9,a,2,5,36,2026-09-01,39.0,128,70,15,7352,356,1169,82,0.9,2.7,Andrés,0
0,2001-06-05,0,0,True,True,0,0,0,0,0,471551,,,0,0,0,0,0.0,649,284,0,0,,,0,3,0.0,0.0,0,0.00,0,0.00,0,0.00,0.00,0,0,Femi,0.0,635,278,0,0,0,False,0.0,648,283,652,False,0.0,643,282,,0,Hamstring injury - Expected back 18 Oct,2026-09-04T11:30:08.661589Z,55,150,92,p471551,0,0,,0,,471551.jpg,0.0,650,285,False,0,,-46.3,"[{'offset': 0, 'projected_percent': '-46.3', 'likelihood': -3}, {'offset': 1, 'projected_percent': '-46.3', 'likelihood': -3}, {'offset': 2, 'projected_percent': '-46.3', 'likelihood': -3}]",0,0,157,False,0,0,https://www.brightonandhovealbion.com/media-article/mft-match-preview-manchester-united-bha-carabao-cup-september-2026,[],Azeez,0.0,651,286,False,,0,0,i,0,5,36,2026-09-01,0.0,637,278,0,455,1,232,8,0.0,0.0,Azeez,0
0,2008-02-16,0,0,True,True,,,0,0,0,661016,,,0,0,0,0,0.0,541,227,0,0,,,0,3,0.0,0.0,0,0.00,0,0.00,0,0.00,0.00,0,0,Younes,0.0,514,201,0,0,0,False,0.0,550,222,658,False,0.0,545,221,,0,,,45,531,278,p661016,0,0,,0,,661016.jpg,0.0,564,232,False,0,,0.1,"[{'offset': 0, 'projected_percent': '0.1', 'likelihood': 1}, {'offset': 1, 'projected_percent': '0.1', 'likelihood': 1}, {'offset': 2, 'projected_percent': '0.1', 'likelihood': 1}]",0,0,63,False,0,0,,[],Ibrahim,0.0,585,243,False,,0,0,a,0,5,36,2026-08-12,0.0,502,200,0,1679,32,578,18,0.0,0.0,Ibrahim,0
0,1992-09-02,0,77,True,True,,,0,0.0,1,98980,,,0,0,0,0,30.0,184,1,0,0.0,,,0,1,2.3,2.3,3,0.01,0.0,0.01,0.0,0.00,8.87,1.77,0.0,Emiliano,2.3,130,14,11,2.2,0,False,17.5,112,1,28,False,145.0,24,4,Emiliano Martínez,450,,,50,242,6,p98980,0,0,,0,,98980.jpg,2.4,197,16,False,-51,,-10.9,"[{'offset': 0, 'projected_percent': '-11.0', 'likelihood': -1}, {'offset': 1, 'projected_percent': '-12.9', 'likelihood': -1}, {'offset': 2, 'projected_percent': '-14.8', 'likelihood': -1}]",52,0,10,False,21,4.2,,[],Martínez Romero,4.7,77,11,False,,5,1.0,a,0,6,8,2026-08-29,0.0,563,62,12,257481,817,264669,2063,0.5,2.4,Martinez,0
1,2002-07-26,2,174,True,True,,,0,0.0,7,244850,4,,0,0,3,-3,140.1,21,20,44,7.62,3,,1,3,6.3,6.3,9,1.30,0.22,3.20,0.55,1.90,10.05,1.74,0.33,Morgan,6.3,16,8,13,2.25,4,False,43.9,9,8,40,True,159.0,9,6,,520,,,78,13,9,p244850,0,0,,0,,244850.jpg,6.3,21,9,False,2835,,50.8,"[{'offset': 0, 'projected_percent': '53.6', 'likelihood': 3}, {'offset': 1, 'projected_percent': '100.4', 'likelihood': 5}, {'offset': 2, 'projected_percent': '147.2', 'likelihood': 5}]",29,0,241,False,0,0.0,,[],Rogers,43.2,5,1,False,,6,1.04,a,8,6,8,2026-07-21,140.0,15,8,38,2859767,54441,737587,1768,0.8,4.9,Rogers,1
1,1990-06-17,3,78,True,True,100,100,0,0.0,7,56979,3,,0,0,-1,1,10.4,277,141,18,9.0,,,1,3,6.7,6.7,18,0.13,0.06,0.27,0.13,0.14,4.03,2.02,0.07,Jordan,6.7,13,5,4,2.0,2,False,2.7,329,154,101,False,16.6,294,125,Jordan Henderson,180,,2026-08-09T09:30:07.136250Z,49,331,201,p56979,0,0,,0,,56979.jpg,10.0,2,2,False,347,,4.6,"[{'offset': 0, 'projected_percent': '4.9', 'likelihood': 1}, {'offset': 1, 'projected_percent': '10.7', 'likelihood': 1}, {'offset': 2, 'projected_percent': '16.4', 'likelihood': 1}]",10,0,241,False,0,0.0,,[],Henderson,0.1,396,145,False,,2,1.0,a,1,6,8,2026-08-03,0.0,520,211,20,8716,7310,2896,162,1.4,4.1,Henderson,0
0,1990-11-26,0,18,True,True,100,100,0,0.0,2,50175,,,0,0,-1,1,32.7,177,19,5,4.89,,,0,4,1.3,1.3,1,0.14,0.14,0.14,0.14,0.00,2.04,2.0,0.0,Danny,1.3,219,24,1,0.98,0,False,6.1,269,30,136,False,14.4,300,30,,92,,2026-08-20T14:00:07.949090Z,59,77,20,p50175,0,0,,0,,50175.jpg,1.2,305,35,False,-90,,3.6,"[{'offset': 0, 'projected_percent': '3.5', 'likelihood': 1}, {'offset': 1, 'projected_percent': '2.0', 'likelihood': 1}, {'offset': 2, 'projected_percent': '0.6', 'likelihood': 1}]",2,0,241,False,0,0.0,,[],Welbeck,0.9,184,28,False,,1,0.98,a,1,6,8,2026-08-01,14.0,228,34,5,70515,415,98984,3034,0.2,0.8,Welbeck,0
0,1997-11-18,0,6,False,True,0,0,0,0.0,1,215059,,,0,0,-1,1,0.0,564,59,0,0.0,,,0,1,0.0,0.0,0,0.01,0.01,0.01,0.01,0.00,1.33,1.33,0.0,Robert,0.0,540,69,2,2.0,0,False,2.1,346,23,140,False,21.4,282,23,,90,Has joined Como on loan for the rest of the season,2026-09-02T16:20:41.841936Z,49,347,17,p215059,0,0,,0,,215059.jpg,2.0,233,19,False,-13,,0.0,"[{'offset': 0, 'projected_percent': '0.0', 'likelihood': 0}, {'offset': 1, 'projected_percent': '0.0', 'likelihood': 0}, {'offset': 2, 'projected_percent': '0.0', 'likelihood': 0}]",5,0,200,False,4,4.0,,[],Lynch Sánchez,0.6,223,33,False,,1,1.0,u,0,6,8,2023-08-05,0.0,531,57,2,10847,0,181151,361,0.0,0.4,Sánchez,0
0,2002-04-16,0,0,False,True,0,0,0,0,0,508479,,,0,0,0,0,0.0,617,70,0,0,,,0,1,0.0,0.0,0,0.00,0,0.00,0,0.00,0.00,0,0,Filip,0.0,593,73,0,0,0,False,0.0,617,73,141,False,0.0,611,73,,0,Has joined RC Strasbourg on loan for the rest of the season,2026-08-12T14:07:02.607115Z,50,303,13,p508479,0,0,,0,,508479.jpg,0.0,623,73,False,0,,0.0,"[{'offset': 0, 'projected_percent': '0.0', 'likelihood': 0}, {'offset': 1, 'projected_percent': '0.0', 'likelihood': 0}, {'offset': 2, 'projected_percent': '0.0', 'likelihood': 0}]",0,0,58,False,0,0,,[],Jörgensen,0.0,621,72,False,,0,0,u,0,6,8,2024-07-30,0.0,594,69,0,0,0,959,3,0.0,0.0,Jörgensen,0
0,1999-12-08,0,24,True,True,75,100,0,0.0,11,225796,1,,0,0,-2,2,42.6,146,39,13,4.01,1,,0,2,0.2,0.3,0,0.26,0.08,0.59,0.18,0.33,4.90,1.51,0.1,Reece,0.3,336,121,7,2.16,0,False,14.8,146,51,142,False,56.2,172,73,,292,Unspecified injury - 75% chance of playing,2026-10-10T13:30:08.699019Z,53,211,29,p225796,0,0,,0,,225796.jpg,0.8,413,145,False,-349,,-3.5,"[{'offset': 0, 'projected_percent': '-3.8', 'likelihood': -1}, {'offset': 1, 'projected_percent': '-9.8', 'likelihood': -1}, {'offset': 2, 'projected_percent': '-15.9', 'likelihood': -1}]",15,0,241,False,0,0.0,,[],James,5.4,72,28,False,,3,0.92,d,2,6,8,2019-05-15,49.0,97,21,3,173864,222,653332,7653,0.1,0.6,James,1
0,1999-07-05,0,0,False,True,0,0,0,0,0,180736,,,0,0,0,0,0.0,643,216,0,0,,,0,2,0.0,0.0,0,0.00,0,0.00,0,0.00,0.00,0,0,Trevoh,0.0,630,214,0,0,0,False,0.0,643,216,143,False,0.0,638,216,,0,Has joined Como permanently,2026-08-10T14:03:50.769483Z,55,133,14,p180736,0,0,,0,,180736.jpg,0.0,645,216,False,0,,0.0,"[{'offset': 0, 'projected_percent': '0.0', 'likelihood': 0}, {'offset': 1, 'projected_percent': '0.0', 'likelihood': 0}, {'offset': 2, 'projected_percent': '0.0', 'likelihood': 0}]",0,0,241,False,0,0,,[],Chalobah,0.1,469,168,False,,0,0,u,0,6,8,2018-02-16,0.0,630,214,0,0,0,14091,21,0.0,0.0,Chalobah,0
0,2003-05-19,0,16,True,True,,,0,0.0,11,482609,6,,0,0,-1,1,37.2,164,45,15,4.93,,,0,2,0.7,0.7,1,0.12,0.04,0.20,0.07,0.08,3.52,1.16,0.03,Malo,0.7,263,94,7,2.3,0,False,8.2,233,86,144,False,32.0,248,103,,274,,,49,371,69,p482609,0,0,,0,,482609.jpg,1.0,352,136,False,-31,,-9.3,"[{'offset': 0, 'projected_percent': '-9.6', 'likelihood': -1}, {'offset': 1, 'projected_percent': '-15.4', 'likelihood': -1}, {'offset': 2, 'projected_percent': '-21.1', 'likelihood': -2}]",13,0,73,False,0,0.0,,[],Gusto,0.9,185,70,False,,3,0.99,a,4,6,8,2023-01-28,13.0,233,79,5,38077,95,72079,799,0.1,1.0,Gusto,0
0,2000-12-17,0,35,True,True,100,100,0,0.0,40,444463,,,0,0,0,0,29.2,189,60,47,13.56,,,0,2,1.7,1.7,0,0.08,0.02,0.08,0.02,0.00,5.65,1.63,0.0,Wesley,1.7,180,66,7,2.02,0,False,13.4,165,58,145,False,100.4,78,35,Wesley Fofana,312,,2026-07-23T12:01:23.464591Z,50,276,42,p444463,0,0,,0,,444463.jpg,2.0,238,91,False,-7,,6.2,"[{'offset': 0, 'projected_percent': '6.2', 'likelihood': 1}, {'offset': 1, 'projected_percent': '6.1', 'likelihood': 1}, {'offset': 2, 'projected_percent': '6.0', 'likelihood': 1}]",11,0,73,False,0,0.0,,[],Fofana,0.2,318,119,False,,4,1.15,a,7,6,8,2022-08-31,4.0,308,112,8,21878,133,9558,296,0.3,1.6,Fofana,1
0,2001-03-26,0,0,False,True,0,0,0,0,0,242880,,,0,0,0,0,0.0,496,189,0,0,,,0,2,0.0,0.0,0,0.00,0,0.00,0,0.00,0.00,0,0,Benoît,0.0,466,180,0,0,0,False,0.0,505,190,146,False,0.0,500,190,,0,Has joined Napoli on loan for the rest of the season,2026-08-25T14:03:47.079414Z,45,461,105,p242880,0,0,,0,,242880.jpg,0.0,520,192,False,0,,0.0,"[{'offset': 0, 'projected_percent': '0.0', 'likelihood': 0}, {'offset': 1, 'projected_percent': '0.0', 'likelihood': 0}, {'offset': 2, 'projected_percent': '0.0', 'likelihood': 0}]",0,0,73,False,0,0,,[],Badiashile Mukinayi,0.0,611,207,False,,0,0,u,0,6,8,2023-01-05,0.0,447,179,0,232,0,1970,2,0.0,0.0,B.Badiashile,0
2,2006-03-07,0,14,True,True,,,0,0.0,11,551210,,,0,0,0,0,47.1,131,36,18,6.28,,,0,2,0.0,0.0,0,0.21,0.07,0.22,0.07,0.01,4.81,1.68,0.0,Jorrel,0.0,489,190,9,3.14,0,False,14.0,158,55,148,False,77.0,119,53,,258,,,45,498,124,p551210,0,0,,0,,551210.jpg,2.0,231,88,False,-56,,10.5,"[{'offset': 0, 'projected_percent': '10.5', 'likelihood': 1}, {'offset': 1, 'projected_percent': '9.6', 'likelihood': 1}, {'offset': 2, 'projected_percent': '8.6', 'likelihood': 1}]",9,0,152,False,0,0.0,,[],Hato,0.7,209,81,False,,4,1.4,a,7,6,8,2025-08-03,15.0,218,70,8,92416,51,69600,1654,0.0,1.8,Hato,0
0,2003-02-26,0,27,True,True,,,0,0.0,27,460028,,,0,0,-2,2,16.6,231,79,31,6.47,,,0,2,1.3,1.3,2,0.05,0.01,0.06,0.01,0.01,8.05,1.68,0.0,Levi,1.3,203,70,10,2.09,0,False,9.2,220,79,149,False,61.6,161,68,,431,,,48,412,76,p460028,0,0,,0,,460028.jpg,1.0,341,132,False,-21,,-10.7,"[{'offset': 0, 'projected_percent': '-10.9', 'likelihood': -1}, {'offset': 1, 'projected_percent': '-15.2', 'likelihood': -1}, {'offset': 2, 'projected_percent': '-19.4', 'likelihood': -1}]",17,0,241,False,0,0.0,,[],Samuels Colwill,0.8,199,78,False,,5,1.04,a,4,6,8,2022-07-01,13.0,232,78,5,29013,178,104777,586,0.3,1.0,Colwill,1
0,2005-08-29,0,0,False,True,0,0,0,0,0,574458,,,0,0,0,0,0.0,523,198,0,0,,,0,2,0.0,0.0,0,0.00,0,0.00,0,0.00,0.00,0,0,Mamadou,0.0,494,191,0,0,0,False,0.0,532,199,150,False,0.0,527,199,Mamadou Sarr,0,Has joined Real Sociedad on loan for the rest of the season,2026-08-29T00:34:23.077418Z,45,504,125,p574458,0,0,,0,,574458.jpg,0.0,545,200,False,0,,0.0,"[{'offset': 0, 'projected_percent': '0.0', 'likelihood': 0}, {'offset': 1, 'projected_percent': '0.0', 'likelihood': 0}, {'offset': 2, 'projected_percent': '0.0', 'likelihood': 0}]",0,0,189,False,0,0,,[],Sarr,0.0,555,189,False,,0,0,u,0,6,8,2025-06-09,0.0,481,191,0,429,0,6118,13,0.0,0.0,M.Sarr,0
0,2006-05-05,0,17,True,True,,,0,0.0,15,577016,,,0,0,0,0,5.5,298,108,26,7.52,,,0,2,0.7,0.7,2,0.05,0.01,0.05,0.01,0.00,6.10,1.77,0.0,Josh,0.7,257,91,8,2.32,0,False,5.4,284,106,151,False,43.0,207,83,,311,,,45,506,127,p577016,0,0,,0,,577016.jpg,1.4,284,102,False,-3,,-31.3,"[{'offset': 0, 'projected_percent': '-31.4', 'likelihood': -2}, {'offset': 1, 'projected_percent': '-33.1', 'likelihood': -2}, {'offset': 2, 'projected_percent': '-34.9', 'likelihood': -2}]",14,0,241,False,0,0.0,,[],Acheampong,0.3,282,103,False,,3,0.87,a,11,6,8,2024-03-10,6.0,285,102,7,21578,110,24351,187,0.2,1.6,Acheampong,0
0,2005-03-03,0,3,True,True,100,100,0,0.0,0,620109,,,0,0,-2,2,0.0,631,215,0,0.0,,,0,2,0.3,0.3,1,0.00,0.0,0.00,0.0,0.00,0.05,0.25,0.0,Marco,0.3,342,122,0,0.0,0,False,0.0,633,215,152,False,0.0,628,215,,18,,2026-08-24T18:30:07.421239Z,53,236,33,p620109,0,0,,0,,620109.jpg,1.0,385,141,False,-7,,-3.5,"[{'offset': 0, 'projected_percent': '-3.6', 'likelihood': -1}, {'offset': 1, 'projected_percent': '-5.8', 'likelihood': -1}, {'offset': 2, 'projected_percent': '-8.0', 'likelihood': -1}]",1,0,106,False,0,0.0,,[],Palestra,0.6,237,92,False,,0,0.0,a,0,6,8,2026-07-01,0.0,618,213,1,8345,153,225188,357,0.1,0.2,Palestra,0
4,2002-05-06,3,185,True,True,100,100,0,0.0,4,244851,,,0,0,2,-2,145.3,19,18,39,6.64,2,,1,3,5.0,5.0,8,0.86,0.15,2.17,0.37,1.31,10.08,1.71,0.22,Cole,5.0,44,16,13,2.21,2,False,44.1,8,7,154,False,151.0,15,10,,529,,2026-09-21T13:00:09.022726Z,97,3,2,p244851,0,0,1,0,,244851.jpg,6.0,32,15,False,1292,,-76.4,"[{'offset': 0, 'projected_percent': '-75.2', 'likelihood': -3}, {'offset': 1, 'projected_percent': '-53.9', 'likelihood': -3}, {'offset': 2, 'projected_percent': '-32.5', 'likelihood': -2}]",26,0,241,False,0,0.0,,[],Palmer,24.5,12,6,False,,6,1.02,a,9,6,8,2023-09-01,144.0,13,7,36,2065667,23230,906764,4717,0.5,3.7,Palmer,1
1,2000-03-09,0,102,True,True,,,0,0.0,9,247632,2,,0,0,0,0,92.6,47,40,34,7.39,4,,0,3,3.0,3.0,5,0.64,0.14,1.48,0.32,0.84,7.96,1.73,0.18,Pedro,3.0,101,40,9,1.96,1,False,28.2,40,29,156,False,82.0,115,36,Pedro Neto,414,,,65,37,25,p247632,0,0,,0,,247632.jpg,3.2,140,56,False,27,,0.6,"[{'offset': 0, 'projected_percent': '0.6', 'likelihood': 1}, {'offset': 1, 'projected_percent': '1.1', 'likelihood': 1}, {'offset': 2, 'projected_percent': '1.5', 'likelihood': 1}]",17,0,173,False,0,0.0,,[],Lomba Neto,1.4,155,47,False,,5,1.09,a,8,6,8,2024-08-11,108.0,29,16,19,92020,1292,99927,741,0.5,2.9,Neto,0
0,2007-04-24,0,20,True,True,,,0,0.0,0,624773,5,,0,0,-2,2,1.6,343,173,2,6.21,,,0,3,1.0,1.0,1,0.07,0.22,0.14,0.44,0.07,1.06,3.29,0.22,Estêvão,1.0,249,119,1,3.1,0,False,5.0,293,131,157,False,8.6,334,154,Estêvão,29,,,63,52,36,p624773,0,0,2,0,,624773.jpg,1.0,405,194,False,-8,,-33.9,"[{'offset': 0, 'projected_percent': '-34.0', 'likelihood': -2}, {'offset': 1, 'projected_percent': '-36.0', 'likelihood': -2}, {'offset': 2, 'projected_percent': '-38.0', 'likelihood': -2}]",1,0,30,False,0,0.0,,[],Almeida de Oliveira Gonçalves,0.7,217,68,False,,0,0.0,a,1,6,8,2025-07-14,38.0,131,72,5,20015,371,89488,457,0.2,0.8,Estêvão,0
0,2004-08-08,0,0,True,True,0,0,0,0,0,463936,,,0,0,-2,2,0.0,653,288,0,0,,,0,3,0.0,0.0,0,0.00,0,0.00,0,0.00,0.00,0,0,Jamie,0.0,641,284,0,0,0,False,0.0,653,288,158,False,0.0,648,287,,0,Ankle injury - Unknown return date,2026-09-26T05:30:09.245832Z,58,105,67,p463936,0,0,,0,,463936.jpg,0.0,653,288,False,-3,,-9.1,"[{'offset': 0, 'projected_percent': '-9.5', 'likelihood': -1}, {'offset': 1, 'projected_percent': '-15.9', 'likelihood': -1}, {'offset': 2, 'projected_percent': '-22.4', 'likelihood': -2}]",0,0,241,False,0,0,https://www.chelseafc.com/en/news/article/xabi-alonso-confirms-chelsea-team-news-for-bournemouth,[],Bynoe-Gittens,0.0,554,229,False,,0,0,i,0,6,8,2025-07-05,0.0,645,285,0,1152,2,3085,52,0.0,0.0,Gittens,0
0,2001-11-02,0,23,True,True,100,100,0,0.0,5,486672,,,0,0,-2,2,0.1,393,197,11,11.79,,,0,3,0.7,0.7,2,0.00,0.0,0.01,0.01,0.01,1.39,1.49,0.01,Moisés,0.7,273,129,1,1.07,0,False,0.0,631,272,159,False,0.0,626,271,Moisés Caicedo,84,,2026-08-30T16:00:08.393562Z,53,225,142,p486672,0,0,,0,,486672.jpg,1.5,278,125,False,16,,0.2,"[{'offset': 0, 'projected_percent': '0.2', 'likelihood': 1}, {'offset': 1, 'projected_percent': '0.5', 'likelihood': 1}, {'offset': 2, 'projected_percent': '0.8', 'likelihood': 1}]",2,0,62,False,0,0.0,,[],Caicedo Corozo,1.0,175,56,False,,1,1.07,a,4,6,8,2023-08-14,0.0,614,265,3,17370,657,287395,306,0.1,0.6,Caicedo,0
0,2004-01-06,0,67,True,True,,,0,0.0,12,514356,,,0,0,0,0,29.1,191,109,34,11.09,,,0,3,1.0,1.0,1,0.11,0.04,0.86,0.28,0.75,5.11,1.67,0.24,Roméo,1.0,233,107,8,2.61,1,False,16.1,121,63,161,False,65.8,144,49,,276,,,50,305,185,p514356,0,0,,0,,514356.jpg,2.4,199,86,False,-8,,4.5,"[{'offset': 0, 'projected_percent': '4.5', 'likelihood': 1}, {'offset': 1, 'projected_percent': '4.4', 'likelihood': 1}, {'offset': 2, 'projected_percent': '4.3', 'likelihood': 1}]",15,0,21,False,0,0.0,,[],Lavia,0.2,331,117,False,,4,1.3,a,7,6,8,2023-08-18,66.0,66,41,12,26446,57,17464,278,0.2,2.4,Lavia,1
0,2005-03-14,0,0,False,True,0,0,0,0,0,491007,,,0,0,0,0,0.0,505,212,0,0,,,0,3,0.0,0.0,0,0.00,0,0.00,0,0.00,0.00,0,0,Dário,0.0,476,186,0,0,0,False,0.0,513,207,163,False,0.0,508,206,Dário Essugo,0,Has joined RC Strasbourg on loan for the rest of the season,2026-09-02T16:20:41.865225Z,45,483,260,p491007,0,0,,0,,491007.jpg,0.0,528,217,False,-2,,0.0,"[{'offset': 0, 'projected_percent': '0.0', 'likelihood': 0}, {'offset': 1, 'projected_percent': '0.0', 'likelihood': 0}, {'offset': 2, 'projected_percent': '0.0', 'likelihood': 0}]",0,0,173,False,0,0,,[],Luís Essugo,0.1,436,164,False,,0,0,u,0,6,8,2025-06-02,0.0,462,184,0,2698,0,15156,80,0.0,0.0,D.Essugo,0
0,2007-04-30,0,5,True,True,100,100,0,0.0,1,593117,,,0,0,-2,2,2.1,330,165,1,3.33,,,0,3,0.3,0.3,0,0.01,0.03,0.04,0.13,0.03,1.29,4.3,0.1,Geovany,0.3,340,158,2,6.67,0,False,1.2,374,177,164,False,1.6,390,182,Geovany Quenda,27,,2026-07-24T20:30:10.609931Z,53,234,148,p593117,0,0,,0,,593117.jpg,1.0,383,178,False,0,,-45.2,"[{'offset': 0, 'projected_percent': '-45.2', 'likelihood': -3}, {'offset': 1, 'projected_percent': '-45.2', 'likelihood': -3}, {'offset': 2, 'projected_percent': '-45.2', 'likelihood': -3}]",0,0,173,False,0,0.0,,[],Quenda,0.0,533,215,False,,0,0.0,a,0,6,8,2026-06-15,8.0,271,139,2,941,4,3527,24,0.1,0.4,Quenda,0
3,2001-09-26,9,202,True,True,100,100,0,0.0,3,475168,,,0,0,2,-2,90.0,49,1,14,2.92,,,3,4,8.0,8.0,12,0.29,0.06,3.06,0.64,2.77,7.49,1.56,0.58,João Pedro,8.0,4,1,10,2.09,5,False,37.0,15,3,165,True,158.4,10,2,João Pedro,431,,2026-09-16T19:00:09.919929Z,77,16,5,p475168,1,0,,0,,475168.jpg,9.0,3,1,False,4154,,72.5,"[{'offset': 0, 'projected_percent': '76.6', 'likelihood': 3}, {'offset': 1, 'projected_percent': '145.1', 'likelihood': 5}, {'offset': 2, 'projected_percent': '213.6', 'likelihood': 5}]",10,0,30,False,0,0.0,,[],Junqueira de Jesus,67.2,2,2,False,,5,1.04,a,1,6,8,2025-07-02,123.0,21,10,45,2003303,109526,1681146,1283,1.0,5.8,João Pedro,1
0,2006-01-04,0,0,False,True,0,0,0,0,0,499309,,,0,0,0,0,0.0,615,68,0,0,,,0,4,0.0,0.0,0,0.00,0,0.00,0,0.00,0.00,0,0,Marc,0.0,590,60,0,0,0,False,0.0,615,68,168,False,0.0,609,64,,0,Has joined RB Leipzig permanently,2026-09-01T13:24:48.857362Z,50,300,57,p499309,0,0,,0,,499309.jpg,0.0,621,69,False,-5,,0.0,"[{'offset': 0, 'projected_percent': '0.0', 'likelihood': 0}, {'offset': 1, 'projected_percent': '0.0', 'likelihood': 0}, {'offset': 2, 'projected_percent': '0.0', 'likelihood': 0}]",0,0,200,False,0,0,,[],Guiu Paz,0.2,347,55,False,,0,0,u,0,6,8,2024-07-01,0.0,592,63,0,4102,0,34520,133,0.0,0.0,Marc Guiu,0
0,,0,0,True,True,,,0,0,0,567119,,,0,0,0,0,0.0,521,56,0,0,,,0,4,0.0,0.0,0,0.00,0,0.00,0,0.00,0.00,0,0,Shumaira,0.0,492,49,0,0,0,False,0.0,530,56,169,False,0.0,525,52,,0,,,45,502,73,p567119,0,0,,0,,567119.jpg,0.0,543,58,False,-5,,5.0,"[{'offset': 0, 'projected_percent': '5.0', 'likelihood': 1}, {'offset': 1, 'projected_percent': '4.9', 'likelihood': 1}, {'offset': 2, 'projected_percent': '4.8', 'likelihood': 1}]",0,0,,False,0,0,,[],Mheuka,0.5,253,40,False,,0,0,a,0,6,8,,0.0,479,51,0,35130,368,27944,454,0.0,0.0,Mheuka,0
0,2003-02-03,0,0,True,True,0,0,0,0,0,503037,,,0,0,-1,1,0.0,577,63,0,0,,,0,4,0.0,0.0,0,0.00,0,0.00,0,0.00,0.00,0,0,Emmanuel,0.0,555,55,0,0,0,False,0.0,582,63,170,False,0.0,576,59,,0,Hamstring injury - Expected back 17 Oct,2026-09-09T15:00:09.063849Z,49,378,65,p503037,0,0,,0,,503037.jpg,0.0,592,64,False,-7,,-3.8,"[{'offset': 0, 'projected_percent': '-4.0', 'likelihood': -1}, {'offset': 1, 'projected_percent': '-8.5', 'likelihood': -1}, {'offset': 2, 'projected_percent': '-12.9', 'likelihood': -1}]",0,0,152,False,0,0,https://www.chelseafc.com/en/news/article/xabi-alonso-confirms-chelsea-team-news-for-hull-city,[],Emegha,0.1,413,63,False,,0,0,i,0,6,8,2026-06-15,0.0,545,58,0,6196,13,13162,89,0.0,0.0,Emegha,0
1,2000-04-06,0,41,True,True,,,0,0.0,44,437499,,,0,0,-1,1,13.9,251,91,55,10.9,,,0,2,2.0,2.0,2,0.22,0.04,0.37,0.07,0.15,9.31,1.85,0.03,Maxence,2.0,163,60,11,2.18,0,False,14.4,154,52,200,False,116.2,49,21,,454,,,59,86,7,p437499,0,0,,0,,437499.jpg,2.5,192,76,False,-149,,-7.7,"[{'offset': 0, 'projected_percent': '-7.9', 'likelihood': -1}, {'offset': 1, 'projected_percent': '-11.8', 'likelihood': -1}, {'offset': 2, 'projected_percent': '-15.7', 'likelihood': -1}]",12,0,73,False,0,0.0,,[],Lacroix,6.6,59,22,False,,5,0.99,a,11,6,8,2026-07-30,14.0,229,75,15,186989,762,454521,3707,0.3,2.5,Lacroix,1
0,2005-07-31,0,0,True,True,,,0,0,0,549939,,,0,0,-1,1,0.0,472,35,0,0,,,0,1,0.0,0.0,0,0.00,0,0.00,0,0.00,0.00,0,0,Mike,0.0,444,50,0,0,0,False,0.0,485,53,560,False,0.0,480,53,,0,,,44,568,47,p549939,0,0,,0,,549939.jpg,0.0,500,53,False,-2,,-6.0,"[{'offset': 0, 'projected_percent': '-6.3', 'likelihood': -1}, {'offset': 1, 'projected_percent': '-10.6', 'likelihood': -1}, {'offset': 2, 'projected_percent': '-15.0', 'likelihood': -1}]",0,0,21,False,0,0,,[],Penders,0.1,468,54,False,,0,0,a,0,6,8,2024-08-27,0.0,422,30,0,2149,19,3845,42,0.0,0.0,Penders,0
0,2005-04-29,0,0,True,True,100,100,0,0,0,622758,,,0,0,0,0,0.0,534,200,0,0,,,0,2,0.0,0.0,0,0.00,0,0.00,0,0.00,0.00,0,0,Aaron,0.0,506,194,0,0,0,False,0.0,543,201,561,False,0.0,538,201,,0,,2026-08-23T19:00:08.536705Z,45,522,132,p622758,0,0,,0,,622758.jpg,0.0,556,202,False,0,,-0.4,"[{'offset': 0, 'projected_percent': '-0.4', 'likelihood': -1}, {'offset': 1, 'projected_percent': '-0.4', 'likelihood': -1}, {'offset': 2, 'projected_percent': '-0.4', 'likelihood': -1}]",0,0,10,False,0,0,,[],Anselmino,0.0,570,192,False,,0,0,a,0,6,8,2024-08-08,0.0,494,195,0,869,2,1306,11,0.0,0.0,Anselmino,0
0,2004-07-23,0,29,True,True,,,0,0.0,4,543158,,,0,0,-1,1,7.2,287,143,12,9.39,,,0,3,0.7,0.7,0,0.11,0.09,0.18,0.14,0.07,2.83,2.21,0.05,Valentín,0.7,277,132,3,2.35,0,False,3.0,321,148,568,False,12.8,307,135,,115,,,54,199,125,p543158,0,0,,0,,543158.jpg,1.0,391,183,False,-3,,-28.4,"[{'offset': 0, 'projected_percent': '-28.6', 'likelihood': -2}, {'offset': 1, 'projected_percent': '-32.9', 'likelihood': -2}, {'offset': 2, 'projected_percent': '-37.2', 'likelihood': -2}]",5,0,10,False,0,0.0,,[],Barco,0.1,392,142,False,,1,0.78,a,3,6,8,2026-08-02,11.0,250,130,3,3290,18,7433,80,0.1,0.6,Barco,1
1,1998-04-10,0,39,True,True,,,0,0.0,17,498444,,,0,0,-1,1,31.4,182,56,22,6.64,,,0,2,2.3,2.3,5,0.31,0.09,0.35,0.1,0.04,5.48,1.66,0.01,Pep,2.3,128,50,5,1.51,0,False,7.5,242,92,583,False,30.8,252,106,,298,,,49,375,70,p498444,0,0,,0,,498444.jpg,1.7,265,96,False,5,,-33.5,"[{'offset': 0, 'projected_percent': '-33.1', 'likelihood': -2}, {'offset': 1, 'projected_percent': '-27.6', 'likelihood': -2}, {'offset': 2, 'projected_percent': '-22.0', 'likelihood': -2}]",8,0,200,False,0,0.0,,[],Chavarría,0.2,368,140,False,,2,0.6,a,5,6,8,2026-08-12,12.0,237,80,10,4457,325,11805,69,0.5,2.0,Chavarria,0
0,2010-01-06,0,5,True,True,,,0,0.0,0,636846,,,0,0,0,0,1.7,340,171,2,60.0,,,0,3,0.5,0.5,0,0.00,0.0,0.00,0.0,0.00,0.43,12.9,0.0,Mahdi,0.5,292,139,1,30.0,0,False,0.6,387,181,662,False,4.6,364,170,,3,,,45,527,275,p636846,0,0,,0,,636846.jpg,1.0,337,147,False,1,,0.0,"[{'offset': 0, 'projected_percent': '0.0', 'likelihood': 0}, {'offset': 1, 'projected_percent': '0.1', 'likelihood': 1}, {'offset': 2, 'projected_percent': '0.1', 'likelihood': 1}]",0,0,241,False,0,0.0,,[],Nicoll-Jazuli,0.0,622,264,False,,0,0.0,a,2,6,8,2026-07-01,0.0,499,197,1,500,18,129,15,0.1,0.2,Nicoll-Jazuli,0
0,1993-05-29,0,15,True,True,,,1,0.32,41,231065,,,0,0,0,0,1.7,339,122,44,14.04,,,0,2,3.3,3.3,0,0.00,0.0,0.12,0.04,0.12,6.57,2.1,0.04,Ethan,3.3,82,33,7,2.23,0,False,10.3,204,72,91,False,90.8,94,43,,282,,,45,457,102,p231065,0,0,,0,,231065.jpg,3.5,115,48,False,0,,-52.1,"[{'offset': 0, 'projected_percent': '-52.1', 'likelihood': -3}, {'offset': 1, 'projected_percent': '-52.1', 'likelihood': -3}, {'offset': 2, 'projected_percent': '-52.1', 'likelihood': -3}]",4,0,107,False,0,0.0,,[],Pinnock,0.1,447,163,False,,3,0.96,a,3,7,9,2026-08-26,10.0,254,86,14,3705,33,4351,32,0.7,3.1,Pinnock,1
0,1998-01-01,0,34,True,True,100,100,1,0.29,9,428580,,,0,0,-1,1,4.7,308,158,28,8.03,,,0,3,1.7,1.7,0,0.02,0.01,0.05,0.02,0.03,6.31,1.81,0.01,Frank,1.7,175,78,7,2.01,0,False,4.5,300,135,104,False,19.4,286,122,,314,,2026-09-15T09:00:07.851220Z,49,359,214,p428580,0,0,,0,,428580.jpg,2.2,217,94,False,-2,,-55.9,"[{'offset': 0, 'projected_percent': '-56.0', 'likelihood': -3}, {'offset': 1, 'projected_percent': '-59.1', 'likelihood': -3}, {'offset': 2, 'projected_percent': '-62.2', 'likelihood': -3}]",14,0,157,False,0,0.0,,[],Onyeka,0.1,426,158,False,,4,1.15,a,5,7,9,2026-07-01,21.0,182,97,9,4160,15,10120,40,0.3,1.8,Onyeka,0
1,2001-07-02,2,56,True,True,,,1,0.2,4,472739,,,0,0,0,0,10.0,281,2,0,0.0,,,1,1,3.7,3.7,0,0.02,0.0,0.02,0.0,0.00,8.63,1.73,0.0,Carl,3.7,74,8,10,2.0,0,False,10.1,208,15,110,False,90.6,95,18,,450,,,45,478,38,p472739,0,0,,0,,472739.jpg,3.2,132,13,False,0,,-67.5,"[{'offset': 0, 'projected_percent': '-67.5', 'likelihood': -3}, {'offset': 1, 'projected_percent': '-67.5', 'likelihood': -3}, {'offset': 2, 'projected_percent': '-67.5', 'likelihood': -3}]",50,0,241,False,9,1.8,,[],Rushworth,0.7,210,31,False,,5,1.0,a,0,7,9,2026-08-04,0.0,458,47,16,27593,131,64945,185,0.8,3.6,Rushworth,0
0,2002-07-11,0,0,False,True,0,0,0,0,0,484389,,,0,0,0,0,0.0,430,27,0,0,,,0,1,0.0,0.0,0,0.00,0,0.00,0,0.00,0.00,0,0,Oliver,0.0,395,43,0,0,0,False,0.0,444,46,171,False,0.0,439,46,,0,Has joined Leyton Orient on loan for the rest of the season,2026-09-02T15:44:14.839336Z,40,627,70,p484389,0,0,,0,,484389.jpg,0.0,462,46,False,-12,,0.0,"[{'offset': 0, 'projected_percent': '0.0', 'likelihood': 0}, {'offset': 1, 'projected_percent': '0.0', 'likelihood': 0}, {'offset': 2, 'projected_percent': '0.0', 'likelihood': 0}]",0,0,206,False,0,0,,[],Dovin,0.9,183,29,False,,0,0,u,0,7,9,2024-07-19,0.0,374,22,0,8924,0,64816,400,0.0,0.0,Dovin,0
0,1992-08-09,0,0,True,True,,,0,0,0,110690,,,0,0,-1,1,0.0,459,33,0,0,,,0,1,0.0,0.0,0,0.00,0,0.00,0,0.00,0.00,0,0,Ben,0.0,428,48,0,0,0,False,0.0,472,51,172,False,0.0,467,51,,0,,,44,541,45,p110690,0,0,,0,,110690.jpg,0.0,489,51,False,0,,-10.5,"[{'offset': 0, 'projected_percent': '-10.5', 'likelihood': -1}, {'offset': 1, 'projected_percent': '-10.5', 'likelihood': -1}, {'offset': 2, 'projected_percent': '-10.5', 'likelihood': -1}]",0,0,241,False,0,0,,[],Wilson,0.3,278,37,False,,0,0,a,0,7,9,2019-07-01,0.0,409,28,0,1582,13,13062,49,0.0,0.0,Wilson,0
0,2001-01-30,3,78,True,True,,,2,0.41,49,461102,,,0,0,0,0,33.7,173,53,52,10.71,,,0,2,3.0,3.0,0,0.30,0.06,0.79,0.16,0.49,8.09,1.67,0.1,Bobby,3.0,94,38,9,1.85,0,False,18.4,104,34,173,False,94.8,85,37,,437,,,40,623,179,p461102,0,0,,0,,461102.jpg,4.8,57,24,False,-134,,21.2,"[{'offset': 0, 'projected_percent': '21.1', 'likelihood': 2}, {'offset': 1, 'projected_percent': '18.8', 'likelihood': 1}, {'offset': 2, 'projected_percent': '16.6', 'likelihood': 1}]",16,0,241,False,0,0.0,,[],Thomas,8.8,40,13,False,,5,1.03,a,3,7,9,2023-07-22,56.0,81,13,24,440379,1672,334014,3067,0.8,6.0,Thomas,0
0,1999-09-25,0,0,False,True,0,0,0,0,0,436761,,,0,0,0,0,0.0,423,155,0,0,,,0,2,0.0,0.0,0,0.00,0,0.00,0,0.00,0.00,0,0,Liam,0.0,387,138,0,0,0,False,0.0,437,156,174,False,0.0,432,156,,0,Has joined Sheffield United on loan for the rest of the season,2026-09-02T16:21:03.612394Z,40,617,175,p436761,0,0,,0,,436761.jpg,0.0,455,161,False,-6,,0.0,"[{'offset': 0, 'projected_percent': '0.0', 'likelihood': 0}, {'offset': 1, 'projected_percent': '0.0', 'likelihood': 0}, {'offset': 2, 'projected_percent': '0.0', 'likelihood': 0}]",0,0,241,False,0,0,,[],Kitching,0.3,285,106,False,,0,0,u,0,7,9,2023-09-01,0.0,367,140,0,981,0,35344,183,0.0,0.0,Kitching,0
0,2000-09-08,0,7,True,True,75,75,0,0.0,21,451284,,,0,0,0,0,52.7,108,28,27,6.75,,,0,2,0.0,0.0,0,0.30,0.08,0.30,0.08,0.00,7.53,1.88,0.0,Milan,0.0,391,140,10,2.5,0,False,12.8,171,60,175,False,61.6,160,67,,360,Hamstring injury - 75% chance of playing,2026-09-19T16:00:09.486751Z,40,621,177,p451284,0,0,,0,,451284.jpg,1.5,272,97,False,-331,,-81.9,"[{'offset': 0, 'projected_percent': '-82.2', 'likelihood': -3}, {'offset': 1, 'projected_percent': '-86.2', 'likelihood': -3}, {'offset': 2, 'projected_percent': '-90.2', 'likelihood': -3}]",13,0,152,False,0,0.0,https://www.ccfc.co.uk/news/2026/october/08/frank-lampard-provides-injury-update-ahead-of-newcastle-united-clash/,[],van Ewijk,7.6,48,17,False,,4,1.0,d,6,7,9,2023-07-27,14.0,224,72,6,123631,36,622239,7363,0.0,1.5,van Ewijk,1
0,1998-04-22,3,54,True,True,,,1,0.2,19,173878,,,0,0,0,0,67.7,82,16,23,4.66,,,1,2,5.0,5.0,0,0.52,0.11,1.02,0.21,0.50,8.63,1.75,0.1,Jay,5.0,34,14,10,2.03,1,False,21.5,77,18,176,False,110.6,57,24,,444,,,40,604,166,p173878,0,0,,0,,173878.jpg,4.0,85,37,False,3,,0.8,"[{'offset': 0, 'projected_percent': '0.8', 'likelihood': 1}, {'offset': 1, 'projected_percent': '0.9', 'likelihood': 1}, {'offset': 2, 'projected_percent': '1.0', 'likelihood': 1}]",14,0,244,False,0,0.0,,[],Dasilva,0.9,195,76,False,,5,1.01,a,4,7,9,2023-07-01,35.0,138,38,20,32235,618,26652,250,1.2,5.0,Dasilva,0
0,2002-10-23,0,0,True,True,50,50,0,0,0,465390,,,0,0,-1,1,0.0,397,146,0,0,,,0,2,0.0,0.0,0,0.00,0,0.00,0,0.00,0.00,0,0,Kaine,0.0,361,129,0,0,0,False,0.0,413,149,177,False,0.0,409,150,,0,Hamstring injury - 50% chance of playing,2026-08-27T14:56:28.704361Z,39,666,216,p465390,0,0,,0,,465390.jpg,0.0,432,155,False,0,2026-10-16T14:00:11.606100Z,0.1,"[{'offset': 0, 'projected_percent': '0.1', 'likelihood': 1}, {'offset': 1, 'projected_percent': '0.1', 'likelihood': 1}, {'offset': 2, 'projected_percent': '0.1', 'likelihood': 1}]",0,0,241,False,0,0,https://www.ccfc.co.uk/news/2026/october/08/frank-lampard-provides-injury-update-ahead-of-newcastle-united-clash/,[],Kesler-Hayden,0.0,503,178,False,,0,0,d,0,7,9,2025-07-01,0.0,341,131,0,5720,115,7349,38,0.0,0.0,Kesler-Hayden,0
0,1993-03-21,0,0,True,True,,,0,0,0,80178,,,0,0,0,0,0.0,405,148,0,0,,,0,2,0.0,0.0,0,0.00,0,0.00,0,0.00,0.00,0,0,Jake,0.0,369,131,0,0,0,False,0.0,421,151,178,False,0.0,417,152,,0,,,40,593,162,p80178,0,0,,0,,80178.jpg,0.0,440,157,False,0,,-36.9,"[{'offset': 0, 'projected_percent': '-36.9', 'likelihood': -2}, {'offset': 1, 'projected_percent': '-36.9', 'likelihood': -2}, {'offset': 2, 'projected_percent': '-36.9', 'likelihood': -2}]",0,0,241,False,0,0,,[],Bidwell,0.1,448,164,False,,0,0,a,0,7,9,2022-01-17,0.0,349,133,0,2665,19,3856,24,0.0,0.0,Bidwell,0
0,2000-01-06,0,3,True,True,,,0,0.0,2,204813,,,0,0,0,0,0.0,416,152,2,180.0,,,0,2,0.3,0.3,0,0.00,0.0,0.00,0.0,0.00,0.02,1.8,0.0,Joel,0.3,294,100,0,0.0,0,False,0.7,382,136,179,False,7.0,347,127,,1,,,40,606,168,p204813,0,0,,0,,204813.jpg,1.0,311,111,False,0,,-90.3,"[{'offset': 0, 'projected_percent': '-90.3', 'likelihood': -3}, {'offset': 1, 'projected_percent': '-90.3', 'likelihood': -3}, {'offset': 2, 'projected_percent': '-90.3', 'likelihood': -3}]",0,0,107,False,0,0.0,,[],Latibeaudiere,0.0,526,183,False,,0,0.0,a,0,7,9,2023-07-18,0.0,360,137,1,1062,8,1894,11,0.1,0.2,Latibeaudiere,0
0,1998-10-21,0,0,True,True,0,0,0,0,0,220583,,,0,0,-1,1,0.0,396,145,0,0,,,0,2,0.0,0.0,0,0.00,0,0.00,0,0.00,0.00,0,0,Luke,0.0,360,128,0,0,0,False,0.0,412,148,180,False,0.0,408,149,,0,Knee injury - Unknown return date,2026-08-27T14:56:28.718566Z,39,664,214,p220583,0,0,,0,,220583.jpg,0.0,431,154,False,-3,,0.0,"[{'offset': 0, 'projected_percent': '0.0', 'likelihood': 0}, {'offset': 1, 'projected_percent': '-1.3', 'likelihood': -1}, {'offset': 2, 'projected_percent': '-2.9', 'likelihood': -1}]",0,0,241,False,0,0,https://www.ccfc.co.uk/news/2026/october/08/frank-lampard-provides-injury-update-ahead-of-newcastle-united-clash/,[],Woolfenden,0.1,403,150,False,,0,0,i,0,7,9,2025-09-01,0.0,340,130,0,3195,74,9930,66,0.0,0.0,Woolfenden,0
0,2001-12-27,0,0,False,True,0,0,0,0,0,577411,,,0,0,0,0,0.0,445,170,0,0,,,0,2,0.0,0.0,0,0.00,0,0.00,0,0.00,0.00,0,0,Miguel,0.0,412,156,0,0,0,False,0.0,459,171,181,False,0.0,454,171,,0,Has joined Academico de Viseu on loan for the rest of the season,2026-08-29T00:35:59.980316Z,40,647,198,p577411,0,0,,0,,577411.jpg,0.0,476,175,False,0,,0.0,"[{'offset': 0, 'projected_percent': '0.0', 'likelihood': 0}, {'offset': 1, 'projected_percent': '0.0', 'likelihood': 0}, {'offset': 2, 'projected_percent': '0.0', 'likelihood': 0}]",0,0,200,False,0,0,,[],Brau,0.0,572,194,False,,0,0,u,0,7,9,2025-07-01,0.0,390,156,0,275,0,2337,21,0.0,0.0,Brau,0
0,2003-07-31,0,-3,True,True,0,0,0,0.0,23,539142,,,0,0,0,0,14.5,246,87,24,6.0,,,0,2,0.0,0.0,0,0.39,0.1,0.41,0.1,0.02,7.53,1.88,0.0,Aurèle,0.0,404,148,10,2.5,0,False,9.4,218,78,182,False,62.8,154,66,,360,Calf injury - Unknown return date,2026-09-17T07:30:09.329041Z,40,636,187,p539142,0,0,,0,,539142.jpg,1.0,313,113,False,-23,,-87.0,"[{'offset': 0, 'projected_percent': '-87.1', 'likelihood': -3}, {'offset': 1, 'projected_percent': '-89.7', 'likelihood': -3}, {'offset': 2, 'projected_percent': '-92.4', 'likelihood': -3}]",11,0,207,False,0,0.0,https://www.ccfc.co.uk/news/2026/october/08/frank-lampard-provides-injury-update-ahead-of-newcastle-united-clash/,[],Amenda,0.5,243,95,False,,4,1.0,i,1,7,9,2026-07-16,15.0,215,67,4,11542,2,40196,570,0.0,1.0,Amenda,1
0,2001-06-14,0,51,True,True,100,100,2,0.61,9,480457,5,,0,0,-1,1,140.8,20,19,34,10.3,1,,0,3,2.3,2.3,0,1.11,0.34,2.03,0.62,0.92,4.49,1.36,0.28,Jack,2.3,127,51,4,1.21,0,False,27.2,44,33,183,False,51.2,192,80,,297,,2026-07-23T12:01:23.481435Z,49,369,218,p480457,0,0,,0,,480457.jpg,2.6,182,79,False,-3,,0.3,"[{'offset': 0, 'projected_percent': '0.2', 'likelihood': 1}, {'offset': 1, 'projected_percent': '0.2', 'likelihood': 1}, {'offset': 2, 'projected_percent': '0.1', 'likelihood': 1}]",21,0,241,False,0,0.0,,[],Rudoni,0.1,409,149,False,,4,1.21,a,4,7,9,2024-06-20,80.0,47,29,13,5734,56,9073,42,0.5,2.7,Rudoni,0
0,1995-07-15,0,62,True,True,,,1,0.2,13,168144,1,,0,0,-1,1,48.0,125,83,38,7.72,,,0,3,1.7,1.7,0,0.13,0.03,0.25,0.05,0.12,8.42,1.71,0.02,Matt,1.7,173,77,9,1.83,0,False,11.8,183,90,184,False,64.4,149,54,,443,,,49,337,204,p168144,0,0,3,0,,168144.jpg,2.2,215,92,False,0,,-56.9,"[{'offset': 0, 'projected_percent': '-56.9', 'likelihood': -3}, {'offset': 1, 'projected_percent': '-56.9', 'likelihood': -3}, {'offset': 2, 'projected_percent': '-56.9', 'likelihood': -3}]",16,0,241,False,0,0.0,,[],Grimes,0.1,404,147,False,,5,1.02,a,9,7,9,2025-01-31,6.0,286,146,11,4316,19,12397,52,0.3,2.2,Grimes,0
0,1996-10-22,0,8,True,True,,,0,0.0,0,501459,,,0,0,-2,2,5.9,295,148,4,11.61,,,0,3,0.0,0.0,0,0.02,0.06,0.04,0.12,0.02,0.69,2.0,0.06,Tatsuhiro,0.0,528,211,1,2.9,0,False,1.9,349,165,185,False,6.2,354,164,,31,,,48,414,252,p501459,0,0,,0,,501459.jpg,1.0,343,150,False,0,,-53.7,"[{'offset': 0, 'projected_percent': '-53.7', 'likelihood': -3}, {'offset': 1, 'projected_percent': '-53.7', 'likelihood': -3}, {'offset': 2, 'projected_percent': '-53.7', 'likelihood': -3}]",2,0,108,False,0,0.0,,[],Sakamoto,0.1,482,189,False,,0,0.0,a,2,7,9,2023-07-10,7.0,276,142,1,1075,9,6196,23,0.0,0.2,Sakamoto,0
0,1999-08-25,0,19,True,True,100,100,0,0.0,6,241293,,,0,0,-2,2,51.6,113,75,15,5.84,,,0,3,0.7,0.7,0,0.12,0.05,0.63,0.25,0.51,3.16,1.23,0.2,Ephron,0.7,271,127,3,1.17,0,False,11.7,187,91,186,False,15.4,299,129,,231,,2026-08-19T18:00:08.310507Z,53,214,133,p241293,0,0,,0,,241293.jpg,1.2,302,140,False,0,,-5.8,"[{'offset': 0, 'projected_percent': '-5.8', 'likelihood': -1}, {'offset': 1, 'projected_percent': '-5.8', 'likelihood': -1}, {'offset': 2, 'projected_percent': '-5.8', 'likelihood': -1}]",9,0,107,False,0,0.0,,[],Mason-Clark,0.1,445,168,False,,4,1.56,a,0,7,9,2024-02-01,52.0,89,53,5,1185,8,6295,26,0.1,0.9,Mason-Clark,0
0,2000-04-06,0,0,True,True,0,0,0,0,0,439668,,,0,0,-2,2,0.0,552,234,0,0,,,0,3,0.0,0.0,0,0.00,0,0.00,0,0.00,0.00,0,0,Josh,0.0,525,209,0,0,0,False,0.0,562,230,187,False,0.0,557,229,,0,Unspecified injury - Expected back 12 Oct,2026-09-10T18:30:08.877110Z,48,410,250,p439668,0,0,,0,,439668.jpg,0.0,573,239,False,0,,-3.4,"[{'offset': 0, 'projected_percent': '-3.4', 'likelihood': -1}, {'offset': 1, 'projected_percent': '-3.4', 'likelihood': -1}, {'offset': 2, 'projected_percent': '-3.4', 'likelihood': -1}]",0,0,241,False,0,0,https://www.ccfc.co.uk/news/2026/october/08/frank-lampard-provides-injury-update-ahead-of-newcastle-united-clash/,[],Eccles,0.0,616,260,False,,0,0,i,0,7,9,2018-07-01,0.0,515,208,0,693,1,1554,7,0.0,0.0,Eccles,0
0,1999-07-30,0,13,True,True,,,0,0.0,1,226965,2,,0,0,-2,2,20.4,218,119,3,5.09,2,,0,3,0.3,0.3,0,0.12,0.2,0.12,0.2,0.00,1.22,2.07,0.0,Victor,0.3,337,155,2,3.4,0,False,2.7,331,156,188,False,7.2,345,160,,53,,,53,212,131,p226965,0,0,2,0,,226965.jpg,1.0,376,172,False,0,,-13.2,"[{'offset': 0, 'projected_percent': '-13.2', 'likelihood': -1}, {'offset': 1, 'projected_percent': '-13.2', 'likelihood': -1}, {'offset': 2, 'projected_percent': '-13.2', 'likelihood': -1}]",2,0,58,False,0,0.0,,[],Torp,0.1,425,157,False,,0,0.0,a,0,7,9,2024-01-11,0.0,612,264,3,812,5,8406,25,0.1,0.6,Torp,0
0,,0,0,True,True,,,0,0,0,684268,,,0,0,-1,1,0.0,479,210,0,0,,,0,3,0.0,0.0,0,0.00,0,0.00,0,0.00,0.00,0,0,George,0.0,452,184,0,0,0,False,0.0,492,205,189,False,0.0,487,204,,0,,,44,576,298,p684268,0,0,,0,,684268.jpg,0.0,507,215,False,1,,0.6,"[{'offset': 0, 'projected_percent': '0.6', 'likelihood': 1}, {'offset': 1, 'projected_percent': '0.7', 'likelihood': 1}, {'offset': 2, 'projected_percent': '0.7', 'likelihood': 1}]",0,0,,False,0,0,,[],Shepherd,0.3,305,105,False,,0,0,a,0,7,9,,0.0,429,182,0,12401,132,17785,151,0.0,0.0,Shepherd,0
0,2003-09-08,0,32,True,True,,,0,0.0,6,469272,3,,0,0,-2,2,50.5,116,78,18,7.68,,,0,3,0.3,0.3,0,0.18,0.08,0.41,0.18,0.23,3.23,1.38,0.1,Loum,0.3,338,156,3,1.28,0,False,12.3,178,88,190,False,25.4,263,109,,211,,,53,223,140,p469272,0,0,,0,,469272.jpg,1.2,303,141,False,0,,-3.2,"[{'offset': 0, 'projected_percent': '-3.2', 'likelihood': -1}, {'offset': 1, 'projected_percent': '-3.2', 'likelihood': -1}, {'offset': 2, 'projected_percent': '-3.2', 'likelihood': -1}]",11,0,73,False,0,0.0,,[],Tchaouna,0.1,429,160,False,,2,0.85,a,1,7,9,2026-07-11,46.0,103,58,5,3181,3,8650,28,0.1,0.9,Tchaouna,0
0,2003-09-11,0,0,False,True,0,0,0,0,0,492498,,,0,0,0,0,0.0,506,213,0,0,,,0,3,0.0,0.0,0,0.00,0,0.00,0,0.00,0.00,0,0,Raphael,0.0,477,187,0,0,0,False,0.0,514,208,191,False,0.0,509,207,,0,Has joined Burton Albion on loan for the rest of the season,2026-09-02T15:44:14.868001Z,45,484,261,p492498,0,0,,0,,492498.jpg,0.0,529,218,False,0,,0.0,"[{'offset': 0, 'projected_percent': '0.0', 'likelihood': 0}, {'offset': 1, 'projected_percent': '0.0', 'likelihood': 0}, {'offset': 2, 'projected_percent': '0.0', 'likelihood': 0}]",0,0,13,False,0,0,,[],Borges Rodrigues,0.1,452,172,False,,0,0,u,0,7,9,2024-07-01,0.0,463,185,0,1943,0,12463,62,0.0,0.0,Borges Rodrigues,0
0,2006-08-06,0,0,False,True,0,0,0,0,0,629397,,,0,0,0,0,0.0,537,224,0,0,,,0,3,0.0,0.0,0,0.00,0,0.00,0,0.00,0.00,0,0,Kai,0.0,509,198,0,0,0,False,0.0,546,219,192,False,0.0,541,218,,0,Has joined Oxford United on loan for the rest of the season,2026-08-29T00:35:59.998520Z,45,525,274,p629397,0,0,,0,,629397.jpg,0.0,559,229,False,-3,,0.0,"[{'offset': 0, 'projected_percent': '0.0', 'likelihood': 0}, {'offset': 1, 'projected_percent': '0.0', 'likelihood': 0}, {'offset': 2, 'projected_percent': '0.0', 'likelihood': 0}]",0,0,244,False,0,0,,[],Andrews,0.2,307,106,False,,0,0,u,0,7,9,2023-08-11,0.0,497,196,0,2718,0,44116,185,0.0,0.0,Andrews,0
0,1998-03-27,0,0,True,True,0,0,0,0,0,176412,,,0,0,-2,2,0.0,629,72,0,0,,,0,4,0.0,0.0,0,0.00,0,0.00,0,0.00,0.00,0,0,Haji,0.0,606,64,0,0,0,False,0.0,629,72,193,False,0.0,623,68,,0,Thigh injury - Unknown return date,2026-08-14T22:00:07.214508Z,53,206,48,p176412,0,0,1,0,,176412.jpg,0.0,635,73,False,-2,,-5.0,"[{'offset': 0, 'projected_percent': '-5.1', 'likelihood': -1}, {'offset': 1, 'projected_percent': '-7.1', 'likelihood': -1}, {'offset': 2, 'projected_percent': '-9.0', 'likelihood': -1}]",0,0,229,False,0,0,https://www.ccfc.co.uk/news/2026/october/08/frank-lampard-provides-injury-update-ahead-of-newcastle-united-clash/,[],Wright,0.1,475,67,False,,0,0,i,0,7,9,2023-08-04,0.0,609,68,0,645,5,12961,54,0.0,0.0,Wright,0
0,1998-12-29,0,43,True,True,,,1,0.4,12,230730,,,0,0,0,0,4.5,310,40,27,10.7,,,0,4,1.7,1.7,0,0.06,0.02,0.39,0.15,0.34,4.98,1.97,0.13,Brandon,1.7,179,18,6,2.38,0,False,8.4,230,23,194,False,29.8,256,24,,227,,,50,268,53,p230730,0,0,4,0,,230730.jpg,1.8,255,29,False,10,,5.8,"[{'offset': 0, 'projected_percent': '5.8', 'likelihood': 1}, {'offset': 1, 'projected_percent': '5.9', 'likelihood': 1}, {'offset': 2, 'projected_percent': '6.1', 'likelihood': 1}]",12,0,81,False,0,0.0,,[],Thomas-Asante,0.8,198,31,False,,2,0.79,a,3,7,9,2024-08-01,49.0,96,23,9,73580,1298,64636,692,0.3,1.8,Thomas-Asante,0
0,2001-01-05,0,13,True,True,,,0,0.0,1,218997,,,0,0,-1,1,22.6,208,22,3,2.6,,,0,4,0.3,0.3,0,0.01,0.01,0.31,0.27,0.30,2.79,2.41,0.26,Ellis,0.3,318,38,3,2.6,0,False,6.8,255,26,195,False,7.8,342,34,,104,,,49,349,64,p218997,0,0,,0,,218997.jpg,1.3,289,33,False,8,,-1.4,"[{'offset': 0, 'projected_percent': '-1.3', 'likelihood': -1}, {'offset': 1, 'projected_percent': '0.1', 'likelihood': 1}, {'offset': 2, 'projected_percent': '0.2', 'likelihood': 1}]",2,0,241,False,0,0.0,,[],Simms,0.6,228,36,False,,1,0.87,a,0,7,9,2023-07-07,37.0,133,24,4,45293,496,70892,466,0.1,0.8,Simms,0
0,2003-01-04,0,0,False,True,0,0,0,0,0,551262,,,0,0,0,0,0.0,623,69,0,0,,,0,4,0.0,0.0,0,0.00,0,0.00,0,0.00,0.00,0,0,Jahnoah,0.0,599,61,0,0,0,False,0.0,623,69,196,False,0.0,617,65,,0,Has joined Shabab Al-Ahli Dubai permanently,2026-08-17T13:53:55.791223Z,50,316,59,p551262,0,0,,0,,551262.jpg,0.0,629,70,False,0,,0.0,"[{'offset': 0, 'projected_percent': '0.0', 'likelihood': 0}, {'offset': 1, 'projected_percent': '0.0', 'likelihood': 0}, {'offset': 2, 'projected_percent': '0.0', 'likelihood': 0}]",0,0,203,False,0,0,,[],Markelo,0.0,632,78,False,,0,0,u,0,7,9,2026-01-27,0.0,600,64,0,0,0,1224,3,0.0,0.0,Markelo,0
0,,0,0,False,True,0,0,0,0,0,549653,,,0,0,0,0,0.0,517,54,0,0,,,0,4,0.0,0.0,0,0.00,0,0.00,0,0.00,0.00,0,0,Norman,0.0,487,47,0,0,0,False,0.0,525,53,197,False,0.0,520,49,,0,Has joined KVC Westerlo on loan for the rest of the season,2026-07-28T12:58:50.001768Z,45,496,70,p549653,0,0,,0,,549653.jpg,0.0,539,56,False,0,,0.0,"[{'offset': 0, 'projected_percent': '0.0', 'likelihood': 0}, {'offset': 1, 'projected_percent': '0.0', 'likelihood': 0}, {'offset': 2, 'projected_percent': '0.0', 'likelihood': 0}]",0,0,,False,0,0,,[],Bassette,0.0,561,75,False,,0,0,u,0,7,9,,0.0,474,48,0,0,0,2219,18,0.0,0.0,Bassette,0
0,1997-08-12,0,11,True,True,0,0,0,0.0,3,210156,,,0,0,-1,1,46.2,137,14,11,4.27,,,0,4,0.0,0.0,0,0.04,0.02,1.34,0.52,1.30,3.55,1.38,0.5,Taiwo,-0.7,665,79,7,2.72,0,False,13.6,161,19,492,False,13.6,302,31,,232,Suspended until 19 Oct,2026-09-13T15:00:09.305127Z,54,175,42,p210156,0,0,5,0,,210156.jpg,0.8,415,49,False,-31,,-19.5,"[{'offset': 0, 'projected_percent': '-19.8', 'likelihood': -1}, {'offset': 1, 'projected_percent': '-25.4', 'likelihood': -2}, {'offset': 2, 'projected_percent': '-31.1', 'likelihood': -2}]",7,1,157,False,0,0.0,,[],Awoniyi,0.3,279,47,False,,3,1.16,s,1,7,9,2026-08-17,78.0,50,16,3,21484,12,70696,434,-0.1,0.6,Awoniyi,0
0,2006-01-15,0,36,True,True,,,2,0.68,7,661888,,,0,0,-2,2,41.6,150,96,21,7.13,,,0,3,1.3,1.3,0,0.15,0.05,0.18,0.06,0.03,4.25,1.44,0.01,Caleb,1.3,204,95,5,1.7,0,False,6.0,271,120,575,False,15.4,298,128,,265,,,48,421,256,p661888,0,0,,0,,661888.jpg,1.8,252,110,False,0,,-8.8,"[{'offset': 0, 'projected_percent': '-8.8', 'likelihood': -1}, {'offset': 1, 'projected_percent': '-8.8', 'likelihood': -1}, {'offset': 2, 'projected_percent': '-8.8', 'likelihood': -1}]",13,0,81,False,0,0.0,,[],Yirenkyi,0.1,379,137,False,,3,1.02,a,1,7,9,2026-08-07,7.0,278,143,9,3295,43,14864,71,0.3,1.9,Yirenkyi,1
0,1997-06-24,0,6,True,True,,,0,0.0,0,196100,4,,0,0,-2,2,1.8,338,170,3,8.44,,,0,3,0.0,0.0,0,0.02,0.06,0.02,0.06,0.00,0.82,2.31,0.0,Gustavo,0.0,607,261,1,2.81,0,False,0.3,397,186,584,False,0.6,400,187,,32,,,53,207,128,p196100,0,0,,0,,196100.jpg,1.0,375,171,False,-3,,-3.5,"[{'offset': 0, 'projected_percent': '-3.9', 'likelihood': -1}, {'offset': 1, 'projected_percent': '-9.1', 'likelihood': -1}, {'offset': 2, 'projected_percent': '-14.4', 'likelihood': -1}]",2,0,152,False,0,0.0,,[],Hamer,0.1,433,163,False,,0,0.0,a,1,7,9,2026-08-11,0.0,610,262,3,828,1,6848,17,0.0,0.6,Hamer,0
0,2006-12-15,0,3,True,True,,,0,0.0,1,627221,,,0,0,0,0,0.2,388,48,1,3.0,,,0,4,0.3,0.3,0,0.00,0.0,0.00,0.0,0.00,1.43,4.29,0.0,Sidiki,0.3,332,40,3,9.0,0,False,0.1,406,47,599,False,1.0,398,44,,30,,,50,326,61,p627221,0,0,,0,,627221.jpg,1.0,371,39,False,0,,-9.7,"[{'offset': 0, 'projected_percent': '-9.7', 'likelihood': -1}, {'offset': 1, 'projected_percent': '-9.7', 'likelihood': -1}, {'offset': 2, 'projected_percent': '-9.7', 'likelihood': -1}]",0,0,73,False,0,0.0,,[],Cherif,0.1,417,64,False,,0,0.0,a,0,7,9,2026-08-19,0.0,604,66,1,7993,73,8256,51,0.1,0.2,Cherif,0
0,1993-07-13,0,0,True,True,,,0,0,0,79602,,,0,0,0,0,0.0,404,11,0,0,,,0,1,0.0,0.0,0,0.00,0,0.00,0,0.00,0.00,0,0,Dan,0.0,368,27,0,0,0,False,0.0,420,30,623,False,0.0,416,30,,0,,,40,592,54,p79602,0,0,,0,,79602.jpg,0.0,439,30,False,-1,,3.3,"[{'offset': 0, 'projected_percent': '3.3', 'likelihood': 1}, {'offset': 1, 'projected_percent': '3.3', 'likelihood': 1}, {'offset': 2, 'projected_percent': '3.2', 'likelihood': 1}]",0,0,241,False,0,0,,[],Bentley,0.9,186,30,False,,0,0,a,0,7,9,2026-08-21,0.0,348,6,0,114319,271,23520,86,0.0,0.0,Bentley,0
0,2001-01-14,0,0,True,True,,,0,0,0,242893,,,0,0,0,0,0.0,647,282,0,0,,,0,3,0.0,0.0,0,0.00,0,0.00,0,0.00,0.00,0,0,Yann,0.0,633,276,0,0,0,False,0.0,646,281,655,False,0.0,641,280,,0,,,55,139,84,p242893,0,0,,0,,242893.jpg,0.0,648,283,False,0,,0.0,"[{'offset': 0, 'projected_percent': '0.0', 'likelihood': 0}, {'offset': 1, 'projected_percent': '0.0', 'likelihood': 0}, {'offset': 2, 'projected_percent': '0.0', 'likelihood': 0}]",0,0,54,False,0,0,,[],Gboho,0.0,653,288,False,,0,0,a,0,7,9,2026-09-01,0.0,634,275,0,316,7,129,2,0.0,0.0,Gboho,0
0,2008-02-12,0,27,True,True,,,1,1.0,7,566213,,,0,0,0,0,0.7,364,134,8,8.0,,,0,2,2.0,2.0,0,0.01,0.01,0.01,0.01,0.00,1.10,1.1,0.0,Stephen,2.0,145,53,0,0.0,0,False,2.2,342,121,656,False,17.6,291,116,,90,,,40,643,194,p566213,0,0,,0,,566213.jpg,6.0,25,11,False,3,,0.3,"[{'offset': 0, 'projected_percent': '0.3', 'likelihood': 1}, {'offset': 1, 'projected_percent': '0.4', 'likelihood': 1}, {'offset': 2, 'projected_percent': '0.4', 'likelihood': 1}]",3,0,241,False,0,0.0,,"[{'property': 'loan_ineligible', 'notes': 'This player will not be available to face their parent club in Gameweek 29 as part of their loan conditions.', 'gameweek': 29, 'url': None}]",Mfuni,0.1,405,151,False,,1,1.0,a,1,7,9,2026-08-30,4.0,302,107,6,11959,122,3224,75,0.5,1.5,Mfuni,0
0,2001-07-01,0,6,True,True,,,0,0.0,1,485337,,,0,0,-1,1,2.1,331,166,2,3.33,,,0,3,0.0,0.0,0,0.03,0.05,0.06,0.1,0.03,0.34,0.57,0.05,Evann,0.0,621,270,1,1.67,0,False,1.5,363,174,42,False,5.4,357,165,,54,,,54,190,118,p485337,0,0,,0,,485337.jpg,1.0,389,182,False,1,,-46.0,"[{'offset': 0, 'projected_percent': '-45.7', 'likelihood': -3}, {'offset': 1, 'projected_percent': '-40.2', 'likelihood': -3}, {'offset': 2, 'projected_percent': '-34.7', 'likelihood': -2}]",0,0,54,False,0,0.0,,"[{'property': 'loan_ineligible', 'notes': 'This player will not be available to face their parent club in Gameweek 34 as part of their loan conditions.', 'gameweek': 34, 'url': None}, {'property': 'loan_ineligible', 'notes': 'This player will not be available to face their parent club in Gameweek 14 as part of their loan conditions.', 'gameweek': 14, 'url': None}]",Guessand,0.0,519,208,False,,0,0.0,a,1,8,31,2026-08-12,7.0,281,145,2,2473,13,3813,19,0.0,0.4,Guessand,0
0,1998-03-11,0,-6,True,True,0,0,0,0.0,15,220362,,,0,0,0,0,13.4,257,94,20,12.95,,,0,2,0.0,0.0,0,0.04,0.03,0.04,0.03,0.00,3.72,2.41,0.0,Axel,-1.0,667,217,6,3.88,0,False,5.0,290,109,153,False,34.8,237,96,,139,Suspended until 25 Oct,2026-09-12T15:30:09.445078Z,45,452,99,p220362,0,0,,0,,220362.jpg,0.3,428,151,False,-10,,-117.1,"[{'offset': 0, 'projected_percent': '-117.8', 'likelihood': -5}, {'offset': 1, 'projected_percent': '-128.9', 'likelihood': -5}, {'offset': 2, 'projected_percent': '-140.1', 'likelihood': -5}]",11,1,73,False,0,0.0,,"[{'property': 'loan_ineligible', 'notes': 'This player will not be available to face their parent club in Gameweek 13 as part of their loan conditions.', 'gameweek': 13, 'url': None}, {'property': 'loan_ineligible', 'notes': 'This player will not be available to face their parent club in Gameweek 20 as part of their loan conditions.', 'gameweek': 20, 'url': None}]",Disasi,0.1,486,173,False,,2,1.29,s,5,8,31,2026-08-26,2.0,320,120,1,9454,2,11378,71,-0.2,0.2,Disasi,0
0,1997-03-12,0,37,True,True,0,0,0,0.0,6,172649,,,0,0,-1,1,0.0,560,58,0,0.0,,,0,1,0.0,0.0,0,0.00,0.0,0.00,0.0,0.00,6.47,2.16,0.0,Dean,0.0,536,68,8,2.67,0,False,9.6,214,17,198,False,96.8,82,16,Dean Henderson,270,Foot injury - Expected back 18 Oct,2026-09-12T14:00:09.378740Z,49,339,16,p172649,0,0,,0,,172649.jpg,1.7,264,22,False,-25,,-5.2,"[{'offset': 0, 'projected_percent': '-5.3', 'likelihood': -1}, {'offset': 1, 'projected_percent': '-6.5', 'likelihood': -1}, {'offset': 2, 'projected_percent': '-7.8', 'likelihood': -1}]",31,0,241,False,12,4.0,https://www.cpfc.co.uk/news/first-team/team-news-sage-updates-on-mateta-and-khalaili-ahead-of-forest/,[],Henderson,1.2,164,24,False,,3,1.0,i,0,8,31,2023-08-31,0.0,527,56,5,55354,12,130450,837,0.0,1.0,Henderson,0
0,1993-01-19,0,29,True,True,,,1,0.5,2,121709,,,0,0,0,0,0.0,485,41,0,0.0,,,0,1,2.7,2.7,0,0.00,0.0,0.00,0.0,0.00,2.99,1.5,0.0,Walter,2.7,105,11,3,1.5,0,False,3.8,311,21,199,False,37.4,228,21,,180,,,45,436,27,p121709,0,0,,0,,121709.jpg,4.0,86,7,False,0,,-5.6,"[{'offset': 0, 'projected_percent': '-5.6', 'likelihood': -1}, {'offset': 1, 'projected_percent': '-5.6', 'likelihood': -1}, {'offset': 2, 'projected_percent': '-5.6', 'likelihood': -1}]",11,0,10,False,5,2.5,,[],Benítez,0.1,384,43,False,,2,1.0,a,0,8,31,2025-07-01,0.0,435,36,8,5210,44,5345,30,0.6,1.8,Benitez,0
0,2000-03-28,0,48,True,True,,,1,0.2,46,427623,,,0,0,-1,1,7.7,286,104,54,10.8,,,0,2,3.3,3.3,0,0.07,0.01,0.15,0.03,0.08,9.46,1.89,0.02,Chris,3.3,84,34,11,2.2,0,False,16.2,120,41,202,False,131.4,30,10,,450,,,49,358,64,p427623,0,0,,0,,427623.jpg,2.8,168,68,False,-2,,0.0,"[{'offset': 0, 'projected_percent': '0.0', 'likelihood': 0}, {'offset': 1, 'projected_percent': '-0.1', 'likelihood': -1}, {'offset': 2, 'projected_percent': '-0.7', 'likelihood': -1}]",16,0,229,False,0,0.0,,[],Richards,0.6,235,91,False,,5,1.0,a,8,8,31,2022-07-27,24.0,170,50,14,24969,104,40149,196,0.7,2.9,Richards,1
0,2006-07-29,0,38,True,True,,,1,0.25,26,651426,,,0,0,-2,2,25.3,197,64,34,8.5,,,0,2,2.7,2.7,0,0.13,0.03,0.18,0.04,0.05,7.78,1.94,0.01,Jaydee,2.7,109,42,8,2.0,0,False,11.5,191,68,203,False,83.0,111,50,,360,,,48,420,79,p651426,0,0,,0,,651426.jpg,2.5,188,74,False,-7,,0.0,"[{'offset': 0, 'projected_percent': '0.0', 'likelihood': 0}, {'offset': 1, 'projected_percent': '-6.4', 'likelihood': -1}, {'offset': 2, 'projected_percent': '-13.0', 'likelihood': -1}]",11,0,73,False,0,0.0,,[],Canvot,0.2,340,128,False,,4,1.0,a,8,8,31,2025-09-01,7.0,277,97,10,6555,33,20600,67,0.6,2.1,Canvot,0
0,1999-09-01,3,68,True,True,,,1,0.21,14,244723,,,0,0,0,0,67.9,81,15,25,5.37,,,1,2,2.7,2.7,0,0.26,0.06,1.03,0.23,0.77,8.34,1.79,0.17,Tyrick,2.7,107,41,10,2.15,2,False,25.8,49,6,204,False,128.2,32,12,,419,,,45,465,108,p244723,0,0,,0,,244723.jpg,4.8,58,25,False,-123,,30.3,"[{'offset': 0, 'projected_percent': '30.2', 'likelihood': 2}, {'offset': 1, 'projected_percent': '28.1', 'likelihood': 2}, {'offset': 2, 'projected_percent': '26.1', 'likelihood': 2}]",23,0,241,False,0,0.0,,[],Mitchell,6.0,66,26,False,,5,1.07,a,11,8,31,2019-12-15,62.0,69,9,24,333274,609,293932,2727,0.6,5.3,Mitchell,0
0,1998-01-21,0,0,False,True,0,0,0,0,0,218364,,,0,0,0,0,0.0,490,186,0,0,,,0,2,0.0,0.0,0,0.00,0,0.00,0,0.00,0.00,0,0,Borna,0.0,461,177,0,0,0,False,0.0,500,187,205,False,0.0,495,187,,0,Has joined FC Cologne on loan for the rest of the season,2026-09-02T16:03:25.710518Z,45,451,98,p218364,0,0,,0,,218364.jpg,0.0,515,189,False,0,,0.0,"[{'offset': 0, 'projected_percent': '0.0', 'likelihood': 0}, {'offset': 1, 'projected_percent': '0.0', 'likelihood': 0}, {'offset': 2, 'projected_percent': '0.0', 'likelihood': 0}]",0,0,97,False,0,0,,[],Sosa,0.0,592,200,False,,0,0,u,0,8,31,2025-07-11,0.0,441,176,0,236,0,2153,7,0.0,0.0,Sosa,0
0,2003-06-17,0,7,True,True,0,0,0,0.0,6,515621,,,0,0,-2,2,1.3,349,128,7,8.75,,,0,2,0.0,0.0,0,0.01,0.01,0.01,0.01,0.00,0.98,1.22,0.0,Chadi,0.0,426,169,2,2.5,0,False,1.4,365,128,206,False,12.6,308,119,,72,Knee injury - Unknown return date,2026-08-22T18:00:07.352049Z,43,582,157,p515621,0,0,,0,,515621.jpg,1.0,318,118,False,0,,-6.9,"[{'offset': 0, 'projected_percent': '-6.9', 'likelihood': -1}, {'offset': 1, 'projected_percent': '-6.9', 'likelihood': -1}, {'offset': 2, 'projected_percent': '-6.9', 'likelihood': -1}]",3,0,145,False,0,0.0,https://www.cpfc.co.uk/news/first-team/press-conference-team-news-crystal-palace-manchester-city-august-2026/,[],Riad Dnanou,0.0,574,195,False,,1,1.25,i,1,8,31,2024-07-02,0.0,403,168,1,673,4,5846,12,0.0,0.2,Chadi Riad,0
0,1999-05-13,0,5,True,True,,,0,0.0,0,242313,,,0,0,-2,2,0.4,377,140,2,11.25,,,0,2,0.0,0.0,0,0.00,0.0,0.00,0.0,0.00,0.33,1.86,0.0,Oscar,0.0,425,168,1,5.62,0,False,0.3,392,141,207,False,3.2,375,139,,16,,,43,580,155,p242313,0,0,,0,,242313.jpg,1.0,317,117,False,-4,,-4.4,"[{'offset': 0, 'projected_percent': '-5.1', 'likelihood': -1}, {'offset': 1, 'projected_percent': '-17.8', 'likelihood': -1}, {'offset': 2, 'projected_percent': '-30.5', 'likelihood': -2}]",1,0,200,False,0,0.0,,[],Mingueza,0.1,490,175,False,,0,0.0,a,2,8,31,2026-07-09,0.0,402,167,2,2169,23,5287,33,0.0,0.5,Mingueza,0
0,1998-02-25,0,3,True,True,100,100,0,0.0,0,232185,,,0,0,-3,3,0.5,375,187,0,0.0,,,0,3,0.3,0.3,0,0.01,0.11,0.01,0.11,0.00,0.06,0.68,0.0,Ismaïla,0.3,353,168,0,0.0,0,False,0.1,409,192,208,False,0.0,660,294,Ismaïla Sarr,8,,2026-08-22T18:00:07.363165Z,62,56,38,p232185,0,0,2,0,,232185.jpg,1.0,402,191,False,12,,1.3,"[{'offset': 0, 'projected_percent': '1.3', 'likelihood': 1}, {'offset': 1, 'projected_percent': '1.5', 'likelihood': 1}, {'offset': 2, 'projected_percent': '1.7', 'likelihood': 1}]",0,0,189,False,0,0.0,,[],Sarr,0.7,222,70,False,,0,0.0,a,0,8,31,2024-08-01,0.0,658,293,1,11545,366,379373,164,0.0,0.2,Sarr,0
0,2004-02-06,0,77,True,True,100,100,1,0.21,16,496221,2,,0,0,-1,1,97.0,43,36,41,8.46,,,0,3,1.3,1.3,0,0.58,0.12,0.73,0.15,0.15,8.91,1.84,0.03,Adam,1.3,215,100,10,2.06,0,False,18.9,99,54,210,False,73.0,125,40,,436,,2026-07-23T12:01:23.498963Z,54,193,119,p496221,0,0,,0,,496221.jpg,2.4,200,87,False,-7,,-7.0,"[{'offset': 0, 'projected_percent': '-7.1', 'likelihood': -1}, {'offset': 1, 'projected_percent': '-8.9', 'likelihood': -1}, {'offset': 2, 'projected_percent': '-10.7', 'likelihood': -1}]",15,0,241,False,0,0.0,,[],Wharton,0.7,213,67,False,,5,1.03,a,10,8,31,2024-02-01,18.0,205,113,12,30524,110,52089,335,0.2,2.2,Wharton,1
2,2002-10-20,0,70,True,True,,,1,0.29,5,488024,1,,0,0,0,0,94.1,44,37,26,7.62,1,,0,3,1.0,1.0,0,0.55,0.16,1.07,0.31,0.52,6.93,2.03,0.15,Yéremy,1.0,242,113,6,1.76,0,False,15.8,125,66,211,False,30.2,255,105,,307,,,55,155,96,p488024,0,0,,0,,488024.jpg,2.8,174,74,False,-9,,3.5,"[{'offset': 0, 'projected_percent': '3.5', 'likelihood': 1}, {'offset': 1, 'projected_percent': '3.4', 'likelihood': 1}, {'offset': 2, 'projected_percent': '3.2', 'likelihood': 1}]",16,0,200,False,0,0.0,,[],Pino Santos,0.3,287,97,False,,4,1.17,a,5,8,31,2025-08-29,33.0,144,77,14,45926,55,35402,241,0.2,2.5,Yeremy,1
0,1995-04-17,0,9,True,True,,,0,0.0,3,108413,4,,0,0,-1,1,15.3,236,127,7,21.72,,,0,3,0.3,0.3,0,0.04,0.12,0.04,0.12,0.00,1.12,3.48,0.0,Will,0.3,299,141,1,3.1,0,False,2.4,339,159,212,False,8.0,338,157,,29,,,44,538,283,p108413,0,0,,0,,108413.jpg,1.0,321,144,False,-93,,-47.3,"[{'offset': 0, 'projected_percent': '-47.4', 'likelihood': -3}, {'offset': 1, 'projected_percent': '-49.8', 'likelihood': -3}, {'offset': 2, 'projected_percent': '-52.2', 'likelihood': -3}]",3,0,241,False,0,0.0,,[],Hughes,6.7,57,19,False,,0,0.0,a,1,8,31,2021-08-28,0.0,406,169,2,131783,1012,554095,3337,0.1,0.5,Hughes,0
0,1994-10-25,0,6,True,True,,,0,0.0,7,152551,,,0,0,-2,2,0.8,362,180,12,21.18,,,0,3,0.3,0.3,0,0.00,0.0,0.26,0.46,0.26,1.25,2.21,0.46,Jefferson,0.3,313,142,1,1.76,0,False,3.0,320,147,213,False,17.6,292,124,,51,,,48,402,243,p152551,0,0,,0,,152551.jpg,0.5,425,201,False,-2,,-4.3,"[{'offset': 0, 'projected_percent': '-4.6', 'likelihood': -1}, {'offset': 1, 'projected_percent': '-9.6', 'likelihood': -1}, {'offset': 2, 'projected_percent': '-14.6', 'likelihood': -1}]",3,0,48,False,0,0.0,,[],Lerma Solís,0.1,458,176,False,,0,0.0,a,2,8,31,2023-07-01,11.0,248,128,1,1424,20,5922,20,0.1,0.2,Lerma,1
3,1996-08-05,0,109,True,True,,,1,0.2,4,209400,3,,0,0,0,0,81.2,60,49,38,7.76,,,0,3,3.7,3.7,0,0.38,0.08,0.85,0.18,0.47,8.85,1.81,0.1,Daichi,3.7,78,29,10,2.04,0,False,21.9,73,44,214,False,95.6,84,25,,441,,,50,258,162,p209400,0,0,,0,,209400.jpg,4.2,82,34,False,-3,,12.9,"[{'offset': 0, 'projected_percent': '12.9', 'likelihood': 1}, {'offset': 1, 'projected_percent': '12.8', 'likelihood': 1}, {'offset': 2, 'projected_percent': '12.8', 'likelihood': 1}]",23,0,108,False,0,0.0,,[],Kamada,0.5,244,77,False,,5,1.02,a,11,8,31,2024-07-01,42.0,113,64,21,54271,232,28571,328,0.7,4.2,Kamada,1
0,2003-10-11,0,0,False,True,0,0,0,0,0,489706,,,0,0,0,0,0.0,609,262,0,0,2,,0,3,0.0,0.0,0,0.00,0,0.00,0,0.00,0.00,0,0,Justin,0.0,584,247,0,0,0,False,0.0,609,259,215,False,0.0,603,257,,0,Has joined Stoke City permanently,2026-09-02T15:41:07.346849Z,50,291,176,p489706,0,0,3,0,,489706.jpg,0.0,615,263,False,0,,0.0,"[{'offset': 0, 'projected_percent': '0.0', 'likelihood': 0}, {'offset': 1, 'projected_percent': '0.0', 'likelihood': 0}, {'offset': 2, 'projected_percent': '0.0', 'likelihood': 0}]",0,0,242,False,0,0,,[],Devenny,0.0,643,278,False,,0,0,u,0,8,31,2024-03-13,0.0,586,248,0,132,0,984,3,0.0,0.0,Devenny,0
0,2005-05-13,0,0,False,True,0,0,0,0,0,606921,,,0,0,0,0,0.0,624,272,0,0,,,0,3,0.0,0.0,0,0.00,0,0.00,0,0.00,0.00,0,0,Romain,0.0,600,258,0,0,0,False,0.0,624,269,216,False,0.0,618,267,,0,Has joined Millwall on loan for the rest of the season,2026-09-02T15:41:07.376544Z,50,320,195,p606921,0,0,,0,,606921.jpg,0.0,630,273,False,0,,0.0,"[{'offset': 0, 'projected_percent': '0.0', 'likelihood': 0}, {'offset': 1, 'projected_percent': '0.0', 'likelihood': 0}, {'offset': 2, 'projected_percent': '0.0', 'likelihood': 0}]",0,0,241,False,0,0,,[],Esse,0.0,591,246,False,,0,0,u,0,8,31,2025-01-18,0.0,602,259,0,399,0,3349,10,0.0,0.0,Esse,0
0,2004-04-01,0,0,False,True,0,0,0,0,0,536694,,,0,0,-1,1,0.0,580,248,0,0,,,0,3,0.0,0.0,0,0.00,0,0.00,0,0.00,0.00,0,0,Matheus,0.0,559,231,0,0,0,False,0.0,585,244,217,False,0.0,579,242,Matheus França,0,Has joined Alverca on loan for the rest of the season,2026-09-11T14:42:19.322912Z,49,383,228,p536694,0,0,,0,,536694.jpg,0.0,594,251,False,-1,,0.0,"[{'offset': 0, 'projected_percent': '0.0', 'likelihood': 0}, {'offset': 1, 'projected_percent': '0.0', 'likelihood': 0}, {'offset': 2, 'projected_percent': '0.0', 'likelihood': 0}]",0,0,30,False,0,0,,[],França de Oliveira,0.0,615,259,False,,0,0,u,0,8,31,2023-08-05,0.0,549,227,0,1007,0,3620,11,0.0,0.0,M.França,0
0,2000-01-08,0,0,True,True,,,0,0,0,438464,,,0,0,-2,2,0.0,551,233,0,0,,,0,3,0.0,0.0,0,0.00,0,0.00,0,0.00,0.00,0,0,Cheick,0.0,524,208,0,0,0,False,0.0,561,229,218,False,0.0,556,228,,0,,,48,409,249,p438464,0,0,,0,,438464.jpg,0.0,572,238,False,0,,-4.3,"[{'offset': 0, 'projected_percent': '-4.3', 'likelihood': -1}, {'offset': 1, 'projected_percent': '-4.3', 'likelihood': -1}, {'offset': 2, 'projected_percent': '-4.3', 'likelihood': -1}]",0,0,132,False,0,0,,[],Doucouré,0.0,504,198,False,,0,0,a,0,8,31,2022-07-11,0.0,514,207,0,2209,19,4720,23,0.0,0.0,Doucouré,0
0,2002-10-05,0,0,False,True,0,0,0,0,0,450542,,,0,0,-1,1,0.0,572,243,0,0,,,0,3,0.0,0.0,0,0.00,0,0.00,0,0.00,0.00,0,0,Jesurun,0.0,549,223,0,0,0,False,0.0,579,239,219,False,0.0,573,237,,0,has joined  Kasimpasa on loan for the rest of the seaon.,2026-09-10T09:12:47.224598Z,49,365,217,p450542,0,0,,0,,450542.jpg,0.0,589,247,False,0,,0.0,"[{'offset': 0, 'projected_percent': '0.0', 'likelihood': 0}, {'offset': 1, 'projected_percent': '0.0', 'likelihood': 0}, {'offset': 2, 'projected_percent': '0.0', 'likelihood': 0}]",0,0,81,False,0,0,,[],Rak-Sakyi,0.0,648,283,False,,0,0,u,0,8,31,2021-04-09,0.0,540,221,0,145,0,485,2,0.0,0.0,J.Rak-Sakyi,0
0,2006-07-01,0,0,False,True,0,0,0,0,0,590014,,,0,0,0,0,0.0,524,199,0,0,,,0,2,0.0,0.0,0,0.00,0,0.00,0,0.00,0.00,0,0,Rio,0.0,495,192,0,0,0,False,0.0,533,200,220,False,0.0,528,200,,0,Has joined Bristol City on loan for the rest of the season,2026-08-12T14:08:46.501813Z,45,508,128,p590014,0,0,,0,,590014.jpg,0.0,546,201,False,0,,0.0,"[{'offset': 0, 'projected_percent': '0.0', 'likelihood': 0}, {'offset': 1, 'projected_percent': '0.0', 'likelihood': 0}, {'offset': 2, 'projected_percent': '0.0', 'likelihood': 0}]",0,0,217,False,0,0,,[],Cardines,0.0,662,217,False,,0,0,u,0,8,31,2025-07-24,0.0,482,192,0,0,0,131,1,0.0,0.0,Cardines,0
0,2009-06-09,0,0,True,True,,,0,0,0,672492,,,0,0,-1,1,0.0,478,209,0,0,,,0,3,0.0,0.0,0,0.00,0,0.00,0,0.00,0.00,0,0,Joél,0.0,451,183,0,0,0,False,0.0,491,204,221,False,0.0,486,203,,0,,,44,575,297,p672492,0,0,,0,,672492.jpg,0.0,506,214,False,0,,-2.1,"[{'offset': 0, 'projected_percent': '-2.1', 'likelihood': -1}, {'offset': 1, 'projected_percent': '-2.1', 'likelihood': -1}, {'offset': 2, 'projected_percent': '-2.1', 'likelihood': -1}]",0,0,241,False,0,0,,[],Drakes-Thomas,0.1,465,180,False,,0,0,a,0,8,31,2025-12-10,0.0,428,181,0,2943,24,5104,28,0.0,0.0,Drakes-Thomas,0
0,2000-02-06,2,69,True,True,,,1,0.3,6,247412,,,0,0,0,0,32.5,179,20,13,3.93,,,0,4,3.3,3.3,0,0.20,0.06,0.63,0.19,0.43,6.15,1.86,0.13,Jørgen,3.3,89,10,5,1.51,1,False,16.1,123,17,222,False,62.6,156,12,,298,,,60,69,16,p247412,0,0,,0,,247412.jpg,2.8,176,17,False,-25,,8.8,"[{'offset': 0, 'projected_percent': '8.8', 'likelihood': 1}, {'offset': 1, 'projected_percent': '8.4', 'likelihood': 1}, {'offset': 2, 'projected_percent': '8.0', 'likelihood': 1}]",5,0,161,False,0,0.0,,[],Strand Larsen,0.7,215,35,False,,3,0.91,a,2,8,31,2026-02-02,65.0,68,19,14,60706,494,46370,599,0.6,2.3,Strand Larsen,0
0,1997-06-28,0,-3,True,True,0,0,0,0.0,1,231747,,,0,0,-2,2,12.3,262,31,5,7.26,,,0,4,0.0,0.0,0,0.02,0.03,0.72,1.05,0.70,0.98,1.42,1.02,Jean-Philippe,0.0,657,76,2,2.9,0,False,2.5,338,38,223,False,1.4,392,42,,62,Hamstring injury - Expected back 18 Oct,2026-08-28T21:00:08.020382Z,63,46,12,p231747,0,0,1,0,,231747.jpg,2.0,244,27,False,-11,,-42.1,"[{'offset': 0, 'projected_percent': '-42.1', 'likelihood': -3}, {'offset': 1, 'projected_percent': '-42.7', 'likelihood': -3}, {'offset': 2, 'projected_percent': '-43.2', 'likelihood': -3}]",2,0,73,False,0,0.0,https://www.cpfc.co.uk/news/first-team/team-news-sage-updates-on-mateta-and-khalaili-ahead-of-forest/,[],Mateta,1.2,163,25,False,,1,1.45,i,2,8,31,2022-01-31,11.0,253,37,2,26128,25,461897,544,0.0,0.3,Mateta,0
1,1999-05-30,0,38,True,True,100,100,0,0.0,2,205533,,,0,0,0,0,46.4,135,13,12,6.17,,,0,4,0.3,0.3,0,0.60,0.31,1.70,0.88,1.10,4.51,2.32,0.57,Eddie,0.3,347,41,7,3.6,0,False,13.0,169,20,224,False,34.2,240,22,,175,,2026-09-12T14:00:09.427136Z,55,137,37,p205533,0,0,,0,,205533.jpg,2.0,240,25,False,-7,,-38.7,"[{'offset': 0, 'projected_percent': '-38.9', 'likelihood': -2}, {'offset': 1, 'projected_percent': '-41.2', 'likelihood': -3}, {'offset': 2, 'projected_percent': '-43.6', 'likelihood': -3}]",6,0,241,False,0,0.0,,[],Nketiah,0.5,251,39,False,,3,1.54,a,4,8,31,2024-08-30,50.0,93,22,8,48767,180,53602,277,0.1,1.5,Nketiah,0
0,,0,0,False,True,0,0,0,0,0,660392,,,0,0,0,0,0.0,627,71,0,0,,,0,4,0.0,0.0,0,0.00,0,0.00,0,0.00,0.00,0,0,Christantus,0.0,603,63,0,0,0,False,0.0,627,71,225,False,0.0,621,67,,0,has returned to Getafe CF,2026-07-23T12:18:56.275922Z,50,330,63,p660392,0,0,,0,,660392.jpg,0.0,633,72,False,0,,0.0,"[{'offset': 0, 'projected_percent': '0.0', 'likelihood': 0}, {'offset': 1, 'projected_percent': '0.0', 'likelihood': 0}, {'offset': 2, 'projected_percent': '0.0', 'likelihood': 0}]",0,0,,False,0,0,,[],Uche,0.0,667,79,False,,0,0,u,0,8,31,,0.0,606,67,0,0,0,0,0,0.0,0.0,Uche,0
0,1999-11-22,0,13,True,True,,,0,0.0,4,433154,,,0,0,-2,2,5.0,303,154,7,7.5,,,0,3,0.0,0.0,0,0.02,0.02,0.07,0.07,0.05,1.18,1.26,0.05,Dwight,0.0,609,263,3,3.21,0,False,1.7,356,170,241,False,10.0,324,146,,84,,,53,217,136,p433154,0,0,,0,,433154.jpg,1.5,277,124,False,-1,,-5.9,"[{'offset': 0, 'projected_percent': '-6.0', 'likelihood': -1}, {'offset': 1, 'projected_percent': '-7.9', 'likelihood': -1}, {'offset': 2, 'projected_percent': '-9.8', 'likelihood': -1}]",3,0,241,False,0,0.0,,[],McNeil,0.1,407,148,False,,1,1.07,a,0,8,31,2026-08-11,2.0,330,164,3,1887,7,8735,38,0.0,0.6,McNeil,0
0,1994-02-10,0,0,True,True,,,0,0,0,169593,,,0,0,0,0,0.0,415,18,0,0,,,0,1,0.0,0.0,0,0.00,0,0.00,0,0.00,0.00,0,0,Remi,0.0,379,34,0,0,0,False,0.0,430,37,555,False,0.0,425,37,,0,,,40,603,61,p169593,0,0,,0,,169593.jpg,0.0,448,37,False,-3,,-11.7,"[{'offset': 0, 'projected_percent': '-11.7', 'likelihood': -1}, {'offset': 1, 'projected_percent': '-12.0', 'likelihood': -1}, {'offset': 2, 'projected_percent': '-12.2', 'likelihood': -1}]",0,0,241,False,0,0,,[],Matthews,1.7,135,20,False,,0,0,a,0,8,31,2021-07-13,0.0,359,13,0,24968,74,34076,167,0.0,0.0,Matthews,0
0,1998-11-05,0,10,True,True,0,0,0,0.0,15,223723,,,0,0,-1,1,15.6,235,82,17,8.1,,,0,2,0.0,0.0,0,0.03,0.01,0.03,0.01,0.00,3.98,1.9,0.0,Takehiro,0.3,302,106,5,2.38,0,False,6.0,270,101,577,False,35.8,234,94,,189,Calf injury - Expected back 18 Oct,2026-09-21T13:30:09.030724Z,44,550,140,p223723,0,0,,0,,223723.jpg,0.8,409,143,False,-13,,-30.8,"[{'offset': 0, 'projected_percent': '-31.0', 'likelihood': -2}, {'offset': 1, 'projected_percent': '-34.4', 'likelihood': -2}, {'offset': 2, 'projected_percent': '-37.9', 'likelihood': -2}]",7,0,108,False,0,0.0,https://www.cpfc.co.uk/news/first-team/team-news-sage-updates-on-mateta-and-khalaili-ahead-of-forest/,[],Tomiyasu,0.2,311,116,False,,2,0.95,i,2,8,31,2026-08-06,8.0,266,92,3,3503,0,15791,265,0.1,0.7,Tomiyasu,0
0,2004-09-03,0,54,True,True,100,100,1,0.24,23,570794,,,0,0,0,0,48.8,122,31,44,10.45,,,0,2,4.3,4.3,0,0.33,0.08,1.29,0.31,0.96,8.41,2.0,0.23,Anan,4.3,60,27,8,1.9,1,False,22.5,64,11,588,False,128.2,33,13,,379,,2026-10-04T22:00:08.963040Z,50,317,52,p570794,0,0,,0,,570794.jpg,3.8,100,44,False,1,,7.0,"[{'offset': 0, 'projected_percent': '7.0', 'likelihood': 1}, {'offset': 1, 'projected_percent': '7.1', 'likelihood': 1}, {'offset': 2, 'projected_percent': '7.1', 'likelihood': 1}]",26,0,105,False,0,0.0,,[],Khalaili,0.3,290,108,False,,4,0.95,a,21,8,31,2026-08-15,48.0,99,22,19,37248,113,18369,137,0.9,3.8,Khalaili,1
0,2007-03-22,0,6,True,True,,,0,0.0,0,559152,,,0,0,-1,1,1.6,341,172,1,3.21,,,0,3,0.3,0.3,0,0.00,0.0,0.00,0.0,0.00,0.68,2.19,0.0,Zavier,0.3,319,145,2,6.43,0,False,0.3,395,184,595,False,1.4,391,183,,28,,,49,388,233,p559152,0,0,,0,,559152.jpg,1.0,357,160,False,1,,-5.5,"[{'offset': 0, 'projected_percent': '-4.5', 'likelihood': -1}, {'offset': 1, 'projected_percent': '0.0', 'likelihood': 0}, {'offset': 2, 'projected_percent': '0.0', 'likelihood': 0}]",0,0,229,False,0,0.0,,[],Gozo,0.0,599,251,False,,0,0.0,a,1,8,31,2026-08-18,0.0,553,231,2,515,3,943,4,0.1,0.4,Gozo,0
0,2008-02-23,0,10,True,True,,,0,0.0,9,605972,,,0,0,0,0,11.9,265,96,11,11.0,,,0,2,1.0,1.0,0,0.01,0.01,0.01,0.01,0.00,1.68,1.68,0.0,Honest,1.0,226,79,3,3.0,0,False,4.1,304,114,633,False,24.6,268,109,,90,,,45,517,129,p605972,0,0,,0,,605972.jpg,3.0,144,59,False,0,,0.1,"[{'offset': 0, 'projected_percent': '0.1', 'likelihood': 1}, {'offset': 1, 'projected_percent': '0.1', 'likelihood': 1}, {'offset': 2, 'projected_percent': '0.1', 'likelihood': 1}]",4,0,106,False,0,0.0,,[],Ahanor,0.0,586,199,False,,1,1.0,a,2,8,31,2026-09-01,4.0,305,110,3,2033,9,672,16,0.2,0.7,Ahanor,0
0,1996-12-21,0,21,True,True,,,0,0.0,1,172850,,,0,0,0,0,4.2,312,110,1,3.1,,,0,2,0.3,0.3,0,0.01,0.03,0.28,0.87,0.27,1.12,3.48,0.84,Ben,0.3,307,111,1,3.1,1,False,5.9,272,102,643,False,33.4,241,97,,29,,,45,443,92,p172850,0,0,,0,,172850.jpg,4.0,88,39,False,-18,,-116.7,"[{'offset': 0, 'projected_percent': '-117.1', 'likelihood': -5}, {'offset': 1, 'projected_percent': '-124.4', 'likelihood': -5}, {'offset': 2, 'projected_percent': '-131.8', 'likelihood': -5}]",0,0,241,False,0,0.0,,[],Chilwell,0.4,264,99,False,,0,0.0,a,0,8,31,2026-09-01,21.0,179,55,8,43768,69,21516,334,0.1,1.8,Chilwell,0
0,2001-06-17,0,45,True,True,,,1,0.36,6,450063,,,0,0,0,0,29.1,190,108,27,9.6,,,0,3,2.3,2.3,0,0.06,0.02,0.30,0.11,0.24,5.56,1.98,0.09,Quinten,2.3,133,55,5,1.78,0,False,10.0,209,98,644,False,37.8,226,97,,253,,,50,277,170,p450063,0,0,,0,,450063.jpg,3.0,150,63,False,2,,0.3,"[{'offset': 0, 'projected_percent': '0.3', 'likelihood': 1}, {'offset': 1, 'projected_percent': '0.3', 'likelihood': 1}, {'offset': 2, 'projected_percent': '0.3', 'likelihood': 1}]",10,0,152,False,0,0.0,,[],Timber,0.0,520,209,False,,3,1.07,a,11,8,31,2026-09-01,34.0,141,74,9,4721,39,1755,36,0.5,1.8,Timber,0
0,2004-01-24,0,2,True,True,,,0,0.0,0,533646,,,0,0,0,0,0.3,384,192,1,90.0,,,0,3,0.0,0.0,0,0.00,0.0,0.00,0.0,0.00,0.13,11.7,0.0,Darío,0.0,637,280,0,0.0,0,False,0.2,401,188,647,False,2.0,387,180,,1,,,55,157,98,p533646,0,0,,0,,533646.jpg,1.0,393,184,False,0,,-102.2,"[{'offset': 0, 'projected_percent': '-102.2', 'likelihood': -5}, {'offset': 1, 'projected_percent': '-102.2', 'likelihood': -5}, {'offset': 2, 'projected_percent': '-102.2', 'likelihood': -5}]",0,0,44,False,0,0.0,,[],Osorio,0.0,624,265,False,,0,0.0,a,1,8,31,2026-09-01,0.0,639,280,1,969,2,462,8,0.0,0.2,Osorio,0
0,1994-03-10,0,0,True,True,50,50,0,0,0,128295,,,0,0,-2,2,0.0,549,231,0,0,,,0,3,0.0,0.0,0,0.00,0,0.00,0,0.00,0.00,0,0,Christian,0.0,520,205,0,0,0,False,0.0,557,226,21,False,0.0,552,225,,0,Groin injury - 50% chance of playing,2026-08-15T20:00:06.779594Z,48,401,242,p128295,0,0,,0,,128295.jpg,0.0,570,236,False,0,2026-10-17T14:30:11.076186Z,0.0,"[{'offset': 0, 'projected_percent': '0.0', 'likelihood': 0}, {'offset': 1, 'projected_percent': '0.0', 'likelihood': 0}, {'offset': 2, 'projected_percent': '0.0', 'likelihood': 0}]",0,0,58,False,0,0,https://www.evertonfc.com/news/2026/october/09/moyes-reveals-everton-team-news-for-hull-trip/,[],Nørgaard,0.0,514,204,False,,0,0,d,0,9,11,2026-08-05,0.0,510,204,0,606,8,7790,26,0.0,0.0,Nørgaard,0
0,2001-05-23,0,26,True,True,,,2,0.76,8,242898,,,0,0,-1,1,52.8,107,71,26,9.83,,,0,3,2.0,2.0,0,0.22,0.08,1.25,0.47,1.03,3.73,1.41,0.39,Brennan,2.0,162,72,1,0.38,0,False,10.0,210,99,209,False,23.0,275,116,,238,,,59,85,56,p242898,0,0,,0,,242898.jpg,1.8,260,115,False,-5,,-44.3,"[{'offset': 0, 'projected_percent': '-44.7', 'likelihood': -3}, {'offset': 1, 'projected_percent': '-51.1', 'likelihood': -3}, {'offset': 2, 'projected_percent': '-57.6', 'likelihood': -3}]",11,0,244,False,0,0.0,,[],Johnson,0.1,393,143,False,,3,1.13,a,7,9,11,2026-08-11,25.0,169,92,9,5758,50,11423,78,0.3,1.5,Johnson,1
0,1994-03-07,1,121,True,True,,,3,0.6,7,111234,,,0,0,0,0,0.0,640,71,0,0.0,,,0,1,4.7,4.7,0,0.02,0.0,0.02,0.0,0.00,6.94,1.39,0.0,Jordan,4.7,52,6,3,0.6,0,False,12.0,181,7,226,False,119.2,45,7,,450,,,55,127,2,p111234,0,0,,0,,111234.jpg,5.0,52,6,False,-35,,33.8,"[{'offset': 0, 'projected_percent': '33.7', 'likelihood': 2}, {'offset': 1, 'projected_percent': '33.2', 'likelihood': 2}, {'offset': 2, 'projected_percent': '32.6', 'likelihood': 2}]",53,0,241,False,15,3.0,,[],Pickford,9.1,38,7,False,,5,1.0,a,0,9,11,2017-07-01,0.0,627,70,25,323829,1099,260131,2286,0.9,4.5,Pickford,0
0,1999-05-18,0,0,True,True,,,0,0,0,229600,,,0,0,0,0,0.0,597,66,0,0,,,0,1,0.0,0.0,0,0.00,0,0.00,0,0.00,0.00,0,0,Mark,0.0,575,72,0,0,0,False,0.0,601,72,227,False,0.0,595,72,,0,,,50,267,9,p229600,0,0,,0,,229600.jpg,0.0,607,72,False,1,,-38.3,"[{'offset': 0, 'projected_percent': '-38.0', 'likelihood': -2}, {'offset': 1, 'projected_percent': '-32.8', 'likelihood': -2}, {'offset': 2, 'projected_percent': '-27.6', 'likelihood': -2}]",0,0,104,False,0,0,,[],Travers,0.0,513,59,False,,0,0,a,0,9,11,2025-07-15,0.0,574,65,0,1996,14,2321,27,0.0,0.0,Travers,0
0,1995-03-09,0,0,True,True,,,0,0,0,138001,,,0,0,0,0,0.0,487,43,0,0,,,0,1,0.0,0.0,0,0.00,0,0.00,0,0.00,0.00,0,0,Tom,0.0,458,56,0,0,0,False,0.0,497,58,228,False,0.0,492,58,,0,,,45,438,29,p138001,0,0,,0,,138001.jpg,0.0,512,58,False,1,,-50.7,"[{'offset': 0, 'projected_percent': '-50.5', 'likelihood': -3}, {'offset': 1, 'projected_percent': '-45.8', 'likelihood': -3}, {'offset': 2, 'projected_percent': '-41.2', 'likelihood': -3}]",0,0,244,False,0,0,,[],King,0.0,506,58,False,,0,0,a,0,9,11,2025-08-15,0.0,437,38,0,1258,3,1850,10,0.0,0.0,King,0
1,1992-11-19,7,138,True,True,,,3,0.6,40,17761,,,0,0,2,-2,25.6,195,62,51,10.2,,,2,2,7.3,7.3,0,0.04,0.01,0.22,0.05,0.18,6.94,1.39,0.04,James,7.3,8,3,3,0.6,1,False,20.5,84,23,229,True,149.6,17,3,,450,,,62,53,5,p17761,0,0,,0,,17761.jpg,8.6,6,2,False,140,,22.3,"[{'offset': 0, 'projected_percent': '22.4', 'likelihood': 2}, {'offset': 1, 'projected_percent': '24.7', 'likelihood': 2}, {'offset': 2, 'projected_percent': '27.0', 'likelihood': 2}]",18,0,241,False,0,0.0,,[],Tarkowski,18.2,20,6,False,,5,1.0,a,11,9,11,2022-07-01,30.0,154,45,43,1190849,11244,345641,5383,1.2,6.9,Tarkowski,0
0,2002-06-27,0,97,True,True,,,3,0.6,49,480455,,,0,0,0,0,7.2,288,105,54,10.8,,,0,2,4.7,4.7,0,0.02,0.0,0.19,0.03,0.17,6.94,1.39,0.03,Jarrad,4.7,53,24,3,0.6,0,False,22.5,65,12,230,False,145.4,23,6,,450,,,55,154,16,p480455,0,0,,0,,480455.jpg,5.4,42,17,False,4,,49.6,"[{'offset': 0, 'projected_percent': '49.6', 'likelihood': 3}, {'offset': 1, 'projected_percent': '49.7', 'likelihood': 3}, {'offset': 2, 'projected_percent': '49.8', 'likelihood': 3}]",14,0,241,False,0,0.0,,[],Branthwaite,2.6,108,41,False,,5,1.0,a,5,9,11,2020-06-20,73.0,56,5,27,177779,1228,84059,1352,0.9,4.9,Branthwaite,0
0,1993-01-11,0,0,True,True,,,0,0,0,106611,,,0,0,-2,2,0.0,548,202,0,0,,,0,2,0.0,0.0,0,0.00,0,0.00,0,0.00,0.00,0,0,Michael,0.0,519,197,0,0,0,False,0.0,556,203,231,False,0.0,551,203,,0,,,48,400,74,p106611,0,0,,0,,106611.jpg,0.0,569,205,False,-8,,-62.7,"[{'offset': 0, 'projected_percent': '-62.8', 'likelihood': -3}, {'offset': 1, 'projected_percent': '-64.7', 'likelihood': -3}, {'offset': 2, 'projected_percent': '-66.7', 'likelihood': -3}]",0,0,241,False,0,0,,[],Keane,0.7,214,82,False,,0,0,a,0,9,11,2017-07-03,0.0,509,197,0,10045,49,94721,281,0.0,0.0,Keane,0
0,2001-05-15,0,5,True,True,,,0,0.0,2,512462,,,0,0,-2,2,0.0,554,203,2,11.25,,,0,2,0.7,0.7,0,0.00,0.0,0.00,0.0,0.00,0.42,2.36,0.0,Jake,0.7,260,92,0,0.0,0,False,0.3,393,142,232,False,3.0,378,140,,16,,,48,416,77,p512462,0,0,,0,,512462.jpg,1.0,344,133,False,0,,-5.3,"[{'offset': 0, 'projected_percent': '-5.3', 'likelihood': -1}, {'offset': 1, 'projected_percent': '-5.3', 'likelihood': -1}, {'offset': 2, 'projected_percent': '-5.3', 'likelihood': -1}]",2,0,104,False,0,0.0,,[],O'Brien,0.3,300,110,False,,0,0.0,a,0,9,11,2024-07-30,0.0,517,199,2,5026,29,25780,85,0.1,0.4,O'Brien,0
0,1999-05-29,3,109,True,True,75,75,3,0.6,25,224967,,,0,0,1,-1,35.7,169,49,39,7.8,,,1,2,4.0,4.0,0,0.16,0.03,0.20,0.04,0.04,6.94,1.39,0.01,Vitalii,5.3,28,11,3,0.6,0,False,15.5,132,44,233,False,105.6,66,30,,450,Leg injury - 75% chance of playing,2026-10-01T19:30:09.402881Z,46,425,81,p224967,0,0,,0,,224967.jpg,5.4,40,16,False,-324,,-12.5,"[{'offset': 0, 'projected_percent': '-13.0', 'likelihood': -1}, {'offset': 1, 'projected_percent': '-21.6', 'likelihood': -2}, {'offset': 2, 'projected_percent': '-30.2', 'likelihood': -2}]",30,0,225,False,0,0.0,https://www.evertonfc.com/news/2026/october/09/moyes-reveals-everton-team-news-for-hull-trip/,[],Mykolenko,3.5,97,36,False,,5,1.0,d,14,9,11,2022-01-01,13.0,231,77,27,419231,203,199173,6239,1.2,5.9,Mykolenko,1
0,2001-10-16,0,0,False,True,0,0,0,0,0,243571,,,0,0,0,0,0.0,497,190,0,0,,,0,2,0.0,0.0,0,0.00,0,0.00,0,0.00,0.00,0,0,Nathan,0.0,467,181,0,0,0,False,0.0,506,191,234,False,0.0,501,191,,0,Has joined Torino permanently,2026-09-02T16:05:23.326971Z,45,464,107,p243571,0,0,,0,,243571.jpg,0.0,521,193,False,0,,0.0,"[{'offset': 0, 'projected_percent': '0.0', 'likelihood': 0}, {'offset': 1, 'projected_percent': '0.0', 'likelihood': 0}, {'offset': 2, 'projected_percent': '0.0', 'likelihood': 0}]",0,0,243,False,0,0,,[],Patterson,0.0,593,201,False,,0,0,u,0,9,11,2022-01-04,0.0,448,180,0,371,0,2541,8,0.0,0.0,Patterson,0
0,2006-06-02,0,0,False,True,0,0,0,0,0,499300,,,0,0,0,0,0.0,433,159,0,0,,,0,2,0.0,0.0,0,0.00,0,0.00,0,0.00,0.00,0,0,Adam,0.0,399,144,0,0,0,False,0.0,447,160,235,False,0.0,442,160,,0,Has joined Malaga on loan for the rest of the season,2026-09-01T13:23:16.934847Z,40,631,183,p499300,0,0,,0,,499300.jpg,0.0,465,165,False,0,,0.0,"[{'offset': 0, 'projected_percent': '0.0', 'likelihood': 0}, {'offset': 1, 'projected_percent': '0.0', 'likelihood': 0}, {'offset': 2, 'projected_percent': '0.0', 'likelihood': 0}]",0,0,145,False,0,0,,[],Aznou,0.1,435,159,False,,0,0,u,0,9,11,2025-07-29,0.0,377,144,0,1728,0,11873,50,0.0,0.0,Aznou,0
0,1998-09-06,3,110,True,True,,,3,0.6,5,215413,2,,0,0,1,-1,160.8,13,12,42,8.4,,,0,3,1.7,1.7,0,0.83,0.17,1.82,0.37,0.99,6.74,1.35,0.2,Kiernan,1.7,191,89,3,0.6,1,False,38.9,13,11,236,False,102.8,77,24,,450,,,66,33,22,p215413,0,0,,0,,215413.jpg,4.0,96,37,False,-177,,-15.5,"[{'offset': 0, 'projected_percent': '-15.8', 'likelihood': -1}, {'offset': 1, 'projected_percent': '-21.4', 'likelihood': -2}, {'offset': 2, 'projected_percent': '-26.9', 'likelihood': -2}]",26,0,241,False,0,0.0,,[],Dewsbury-Hall,5.5,70,23,False,,5,1.0,a,11,9,11,2025-08-06,125.0,20,11,20,609778,1127,399937,5203,0.3,3.0,Dewsbury-Hall,1
0,1995-09-10,0,36,True,True,100,100,1,0.67,2,114283,,,0,0,0,0,71.7,70,56,13,8.67,,,0,3,1.3,1.3,0,0.44,0.29,0.46,0.3,0.02,1.67,1.11,0.01,Jack,1.3,220,103,1,0.67,0,False,11.4,195,92,238,False,21.6,281,121,,135,,2026-07-29T10:00:10.492904Z,65,35,23,p114283,0,0,,0,,114283.jpg,1.5,282,127,False,17,,11.3,"[{'offset': 0, 'projected_percent': '11.3', 'likelihood': 1}, {'offset': 1, 'projected_percent': '11.6', 'likelihood': 1}, {'offset': 2, 'projected_percent': '11.9', 'likelihood': 1}]",8,0,241,False,0,0.0,,"[{'property': 'loan_ineligible', 'notes': 'This player will not be available to face their parent club in Gameweek 18 as part of their loan conditions.', 'gameweek': 18, 'url': None}, {'property': 'loan_ineligible', 'notes': 'This player will not be available to face their parent club in Gameweek 28 as part of their loan conditions.', 'gameweek': 28, 'url': None}]",Grealish,0.5,252,82,False,,1,0.67,a,3,9,11,2026-09-01,20.0,190,103,6,46290,457,26261,316,0.2,0.9,Grealish,0
0,2001-03-13,0,71,True,True,100,100,2,0.55,9,232928,1,,0,0,0,0,68.3,80,59,45,12.35,1,,0,3,2.3,2.3,0,0.17,0.05,0.37,0.1,0.20,3.45,0.95,0.05,James,2.3,142,62,2,0.55,0,False,13.4,166,85,239,False,51.4,190,78,,328,,2026-09-06T18:00:08.301702Z,60,68,46,p232928,0,0,2,0,,232928.jpg,2.2,227,101,False,1,,4.3,"[{'offset': 0, 'projected_percent': '4.3', 'likelihood': 1}, {'offset': 1, 'projected_percent': '4.3', 'likelihood': 1}, {'offset': 2, 'projected_percent': '4.3', 'likelihood': 1}]",25,0,241,False,0,0.0,,[],Garner,0.2,319,112,False,,4,1.1,a,11,9,11,2022-09-01,13.0,236,123,11,24545,283,16205,183,0.4,1.8,Garner,2
0,2006-02-04,3,77,True,True,,,2,0.58,5,550615,,,0,0,0,0,86.2,54,44,18,5.24,,,0,3,1.3,1.3,0,0.32,0.09,0.67,0.19,0.35,3.71,1.08,0.1,Tyrique,1.3,218,102,3,0.87,1,False,22.5,66,41,242,False,64.0,150,55,,309,,,55,160,101,p550615,0,0,,0,,550615.jpg,3.8,103,40,False,-26,,27.5,"[{'offset': 0, 'projected_percent': '27.5', 'likelihood': 2}, {'offset': 1, 'projected_percent': '27.1', 'likelihood': 2}, {'offset': 2, 'projected_percent': '26.7', 'likelihood': 2}]",12,0,241,False,0,0.0,,[],George,0.8,204,63,False,,4,1.17,a,1,9,11,2026-07-06,75.0,54,33,19,109360,228,56971,878,0.2,3.5,George,0
0,2002-11-30,0,5,True,True,,,0,0.0,0,502697,,,0,0,-1,1,0.8,363,181,3,54.0,,,0,3,0.0,0.0,0,0.02,0.36,0.07,1.26,0.05,0.04,0.72,0.9,Carlos,0.0,554,227,0,0.0,0,False,2.7,330,155,243,False,5.0,361,167,,5,,,49,377,223,p502697,0,0,,0,,502697.jpg,0.5,426,202,False,-2,,-63.2,"[{'offset': 0, 'projected_percent': '-63.5', 'likelihood': -3}, {'offset': 1, 'projected_percent': '-69.4', 'likelihood': -3}, {'offset': 2, 'projected_percent': '-75.2', 'likelihood': -3}]",2,0,10,False,0,0.0,,[],Alcaraz Durán,0.1,456,175,False,,0,0.0,a,1,9,11,2025-07-01,25.0,167,90,1,2999,23,6198,41,0.0,0.2,Alcaraz,1
1,2007-01-19,0,61,True,True,100,100,3,0.61,13,609873,,,0,0,0,0,64.5,86,63,40,8.07,,,0,3,1.7,1.7,0,0.49,0.1,0.70,0.14,0.21,6.94,1.4,0.04,Harrison,1.7,181,81,3,0.61,0,False,14.7,149,76,244,False,62.6,155,58,,446,,2026-09-17T08:30:08.942299Z,50,322,197,p609873,0,0,,0,,609873.jpg,3.2,136,53,False,-10,,9.7,"[{'offset': 0, 'projected_percent': '9.7', 'likelihood': 1}, {'offset': 1, 'projected_percent': '9.5', 'likelihood': 1}, {'offset': 2, 'projected_percent': '9.3', 'likelihood': 1}]",19,0,241,False,0,0.0,,[],Armstrong,0.4,277,93,False,,5,1.01,a,8,9,11,2024-08-09,19.0,192,105,16,54681,59,35191,282,0.3,3.2,Armstrong,2
0,2006-02-17,0,10,True,True,,,0,0.0,0,496661,,,0,0,-2,2,24.4,201,114,0,0.0,,,0,3,0.3,0.3,0,0.16,0.6,0.33,1.24,0.17,0.38,1.42,0.64,Tyler,0.3,339,157,0,0.0,0,False,5.8,274,121,245,False,7.2,346,161,,24,,,53,227,143,p496661,0,0,,0,,496661.jpg,1.0,380,175,False,-4,,-2.9,"[{'offset': 0, 'projected_percent': '-4.2', 'likelihood': -1}, {'offset': 1, 'projected_percent': '-26.2', 'likelihood': -2}, {'offset': 2, 'projected_percent': '-48.3', 'likelihood': -3}]",0,0,241,False,0,0.0,,[],Dibling,0.0,548,225,False,,0,0.0,a,0,9,11,2025-08-25,26.0,162,86,1,1275,8,2816,14,0.1,0.2,Dibling,0
0,2002-07-05,0,35,True,True,50,50,1,0.36,6,513466,,,0,0,-1,1,32.1,181,106,24,8.67,,,0,3,0.0,0.0,0,0.20,0.07,0.20,0.07,0.00,4.52,1.63,0.0,Merlin,0.0,556,228,2,0.72,0,False,6.1,266,119,246,False,26.6,261,108,,249,Unspecified injury - 50% chance of playing,2026-09-16T18:00:09.541933Z,49,379,224,p513466,0,0,,0,,513466.jpg,2.0,236,103,False,0,2026-10-17T15:00:09.784346Z,0.0,"[{'offset': 0, 'projected_percent': '0.0', 'likelihood': 0}, {'offset': 1, 'projected_percent': '0.0', 'likelihood': 0}, {'offset': 2, 'projected_percent': '0.0', 'likelihood': 0}]",13,0,80,False,0,0.0,,[],Röhl,0.0,545,223,False,,3,1.08,d,5,9,11,2026-06-15,2.0,325,161,6,1967,0,5229,31,0.0,1.2,Röhl,1
1,2002-06-26,0,39,True,True,100,100,1,0.66,4,244860,3,,0,0,-1,1,50.0,120,80,12,7.88,,,0,3,0.7,0.7,0,0.13,0.09,0.18,0.12,0.05,3.91,2.57,0.03,Hayden,0.7,276,131,1,0.66,0,False,11.1,197,94,247,False,40.4,216,93,,137,,2026-08-26T22:00:07.797766Z,54,181,114,p244860,0,0,,0,,244860.jpg,2.0,239,104,False,0,,-9.5,"[{'offset': 0, 'projected_percent': '-9.5', 'likelihood': -1}, {'offset': 1, 'projected_percent': '-9.5', 'likelihood': -1}, {'offset': 2, 'projected_percent': '-9.5', 'likelihood': -1}]",5,0,241,False,0,0.0,,[],Hackney,0.2,345,121,False,,1,0.66,a,3,9,11,2026-07-02,21.0,185,98,10,3860,13,12925,58,0.1,1.9,Hackney,0
0,1998-01-31,0,5,False,True,0,0,0,0.0,1,486385,,,0,0,-1,1,0.3,383,47,1,2.9,,,0,4,0.0,0.0,0,0.00,0.0,0.09,0.26,0.09,1.92,5.57,0.26,Norberto Bercique,0.0,622,67,0,0.0,0,False,0.8,381,43,248,False,3.0,380,40,Beto,31,Has joined Fiorentina permanently,2026-09-02T16:05:23.357221Z,54,191,45,p486385,0,0,,0,,486385.jpg,1.0,390,43,False,-20,,0.0,"[{'offset': 0, 'projected_percent': '0.0', 'likelihood': 0}, {'offset': 1, 'projected_percent': '0.0', 'likelihood': 0}, {'offset': 2, 'projected_percent': '0.0', 'likelihood': 0}]",0,0,90,False,0,0.0,,[],Gomes Betuncal,0.5,246,38,False,,0,0.0,u,0,9,11,2023-08-29,5.0,296,39,2,16222,0,226343,551,0.0,0.4,Beto,0
0,2002-10-21,2,83,True,True,,,3,0.65,5,586309,,,0,0,2,-2,72.0,69,3,17,3.67,,,0,4,2.7,2.7,0,0.15,0.03,3.65,0.79,3.50,5.02,1.08,0.76,Thierno,2.7,116,13,3,0.65,2,False,36.5,16,4,249,False,85.8,105,9,,417,,,57,119,30,p586309,0,0,1,0,,586309.jpg,4.0,92,8,False,-248,,2.7,"[{'offset': 0, 'projected_percent': '2.5', 'likelihood': 1}, {'offset': 1, 'projected_percent': '-1.9', 'likelihood': -1}, {'offset': 2, 'projected_percent': '-6.9', 'likelihood': -1}]",11,0,73,False,0,0.0,,[],Barry,8.6,42,7,False,,5,1.08,a,1,9,11,2025-07-09,207.0,3,2,20,1089269,4327,442507,9668,0.5,3.5,Barry,0
0,1997-08-29,2,75,True,True,,,2,1.02,8,154043,,,0,0,0,0,38.8,161,43,13,6.61,,,0,2,4.7,4.7,0,0.25,0.13,0.31,0.16,0.06,2.00,1.02,0.03,Ainsley,4.7,48,21,1,0.51,1,False,11.4,192,69,649,False,67.2,139,63,,177,,,45,440,89,p154043,0,0,,0,,154043.jpg,7.0,10,5,False,-15,,23.5,"[{'offset': 0, 'projected_percent': '23.5', 'likelihood': 2}, {'offset': 1, 'projected_percent': '23.3', 'likelihood': 2}, {'offset': 2, 'projected_percent': '23.0', 'likelihood': 2}]",7,0,241,False,0,0.0,,[],Maitland-Niles,1.5,141,57,False,,2,1.02,a,5,9,11,2026-09-01,8.0,267,93,21,113776,426,22172,759,1.0,4.7,Maitland-Niles,0
0,2007-11-07,0,0,True,True,,,0,0,0,629068,,,0,0,0,0,0.0,536,223,0,0,,,0,3,0.0,0.0,0,0.00,0,0.00,0,0.00,0.00,0,0,Braiden,0.0,508,197,0,0,0,False,0.0,545,218,654,False,0.0,540,217,,0,,,45,524,273,p629068,0,0,,0,,629068.jpg,0.0,558,228,False,1,,-55.3,"[{'offset': 0, 'projected_percent': '-55.3', 'likelihood': -3}, {'offset': 1, 'projected_percent': '-54.4', 'likelihood': -3}, {'offset': 2, 'projected_percent': '-53.5', 'likelihood': -3}]",0,0,242,False,0,0,,[],Graham,0.1,416,152,False,,0,0,a,0,9,11,2025-12-29,0.0,496,195,0,11437,33,5737,51,0.0,0.0,Graham,0
0,1992-03-04,2,88,True,True,,,1,0.17,7,80201,,,0,0,0,0,0.0,482,39,0,0.0,,,0,1,4.7,4.7,2,0.00,0.0,0.00,0.0,0.00,10.26,1.71,0.0,Bernd,4.7,47,5,10,1.67,0,False,12.8,172,6,250,False,127.6,35,6,,540,,,45,431,25,p80201,0,0,,0,,80201.jpg,3.3,125,12,False,31,,22.4,"[{'offset': 0, 'projected_percent': '22.4', 'likelihood': 2}, {'offset': 1, 'projected_percent': '22.9', 'likelihood': 2}, {'offset': 2, 'projected_percent': '23.4', 'likelihood': 2}]",50,0,80,False,19,3.17,,[],Leno,4.0,84,13,False,,6,1.0,a,0,10,54,2022-08-02,0.0,432,34,20,246821,2445,125306,706,1.0,4.4,Leno,0
0,1991-04-26,0,0,True,True,,,0,0,0,86873,,,0,0,0,0,0.0,406,12,0,0,,,0,1,0.0,0.0,0,0.00,0,0.00,0,0.00,0.00,0,0,Benjamin,0.0,370,28,0,0,0,False,0.0,422,31,251,False,0.0,418,31,,0,,,40,594,55,p86873,0,0,,0,,86873.jpg,0.0,441,31,False,0,,-27.1,"[{'offset': 0, 'projected_percent': '-27.1', 'likelihood': -2}, {'offset': 1, 'projected_percent': '-27.1', 'likelihood': -2}, {'offset': 2, 'projected_percent': '-27.1', 'likelihood': -2}]",0,0,73,False,0,0,,[],Lecomte,1.1,167,25,False,,0,0,a,0,10,54,2025-07-26,0.0,350,7,0,30759,126,30065,141,0.0,0.0,Lecomte,0
0,,0,0,False,True,0,0,0,0,0,505079,,,0,0,0,0,0.0,435,29,0,0,,,0,1,0.0,0.0,0,0.00,0,0.00,0,0.00,0.00,0,0,Alfie,0.0,401,45,0,0,0,False,0.0,449,48,252,False,0.0,444,48,,0,Has joined York City on loan for the rest of the season,2026-09-01T13:25:11.231240Z,40,633,72,p505079,0,0,,0,,505079.jpg,0.0,467,48,False,-2,,0.0,"[{'offset': 0, 'projected_percent': '0.0', 'likelihood': 0}, {'offset': 1, 'projected_percent': '0.0', 'likelihood': 0}, {'offset': 2, 'projected_percent': '0.0', 'likelihood': 0}]",0,0,,False,0,0,,[],McNally,0.1,410,48,False,,0,0,u,0,10,54,,0.0,379,24,0,2589,0,7293,45,0.0,0.0,McNally,0
0,1996-05-31,0,12,True,True,100,100,0,0.0,18,174874,,,0,0,0,0,35.8,168,48,20,9.47,,,0,2,0.3,0.3,0,0.10,0.05,0.10,0.05,0.00,4.35,2.06,0.0,Joachim,0.3,322,116,5,2.37,0,False,9.6,215,76,253,False,52.2,185,77,,190,,2026-07-23T12:01:23.516350Z,50,252,37,p174874,0,0,,0,,174874.jpg,1.0,363,138,False,-2,,2.5,"[{'offset': 0, 'projected_percent': '2.5', 'likelihood': 1}, {'offset': 1, 'projected_percent': '2.5', 'likelihood': 1}, {'offset': 2, 'projected_percent': '2.5', 'likelihood': 1}]",9,0,58,False,0,0.0,,[],Andersen,0.2,337,126,False,,2,0.95,a,2,10,54,2024-08-23,8.0,270,95,3,20283,254,10835,208,0.1,0.6,Andersen,1
0,1997-08-08,0,65,True,True,75,75,1,0.21,18,169528,,,0,0,0,0,106.7,39,7,31,6.5,,,0,2,2.0,2.0,0,0.30,0.06,0.56,0.11,0.26,9.08,1.9,0.05,Antonee,2.7,106,40,8,1.68,0,False,21.8,74,16,254,False,93.6,88,40,Antonee Robinson,429,Ankle injury - 75% chance of playing,2026-10-09T11:30:11.109085Z,45,442,91,p169528,0,0,2,0,,169528.jpg,2.4,195,78,False,-93,,-10.4,"[{'offset': 0, 'projected_percent': '-10.7', 'likelihood': -1}, {'offset': 1, 'projected_percent': '-16.8', 'likelihood': -1}, {'offset': 2, 'projected_percent': '-22.9', 'likelihood': -2}]",20,0,229,False,0,0.0,,[],Robinson,1.4,152,63,False,,5,1.05,d,13,10,54,2020-08-20,18.0,201,59,12,80209,73,95271,1986,0.6,2.7,Robinson,0
0,1999-11-17,0,7,True,True,,,0,0.0,9,246301,,,0,0,0,0,21.3,217,73,10,10.0,,,0,2,0.0,0.0,0,0.03,0.03,0.03,0.03,0.00,2.24,2.24,0.0,Jorge,0.0,469,183,3,3.0,0,False,5.4,282,104,255,False,32.8,243,98,,90,,,45,467,110,p246301,0,0,,0,,246301.jpg,3.0,143,58,False,-1,,-78.1,"[{'offset': 0, 'projected_percent': '-78.5', 'likelihood': -3}, {'offset': 1, 'projected_percent': '-86.2', 'likelihood': -3}, {'offset': 2, 'projected_percent': '-93.9', 'likelihood': -3}]",3,0,200,False,0,0.0,,[],Cuenca Barreno,0.0,552,188,False,,1,1.0,a,1,10,54,2024-08-03,0.0,450,182,3,1645,7,2101,7,0.0,0.7,J.Cuenca,0
0,1995-10-09,0,6,True,True,100,100,0,0.0,9,167074,,,0,0,-1,1,0.3,379,141,10,7.69,,,0,2,0.3,0.3,1,0.22,0.17,0.22,0.17,0.00,1.80,1.38,0.0,Kenny,0.3,301,105,2,1.54,0,False,0.4,390,140,256,False,1.6,388,143,,117,,2026-09-18T12:30:09.546158Z,44,545,137,p167074,0,0,,0,,167074.jpg,0.5,424,150,False,-2,,-5.5,"[{'offset': 0, 'projected_percent': '-5.6', 'likelihood': -1}, {'offset': 1, 'projected_percent': '-7.6', 'likelihood': -1}, {'offset': 2, 'projected_percent': '-9.5', 'likelihood': -1}]",3,0,152,False,0,0.0,,[],Tete,0.2,346,131,False,,1,0.77,a,1,10,54,2020-09-10,2.0,317,117,1,1636,34,11024,28,0.1,0.2,Tete,1
1,1999-12-31,1,71,True,True,,,1,0.17,31,232892,,,0,0,0,0,15.3,237,83,41,6.83,,,0,2,4.7,4.7,2,0.10,0.02,0.23,0.04,0.13,10.26,1.71,0.02,Calvin,4.7,50,23,10,1.67,0,False,15.2,138,47,257,False,97.0,81,36,,540,,,45,459,104,p232892,0,0,,0,,232892.jpg,2.8,164,65,False,6,,10.5,"[{'offset': 0, 'projected_percent': '10.5', 'likelihood': 1}, {'offset': 1, 'projected_percent': '10.6', 'likelihood': 1}, {'offset': 2, 'projected_percent': '10.7', 'likelihood': 1}]",22,0,157,False,0,0.0,,[],Bassey,0.9,180,69,False,,6,1.0,a,10,10,54,2023-07-28,40.0,122,32,17,57045,917,34674,284,1.0,3.8,Bassey,2
2,1995-12-05,0,64,True,True,,,2,0.44,23,166477,,,0,0,0,0,58.6,97,22,29,6.4,,,0,2,2.3,2.3,0,0.39,0.09,1.06,0.24,0.67,6.81,1.5,0.15,Timothy,2.3,123,47,7,1.54,0,False,20.6,83,22,258,False,90.4,96,44,,408,,,45,441,90,p166477,0,0,,0,,166477.jpg,4.0,87,38,False,-46,,27.8,"[{'offset': 0, 'projected_percent': '27.7', 'likelihood': 2}, {'offset': 1, 'projected_percent': '27.0', 'likelihood': 2}, {'offset': 2, 'projected_percent': '26.2', 'likelihood': 2}]",18,0,21,False,0,0.0,,[],Castagne,1.3,162,66,False,,5,1.1,a,6,10,54,2023-08-29,57.0,78,11,20,135996,401,53623,1423,0.5,4.4,Castagne,2
0,1996-05-03,3,118,True,True,,,3,0.55,6,153133,1,,0,0,-1,1,167.5,9,8,40,7.29,1,,0,3,4.0,4.0,4,1.41,0.26,1.80,0.33,0.39,9.05,1.65,0.07,Alex,4.0,68,24,7,1.28,0,False,27.7,42,31,261,False,60.6,163,62,,494,,,54,167,106,p153133,0,0,3,0,,153133.jpg,3.0,154,67,False,22,,0.1,"[{'offset': 0, 'projected_percent': '0.1', 'likelihood': 1}, {'offset': 1, 'projected_percent': '0.5', 'likelihood': 1}, {'offset': 2, 'projected_percent': '0.9', 'likelihood': 1}]",27,0,157,False,0,0.0,,[],Iwobi,0.7,211,65,False,,6,1.09,a,7,10,54,2023-09-01,49.0,98,54,18,35158,759,60261,338,0.7,3.3,Iwobi,0
0,2000-07-28,0,10,True,True,,,0,0.0,1,209289,,,0,0,-2,2,23.8,204,115,3,6.59,,,0,3,0.3,0.3,0,0.02,0.04,0.08,0.17,0.06,1.12,2.46,0.13,Emile,0.3,334,154,2,4.39,0,False,4.0,307,139,262,False,6.6,350,163,,41,,,53,208,129,p209289,0,0,,0,,209289.jpg,0.8,412,197,False,0,,-5.6,"[{'offset': 0, 'projected_percent': '-5.6', 'likelihood': -1}, {'offset': 1, 'projected_percent': '-5.6', 'likelihood': -1}, {'offset': 2, 'projected_percent': '-5.6', 'likelihood': -1}]",2,0,241,False,0,0.0,,[],Smith Rowe,0.2,317,111,False,,0,0.0,a,0,10,54,2024-08-02,9.0,263,135,3,4968,45,22138,138,0.1,0.6,Smith Rowe,1
0,2003-01-04,0,20,True,True,,,0,0.0,1,560552,4,,0,0,-2,2,6.8,289,144,10,12.0,,,0,3,1.0,1.0,1,0.12,0.14,0.34,0.4,0.22,1.75,2.1,0.26,Kevin,1.0,237,110,3,3.6,0,False,3.5,316,144,263,False,10.6,322,145,Kevin,75,,,53,232,146,p560552,0,0,,0,,560552.jpg,1.0,382,177,False,0,,-17.4,"[{'offset': 0, 'projected_percent': '-17.4', 'likelihood': -1}, {'offset': 1, 'projected_percent': '-17.4', 'likelihood': -1}, {'offset': 2, 'projected_percent': '-17.4', 'likelihood': -1}]",5,0,30,False,0,0.0,,[],Santos Lopes de Macedo,0.0,511,203,False,,0,0.0,a,4,10,54,2025-09-01,18.0,204,112,5,2264,18,4501,36,0.2,0.9,Kevin,0
0,2003-07-12,0,64,True,True,,,4,0.86,5,477555,2,,0,0,0,0,118.7,30,26,33,7.11,,,0,3,3.0,3.0,3,1.18,0.25,2.21,0.47,1.03,6.82,1.47,0.22,Oscar,3.0,99,38,6,1.29,0,False,23.8,58,38,264,False,42.0,212,90,,418,,,55,153,95,p477555,0,0,,0,,477555.jpg,2.7,179,77,False,2,,0.7,"[{'offset': 0, 'projected_percent': '0.7', 'likelihood': 1}, {'offset': 1, 'projected_percent': '0.7', 'likelihood': 1}, {'offset': 2, 'projected_percent': '0.8', 'likelihood': 1}]",18,0,161,False,0,0.0,,[],Bobb,0.3,281,95,False,,6,1.29,a,10,10,54,2026-01-30,77.0,52,32,16,22719,375,22977,178,0.5,2.9,Bobb,0
0,1998-02-14,0,83,True,True,,,2,0.41,12,207189,,,0,0,-1,1,81.0,61,50,28,5.74,,,0,3,2.7,2.7,2,0.39,0.08,0.66,0.14,0.27,8.51,1.74,0.06,Sander,2.7,110,44,7,1.44,0,False,15.4,135,71,265,False,51.4,189,77,,439,,,49,342,207,p207189,0,0,,0,,207189.jpg,2.2,216,93,False,2,,-40.7,"[{'offset': 0, 'projected_percent': '-40.7', 'likelihood': -3}, {'offset': 1, 'projected_percent': '-39.6', 'likelihood': -2}, {'offset': 2, 'projected_percent': '-38.6', 'likelihood': -2}]",10,0,161,False,0,0.0,,[],Berge,0.3,299,103,False,,5,1.03,a,6,10,54,2024-08-22,22.0,176,95,13,7632,99,19713,129,0.6,2.7,Berge,0
0,1991-01-20,0,0,True,True,0,0,0,0,0,76357,,,0,0,-1,1,0.0,555,235,0,0,,,0,3,0.0,0.0,0,0.00,0,0.00,0,0.00,0.00,0,0,Tom,0.0,531,214,0,0,0,False,0.0,564,231,266,False,0.0,559,230,,0,Knee injury - Expected back 17 Oct,2026-08-14T18:00:06.460944Z,49,332,202,p76357,0,0,,0,,76357.jpg,0.0,575,240,False,0,,-6.4,"[{'offset': 0, 'projected_percent': '-6.4', 'likelihood': -1}, {'offset': 1, 'projected_percent': '-6.4', 'likelihood': -1}, {'offset': 2, 'projected_percent': '-6.4', 'likelihood': -1}]",0,0,243,False,0,0,https://www.fulhamfc.com/news/2026/october/09/pre-ipswich-press-conference/,[],Cairney,0.0,650,285,False,,0,0,i,0,10,54,2015-07-07,0.0,521,212,0,133,0,345,1,0.0,0.0,Cairney,0
0,2007-01-03,3,122,True,True,,,3,0.54,5,577725,,,0,0,1,-1,67.2,84,61,31,5.58,,,0,3,2.3,2.3,2,0.74,0.13,2.28,0.41,1.54,8.92,1.61,0.28,Josh,2.3,139,59,7,1.26,2,False,35.8,18,14,268,False,111.4,55,19,,500,,,56,124,79,p577725,0,0,,0,,577725.jpg,4.3,80,33,False,45,,22.8,"[{'offset': 0, 'projected_percent': '22.8', 'likelihood': 2}, {'offset': 1, 'projected_percent': '23.6', 'likelihood': 2}, {'offset': 2, 'projected_percent': '24.3', 'likelihood': 2}]",19,0,241,False,0,0.0,,[],King,4.7,76,26,False,,6,1.08,a,7,10,54,2024-02-02,179.0,5,2,26,614981,4389,143222,2801,0.4,4.6,King,2
0,2000-05-18,0,30,True,True,100,100,0,0.0,7,184349,3,,0,0,-2,2,26.3,194,61,8,5.14,,,0,2,2.3,2.3,7,0.46,0.3,0.72,0.47,0.26,2.95,1.9,0.17,Ryan,2.3,122,46,3,1.93,1,False,7.5,241,91,269,False,17.2,293,117,,140,,2026-09-14T11:30:07.403957Z,43,578,153,p184349,0,0,,0,,184349.jpg,2.5,186,72,False,14,,0.3,"[{'offset': 0, 'projected_percent': '0.3', 'likelihood': 1}, {'offset': 1, 'projected_percent': '0.5', 'likelihood': 1}, {'offset': 2, 'projected_percent': '0.8', 'likelihood': 1}]",9,0,241,False,0,0.0,,[],Sessegnon,0.3,303,112,False,,1,0.64,a,1,10,54,2024-07-26,31.0,149,44,10,4128,591,20322,47,0.5,2.3,Sessegnon,0
0,1995-01-27,0,0,True,True,,,0,0,0,153366,,,0,0,-1,1,0.0,460,198,0,0,,,0,3,0.0,0.0,0,0.00,0,0.00,0,0.00,0.00,0,0,Harrison,0.0,429,170,0,0,0,False,0.0,473,193,270,False,0.0,468,192,,0,,,44,543,284,p153366,0,0,,0,,153366.jpg,0.0,490,203,False,-12,,-32.7,"[{'offset': 0, 'projected_percent': '-32.8', 'likelihood': -2}, {'offset': 1, 'projected_percent': '-34.7', 'likelihood': -2}, {'offset': 2, 'projected_percent': '-36.7', 'likelihood': -2}]",0,0,241,False,0,0,,[],Reed,1.1,172,54,False,,0,0,a,0,10,54,2020-08-30,0.0,410,170,0,38229,240,80781,609,0.0,0.0,Reed,0
0,2001-05-04,0,17,True,True,,,0,0.0,3,244042,,,0,0,-1,1,22.2,215,25,3,5.19,,,0,4,0.7,0.7,1,0.00,0.0,0.40,0.69,0.40,1.37,2.37,0.69,Rodrigo,0.7,275,30,3,5.19,0,False,7.0,251,25,271,False,11.4,317,32,Rodrigo Muniz,52,,,54,180,43,p244042,0,0,,0,,244042.jpg,0.8,416,50,False,-2,,-48.7,"[{'offset': 0, 'projected_percent': '-48.7', 'likelihood': -3}, {'offset': 1, 'projected_percent': '-49.4', 'likelihood': -3}, {'offset': 2, 'projected_percent': '-50.1', 'likelihood': -3}]",0,0,30,False,0,0.0,,[],Muniz Carvalho,0.4,269,46,False,,0,0.0,a,0,10,54,2021-08-20,36.0,136,26,4,18948,259,37812,254,0.1,0.7,Muniz,1
0,2007-07-04,0,0,True,True,,,0,0,0,631786,,,0,0,0,0,0.0,538,61,0,0,,,0,4,0.0,0.0,0,0.00,0,0.00,0,0.00,0.00,0,0,Jonah,0.0,510,54,0,0,0,False,0.0,547,61,272,False,0.0,542,57,,0,,,45,526,78,p631786,0,0,,0,,631786.jpg,0.0,560,63,False,-112,,-88.7,"[{'offset': 0, 'projected_percent': '-88.9', 'likelihood': -3}, {'offset': 1, 'projected_percent': '-92.7', 'likelihood': -3}, {'offset': 2, 'projected_percent': '-96.4', 'likelihood': -4}]",0,0,206,False,0,0,,[],Kusi-Asare,5.1,74,12,False,,0,0,a,0,10,54,2026-06-27,0.0,498,56,0,174364,1494,343270,2915,0.0,0.0,Kusi-Asare,0
0,2004-03-24,0,56,True,True,,,3,0.53,7,551466,,,0,0,1,-1,46.8,132,12,19,3.35,,,0,4,2.0,2.0,2,0.59,0.1,3.59,0.63,3.00,9.18,1.62,0.53,Gonzalo,2.0,165,17,7,1.23,1,False,22.1,72,14,569,False,53.0,182,14,,511,,,61,65,14,p551466,0,0,1,0,,551466.jpg,2.7,181,18,False,-153,,14.1,"[{'offset': 0, 'projected_percent': '13.9', 'likelihood': 1}, {'offset': 1, 'projected_percent': '11.4', 'likelihood': 1}, {'offset': 2, 'projected_percent': '8.9', 'likelihood': 1}]",10,0,200,False,0,0.0,,[],García,7.3,53,9,False,,6,1.06,a,2,10,54,2026-08-03,125.0,19,9,16,857124,5346,365121,7660,0.3,2.6,Gonzalo,0
0,2004-11-11,1,48,True,True,,,0,0.0,4,571779,,,0,0,-1,1,32.6,178,104,17,6.77,,,0,3,0.3,0.3,0,0.03,0.01,1.01,0.4,0.98,5.46,2.17,0.39,César,0.3,346,162,7,2.79,1,False,14.0,159,82,570,False,45.4,203,88,,226,,,54,201,126,p571779,0,0,,0,,571779.jpg,3.0,156,68,False,2,,-15.4,"[{'offset': 0, 'projected_percent': '-15.2', 'likelihood': -1}, {'offset': 1, 'projected_percent': '-12.7', 'likelihood': -1}, {'offset': 2, 'projected_percent': '-10.3', 'likelihood': -1}]",10,0,200,False,0,0.0,,[],Palacios,0.2,360,130,False,,3,1.19,a,3,10,54,2026-08-03,62.0,70,42,12,6724,35,11670,136,0.1,2.2,Palacios,1
0,2003-11-05,0,76,True,True,,,2,0.48,23,463210,,,0,0,0,0,46.1,138,88,54,13.03,,,0,3,4.0,4.0,3,0.17,0.04,0.31,0.07,0.14,7.28,1.76,0.03,Shea,4.0,66,22,5,1.21,0,False,14.5,152,79,580,False,85.4,107,32,,373,,,50,281,172,p463210,0,0,,0,,463210.jpg,2.7,178,76,False,7,,0.5,"[{'offset': 0, 'projected_percent': '0.5', 'likelihood': 1}, {'offset': 1, 'projected_percent': '0.6', 'likelihood': 1}, {'offset': 2, 'projected_percent': '0.7', 'likelihood': 1}]",25,0,242,False,0,0.0,,[],Charles,0.1,420,154,False,,4,0.97,a,6,10,54,2026-08-11,14.0,226,120,16,5875,186,4980,38,0.8,3.2,Charles,0
0,2005-10-12,0,0,False,True,0,0,0,0,0,547686,,,0,0,0,0,0.0,440,165,0,0,,,0,2,0.0,0.0,0,0.00,0,0.00,0,0.00,0.00,0,0,Luc,0.0,407,151,0,0,0,False,0.0,454,166,610,False,0.0,449,166,,0,has joined  Real Salt Lake on loan for the rest of the seaon.,2026-08-28T11:30:08.336405Z,40,639,190,p547686,0,0,,0,,547686.jpg,0.0,472,171,False,-1,,0.0,"[{'offset': 0, 'projected_percent': '0.0', 'likelihood': 0}, {'offset': 1, 'projected_percent': '0.0', 'likelihood': 0}, {'offset': 2, 'projected_percent': '0.0', 'likelihood': 0}]",0,0,39,False,0,0,,[],De Fougerolles,0.1,466,167,False,,0,0,u,0,10,54,2023-07-19,0.0,384,150,0,5787,0,5449,42,0.0,0.0,De Fougerolles,0
0,2008-07-07,0,0,True,True,,,0,0,0,616069,,,0,0,-1,1,0.0,477,208,0,0,,,0,3,0.0,0.0,0,0.00,0,0.00,0,0.00,0.00,0,0,Macaulay,0.0,449,181,0,0,0,False,0.0,490,203,626,False,0.0,485,202,,0,,,44,573,295,p616069,0,0,,0,,616069.jpg,0.0,505,213,False,27,,0.8,"[{'offset': 0, 'projected_percent': '0.8', 'likelihood': 1}, {'offset': 1, 'projected_percent': '1.3', 'likelihood': 1}, {'offset': 2, 'projected_percent': '1.7', 'likelihood': 1}]",0,0,38,False,0,0,,[],Zepa,0.3,280,94,False,,0,0,a,0,10,54,2026-07-06,0.0,427,180,0,40401,1104,20297,255,0.0,0.0,Zepa,0
0,2004-06-27,0,12,True,True,,,0,0.0,2,551050,,,0,0,0,0,1.9,336,168,6,13.5,,,0,3,1.0,1.0,1,0.23,0.52,0.42,0.95,0.19,1.13,2.54,0.43,Hugo,1.0,234,108,3,6.75,0,False,1.8,353,168,635,False,6.8,349,162,,40,,,50,315,193,p551050,0,0,,0,,551050.jpg,1.0,368,167,False,0,,0.1,"[{'offset': 0, 'projected_percent': '0.1', 'likelihood': 1}, {'offset': 1, 'projected_percent': '0.1', 'likelihood': 1}, {'offset': 2, 'projected_percent': '0.1', 'likelihood': 1}]",3,0,206,False,0,0.0,,[],Larsson,0.0,617,261,False,,0,0.0,a,1,10,54,2026-09-01,9.0,262,134,4,929,8,346,2,0.2,0.8,Larsson,0
0,2004-03-15,0,-1,True,True,,,0,0.0,1,500033,,,0,0,0,0,0.0,616,266,2,9.47,,,0,3,0.0,0.0,0,0.00,0.0,0.00,0.0,0.00,0.52,2.46,0.0,Manuel Ángel,0.0,592,252,2,9.47,0,False,0.0,616,263,636,False,0.0,610,261,Manuel Ángel,19,,,50,302,183,p500033,0,0,,0,,500033.jpg,0.0,622,267,False,0,,0.0,"[{'offset': 0, 'projected_percent': '0.0', 'likelihood': 0}, {'offset': 1, 'projected_percent': '0.0', 'likelihood': 0}, {'offset': 2, 'projected_percent': '0.0', 'likelihood': 0}]",1,0,200,False,0,0.0,,[],Morán Ibáñez,0.0,644,279,False,,0,0.0,a,0,10,54,2026-09-01,0.0,593,252,0,398,3,190,5,0.0,0.0,Ángel,1
0,2001-03-19,0,43,True,True,,,1,0.33,28,442299,,,0,0,0,0,14.6,244,86,34,11.33,,,0,2,5.0,5.0,3,0.03,0.01,0.11,0.04,0.08,4.03,1.34,0.03,David,5.0,35,15,3,1.0,0,False,6.6,260,98,650,False,51.0,193,79,,270,,,45,471,113,p442299,0,0,,0,,442299.jpg,5.0,50,21,False,18,,13.7,"[{'offset': 0, 'projected_percent': '13.7', 'likelihood': 1}, {'offset': 1, 'projected_percent': '14.0', 'likelihood': 1}, {'offset': 2, 'projected_percent': '14.3', 'likelihood': 1}]",10,0,14,False,0,0.0,,[],Affengruber,0.6,227,86,False,,3,1.0,a,6,10,54,2026-09-01,0.0,454,185,15,80329,1003,12714,124,1.1,3.3,Affengruber,0
0,2003-06-30,0,10,True,True,100,100,0,0.0,1,490094,,,0,0,0,0,11.5,270,137,9,11.57,,,0,3,0.3,0.3,0,0.01,0.01,0.13,0.16,0.12,0.60,0.77,0.15,Tim,0.3,327,150,0,0.0,0,False,3.1,318,146,240,False,9.2,329,150,,70,,2026-08-15T20:00:06.878792Z,50,292,177,p490094,0,0,,0,,490094.jpg,0.7,419,199,False,0,,0.1,"[{'offset': 0, 'projected_percent': '0.1', 'likelihood': 1}, {'offset': 1, 'projected_percent': '0.1', 'likelihood': 1}, {'offset': 2, 'projected_percent': '0.1', 'likelihood': 1}]",5,0,241,False,0,0.0,,[],Iroegbunam,0.0,583,241,False,,0,0.0,a,3,11,88,2026-09-01,10.0,256,132,2,1167,6,1217,8,0.1,0.4,Iroegbunam,1
0,1995-06-11,0,0,True,True,,,0,0,0,167825,,,0,0,0,0,0.0,413,17,0,0,,,0,1,0.0,0.0,0,0.00,0,0.00,0,0.00,0.00,0,0,Dillon,0.0,377,33,0,0,0,False,0.0,428,36,273,False,0.0,424,36,,0,,,40,601,60,p167825,0,0,,0,,167825.jpg,0.0,447,36,False,-4,,-34.7,"[{'offset': 0, 'projected_percent': '-34.7', 'likelihood': -2}, {'offset': 1, 'projected_percent': '-35.2', 'likelihood': -2}, {'offset': 2, 'projected_percent': '-35.7', 'likelihood': -2}]",0,0,241,False,0,0,,[],Phillips,1.4,156,23,False,,0,0,a,0,11,88,2025-07-01,0.0,357,12,0,33300,126,43352,200,0.0,0.0,Phillips,0
0,1993-03-10,0,0,True,True,0,0,0,0,0,105666,,,0,0,-1,1,0.0,457,31,0,0,,,0,1,0.0,0.0,0,0.00,0,0.00,0,0.00,0.00,0,0,Jack,0.0,427,47,0,0,0,False,0.0,471,50,274,False,0.0,466,50,,0,Arm injury - Unknown return date,2026-08-08T19:00:05.601633Z,44,537,43,p105666,0,0,,0,,105666.jpg,0.0,488,50,False,0,,-2.2,"[{'offset': 0, 'projected_percent': '-2.2', 'likelihood': -1}, {'offset': 1, 'projected_percent': '-2.2', 'likelihood': -1}, {'offset': 2, 'projected_percent': '-2.2', 'likelihood': -1}]",0,0,241,False,0,0,,[],Butland,0.1,471,55,False,,0,0,i,0,11,88,2026-07-02,0.0,405,26,0,679,4,5190,19,0.0,0.0,Butland,0
0,2002-05-09,0,0,False,True,0,0,0,0,0,494950,,,0,0,0,0,0.0,432,28,0,0,,,0,1,0.0,0.0,0,0.00,0,0.00,0,0.00,0.00,0,0,Harvey,0.0,397,44,0,0,0,False,0.0,446,47,275,False,0.0,441,47,,0,Has joined Grimsby Town on loan for the rest of the season,2026-07-29T13:00:27.959925Z,40,629,71,p494950,0,0,,0,,494950.jpg,0.0,464,47,False,0,,0.0,"[{'offset': 0, 'projected_percent': '0.0', 'likelihood': 0}, {'offset': 1, 'projected_percent': '0.0', 'likelihood': 0}, {'offset': 2, 'projected_percent': '0.0', 'likelihood': 0}]",0,0,241,False,0,0,,[],Cartwright,0.0,629,73,False,,0,0,u,0,11,88,2020-07-01,0.0,376,23,0,0,0,350,0,0.0,0.0,Cartwright,0
0,2003-02-13,0,0,False,True,0,0,0,0,0,444307,,,0,0,0,0,0.0,425,24,0,0,,,0,1,0.0,0.0,0,0.00,0,0.00,0,0.00,0.00,0,0,Thimothée,0.0,389,40,0,0,0,False,0.0,439,43,276,False,0.0,434,43,,0,Has joined Colchester United on loan for the rest of the season,2026-08-17T13:50:27.125537Z,40,619,67,p444307,0,0,,0,,444307.jpg,0.0,457,43,False,0,,0.0,"[{'offset': 0, 'projected_percent': '0.0', 'likelihood': 0}, {'offset': 1, 'projected_percent': '0.0', 'likelihood': 0}, {'offset': 2, 'projected_percent': '0.0', 'likelihood': 0}]",0,0,73,False,0,0,,[],Lo-Tutala,0.0,566,66,False,,0,0,u,0,11,88,2023-07-01,0.0,369,19,0,0,0,1218,2,0.0,0.0,Lo-Tutala,0
0,1992-10-20,1,71,True,True,,,3,0.62,50,108416,,,0,0,1,-1,1.3,348,127,59,12.15,,,0,2,1.0,1.0,0,0.00,0.0,0.05,0.01,0.05,7.27,1.5,0.01,John,1.0,222,76,4,0.82,0,False,13.4,163,57,277,False,110.8,56,23,,437,,,41,585,160,p108416,0,0,,0,,108416.jpg,5.2,47,19,False,-169,,28.6,"[{'offset': 0, 'projected_percent': '28.5', 'likelihood': 2}, {'offset': 1, 'projected_percent': '25.7', 'likelihood': 2}, {'offset': 2, 'projected_percent': '22.9', 'likelihood': 2}]",12,0,104,False,0,0.0,,[],Egan,7.5,50,19,False,,5,1.03,a,9,11,88,2025-02-03,21.0,178,54,26,839094,1366,256588,3439,0.2,6.3,Egan,1
0,2003-10-16,0,0,True,True,0,0,0,0,0,501902,,,0,0,-1,1,0.0,398,147,0,0,,,0,2,0.0,0.0,0,0.00,0,0.00,0,0.00,0.00,0,0,Charlie,0.0,362,130,0,0,0,False,0.0,414,150,278,False,0.0,410,151,,0,Groin injury - Unknown return date,2026-08-02T09:00:11.030017Z,39,667,217,p501902,0,0,,0,,501902.jpg,0.0,433,156,False,-4,,0.1,"[{'offset': 0, 'projected_percent': '0.1', 'likelihood': 1}, {'offset': 1, 'projected_percent': '0.1', 'likelihood': 1}, {'offset': 2, 'projected_percent': '0.0', 'likelihood': 0}]",0,0,241,False,0,0,,[],Hughes,0.2,359,135,False,,0,0,i,0,11,88,2024-08-16,0.0,342,132,0,17410,52,14181,166,0.0,0.0,Hughes,0
0,1993-11-09,2,79,True,True,100,100,3,0.64,21,146426,,,0,0,2,-2,4.2,311,109,27,5.74,,,1,2,0.7,0.7,0,0.01,0.0,0.67,0.14,0.66,6.43,1.37,0.14,Semi,0.7,252,86,4,0.85,1,False,14.1,157,54,279,False,85.6,106,48,,423,,2026-08-22T17:30:07.668197Z,42,584,159,p146426,0,0,,0,,146426.jpg,5.4,39,15,False,-214,,74.6,"[{'offset': 0, 'projected_percent': '74.4', 'likelihood': 3}, {'offset': 1, 'projected_percent': '70.9', 'likelihood': 3}, {'offset': 2, 'projected_percent': '67.3', 'likelihood': 3}]",16,0,157,False,0,0.0,,[],Ajayi,14.0,30,10,False,,5,1.06,a,6,11,88,2025-07-01,51.0,90,16,27,1417803,2776,365937,6747,0.2,6.4,Ajayi,1
0,1995-10-15,0,49,True,True,100,100,2,0.52,8,193278,,,0,0,0,0,29.9,185,58,11,2.84,,,0,2,0.7,0.7,0,0.07,0.02,0.20,0.05,0.13,6.22,1.61,0.03,Lewie,0.7,250,84,4,1.03,0,False,6.5,262,99,280,False,24.0,272,111,,348,,2026-08-29T16:30:08.151841Z,40,605,167,p193278,0,0,,0,,193278.jpg,2.8,162,63,False,-7,,0.2,"[{'offset': 0, 'projected_percent': '0.1', 'likelihood': 1}, {'offset': 1, 'projected_percent': '0.0', 'likelihood': 0}, {'offset': 2, 'projected_percent': '-1.3', 'likelihood': -1}]",11,0,241,False,0,0.0,,[],Coyle,0.7,219,84,False,,5,1.29,a,3,11,88,2020-08-07,11.0,243,81,14,29995,172,28354,194,0.2,3.5,Coyle,1
0,2001-12-08,0,8,False,True,0,0,0,0.0,5,433590,,,0,0,0,0,0.4,376,139,6,8.31,,,0,2,0.0,0.0,0,0.00,0.0,0.05,0.07,0.05,0.87,1.2,0.07,Cody,0.0,386,137,0,0.0,0,False,0.8,379,135,281,False,6.4,351,129,,65,Has joined Genoa permanently,2026-09-02T16:09:06.479140Z,40,616,174,p433590,0,0,,0,,433590.jpg,1.0,312,112,False,-1,,0.0,"[{'offset': 0, 'projected_percent': '0.0', 'likelihood': 0}, {'offset': 1, 'projected_percent': '0.0', 'likelihood': 0}, {'offset': 2, 'projected_percent': '0.0', 'likelihood': 0}]",4,0,241,False,0,0.0,,[],Drameh,0.0,512,180,False,,0,0.0,u,1,11,88,2024-07-23,1.0,335,125,2,2118,0,4658,17,0.0,0.5,Drameh,0
1,2000-01-26,2,94,True,True,,,3,0.61,19,232351,3,,0,0,0,0,132.5,24,2,24,4.86,1,,0,2,1.3,1.3,0,0.43,0.09,0.45,0.09,0.02,7.33,1.49,0.0,Ryan,1.3,197,67,4,0.81,0,False,22.2,70,14,282,False,82.8,112,51,,444,,,40,612,173,p232351,0,0,,0,,232351.jpg,4.8,56,23,False,-56,,78.2,"[{'offset': 0, 'projected_percent': '78.1', 'likelihood': 3}, {'offset': 1, 'projected_percent': '77.2', 'likelihood': 3}, {'offset': 2, 'projected_percent': '76.3', 'likelihood': 3}]",14,0,241,False,0,0.0,,[],Giles,3.0,105,39,False,,5,1.01,a,5,11,88,2024-06-27,6.0,282,99,24,303937,941,81420,1271,0.3,6.0,Giles,1
0,2001-06-03,0,0,False,True,0,0,0,0,0,449428,,,0,0,0,0,0.0,426,156,0,0,,,0,2,0.0,0.0,0,0.00,0,0.00,0,0.00,0.00,0,0,Matty,0.0,390,139,0,0,0,False,0.0,440,157,283,False,0.0,435,157,,0,Has joined Newport County on loan until January,2026-08-02T09:00:11.038361Z,40,620,176,p449428,0,0,,0,,449428.jpg,0.0,458,162,False,0,,0.0,"[{'offset': 0, 'projected_percent': '0.0', 'likelihood': 0}, {'offset': 1, 'projected_percent': '0.0', 'likelihood': 0}, {'offset': 2, 'projected_percent': '0.0', 'likelihood': 0}]",0,0,241,False,0,0,,[],Jacob,0.0,626,212,False,,0,0,u,0,11,88,2019-07-01,0.0,370,141,0,114,0,738,2,0.0,0.0,Jacob,0
0,,0,0,True,True,,,0,0,0,661800,,,0,0,0,0,0.0,456,180,0,0,,,0,2,0.0,0.0,0,0.00,0,0.00,0,0.00,0.00,0,0,Cathal,0.0,423,166,0,0,0,False,0.0,470,181,284,False,0.0,465,181,,0,,,40,659,209,p661800,0,0,,0,,661800.jpg,0.0,487,185,False,-1,,0.5,"[{'offset': 0, 'projected_percent': '0.5', 'likelihood': 1}, {'offset': 1, 'projected_percent': '0.5', 'likelihood': 1}, {'offset': 2, 'projected_percent': '0.5', 'likelihood': 1}]",0,0,,False,0,0,,[],McCarthy,0.1,424,155,False,,0,0,a,0,11,88,,0.0,401,166,0,5255,38,4980,32,0.0,0.0,McCarthy,0
0,1995-04-27,0,3,True,True,100,100,0,0.0,2,160817,,,0,0,0,0,0.0,412,150,2,6.92,,,0,2,0.0,0.0,0,0.00,0.0,0.00,0.0,0.00,0.96,3.32,0.0,Paddy,0.0,376,133,0,0.0,0,False,0.4,389,139,285,False,4.2,367,137,,26,,2026-09-09T13:30:08.327907Z,40,600,164,p160817,0,0,,0,,160817.jpg,1.0,309,109,False,0,,-54.0,"[{'offset': 0, 'projected_percent': '-54.0', 'likelihood': -3}, {'offset': 1, 'projected_percent': '-54.0', 'likelihood': -3}, {'offset': 2, 'projected_percent': '-54.0', 'likelihood': -3}]",1,0,242,False,0,0.0,,[],McNair,0.1,398,149,False,,0,0.0,a,0,11,88,2026-01-28,0.0,356,135,1,3328,16,5163,29,0.0,0.2,McNair,0
2,2002-06-01,2,111,True,True,,,3,0.69,14,540324,2,,0,0,1,-1,67.5,83,60,44,10.05,2,,1,3,5.7,5.7,0,0.43,0.1,1.15,0.26,0.72,6.44,1.47,0.16,Mohamed,5.7,23,10,3,0.69,2,False,32.5,25,18,286,False,157.8,11,7,,394,,,51,239,150,p540324,0,0,,0,,540324.jpg,6.2,23,10,False,312,,75.3,"[{'offset': 0, 'projected_percent': '75.6', 'likelihood': 3}, {'offset': 1, 'projected_percent': '80.7', 'likelihood': 3}, {'offset': 2, 'projected_percent': '85.9', 'likelihood': 3}]",14,0,3,False,0,0.0,,[],Belloumi,6.1,63,20,False,,5,1.14,a,16,11,88,2024-08-30,100.0,34,19,31,638011,9779,122715,2370,1.1,6.1,Belloumi,1
0,1999-09-27,0,26,False,True,0,0,0,0.0,2,232905,,,0,0,0,0,1.1,354,177,4,7.2,,,0,3,0.0,0.0,0,0.00,0.0,0.58,1.04,0.58,0.87,1.57,1.04,Liam,0.0,577,244,0,0.0,1,False,5.2,287,129,287,False,36.0,233,100,,50,Has joined Birmingham on loan for the rest of the season,2026-09-02T15:36:41.038103Z,50,270,168,p232905,0,0,,0,,232905.jpg,3.0,149,62,False,0,,0.0,"[{'offset': 0, 'projected_percent': '0.0', 'likelihood': 0}, {'offset': 1, 'projected_percent': '0.0', 'likelihood': 0}, {'offset': 2, 'projected_percent': '0.0', 'likelihood': 0}]",1,0,39,False,0,0.0,,[],Millar,0.0,550,227,False,,0,0.0,u,1,11,88,2024-08-09,15.0,219,118,6,3178,0,7755,21,0.0,1.2,Millar,1
0,1997-10-10,0,0,True,True,,,0,0,0,171270,,,0,0,-1,1,0.0,461,199,0,0,,,0,3,0.0,0.0,0,0.00,0,0.00,0,0.00,0.00,0,0,Kieran,0.0,430,171,0,0,0,False,0.0,474,194,288,False,0.0,469,193,,0,,,44,546,285,p171270,0,0,,0,,171270.jpg,0.0,491,204,False,-9,,-5.3,"[{'offset': 0, 'projected_percent': '-5.6', 'likelihood': -1}, {'offset': 1, 'projected_percent': '-11.2', 'likelihood': -1}, {'offset': 2, 'projected_percent': '-16.9', 'likelihood': -1}]",0,0,241,False,0,0,,[],Dowell,0.3,296,101,False,,0,0,a,0,11,88,2026-01-23,0.0,411,171,0,12901,74,23561,131,0.0,0.0,Dowell,0
0,1994-01-20,0,17,True,True,100,100,1,0.44,9,101282,,,0,0,-1,1,17.3,228,124,21,9.31,,,0,3,0.3,0.3,0,0.12,0.05,0.12,0.05,0.00,3.57,1.58,0.0,Matt,0.3,298,140,4,1.77,0,False,5.4,281,127,289,False,37.8,225,96,,203,,2026-08-29T15:00:08.569326Z,44,536,282,p101282,0,0,,0,,101282.jpg,1.0,320,143,False,18,,0.4,"[{'offset': 0, 'projected_percent': '0.5', 'likelihood': 1}, {'offset': 1, 'projected_percent': '0.8', 'likelihood': 1}, {'offset': 2, 'projected_percent': '1.1', 'likelihood': 1}]",4,0,241,False,0,0.0,,[],Crooks,0.5,250,81,False,,3,1.33,a,8,11,88,2025-01-10,0.0,404,168,3,30539,633,45761,295,0.1,0.7,Crooks,3
1,1999-09-11,0,67,True,True,,,3,0.62,9,243413,1,,0,0,0,0,85.1,55,45,33,6.8,,,0,3,1.3,1.3,0,0.59,0.12,0.80,0.16,0.21,7.27,1.5,0.04,Regan,1.3,200,93,4,0.82,0,False,17.4,113,60,290,False,62.2,158,60,,437,,,45,462,258,p243413,0,0,,0,,243413.jpg,3.0,142,58,False,-45,,72.4,"[{'offset': 0, 'projected_percent': '72.4', 'likelihood': 3}, {'offset': 1, 'projected_percent': '71.6', 'likelihood': 3}, {'offset': 2, 'projected_percent': '70.9', 'likelihood': 3}]",15,0,241,False,0,0.0,,[],Slater,5.1,75,25,False,,5,1.03,a,9,11,88,2022-01-27,26.0,161,85,15,532218,1956,330395,3085,0.3,3.3,Slater,1
0,2002-02-15,0,0,True,True,0,0,0,0,0,465525,,,0,0,0,0,0.0,503,211,0,0,,,0,3,0.0,0.0,0,0.00,0,0.00,0,0.00,0.00,0,0,Eliot,0.0,474,185,0,0,0,False,0.0,511,206,291,False,0.0,506,205,,0,Knee injury - Unknown return date,2026-07-23T12:01:23.532635Z,45,476,259,p465525,0,0,,0,,465525.jpg,0.0,526,216,False,0,,-23.5,"[{'offset': 0, 'projected_percent': '-23.5', 'likelihood': -2}, {'offset': 1, 'projected_percent': '-23.5', 'likelihood': -2}, {'offset': 2, 'projected_percent': '-23.5', 'likelihood': -2}]",0,0,21,False,0,0,,[],Matazo,0.0,635,272,False,,0,0,i,0,11,88,2025-01-23,0.0,457,183,0,413,4,553,8,0.0,0.0,Matazo,0
0,1999-06-25,0,0,True,True,,,0,0,0,208481,,,0,0,-1,1,0.0,562,238,0,0,,,0,3,0.0,0.0,0,0.00,0,0.00,0,0.00,0.00,0,0,Abdülkadir,0.0,538,217,0,0,0,False,0.0,570,234,292,False,0.0,565,233,,0,,,49,343,208,p208481,0,0,,0,,208481.jpg,0.0,581,243,False,0,,-28.5,"[{'offset': 0, 'projected_percent': '-28.5', 'likelihood': -2}, {'offset': 1, 'projected_percent': '-28.5', 'likelihood': -2}, {'offset': 2, 'projected_percent': '-28.5', 'likelihood': -2}]",0,0,219,False,0,0,,[],Ömür,0.0,582,240,False,,0,0,a,0,11,88,2024-02-01,0.0,529,215,0,1244,5,1723,10,0.0,0.0,Ömür,0
0,2003-07-21,0,0,False,True,0,0,0,0,0,490161,,,0,0,0,0,0.0,610,263,0,0,,,0,3,0.0,0.0,0,0.00,0,0.00,0,0.00,0.00,0,0,Abu,0.0,585,248,0,0,0,False,0.0,610,260,293,False,0.0,604,258,,0,Has joined Portsmouth permanently,2026-08-12T14:08:23.542043Z,50,293,178,p490161,0,0,,0,,490161.jpg,0.0,616,264,False,0,,0.0,"[{'offset': 0, 'projected_percent': '0.0', 'likelihood': 0}, {'offset': 1, 'projected_percent': '0.0', 'likelihood': 0}, {'offset': 2, 'projected_percent': '0.0', 'likelihood': 0}]",0,0,241,False,0,0,,[],Kamara,0.0,660,293,False,,0,0,u,0,11,88,2024-08-30,0.0,587,249,0,0,0,377,0,0.0,0.0,Kamara,0
0,2004-04-20,0,0,True,True,100,100,0,0,0,553783,,,0,0,0,0,0.0,519,215,0,0,,,0,3,0.0,0.0,0,0.00,0,0.00,0,0.00,0.00,0,0,Óscar,0.0,490,189,0,0,0,False,0.0,527,210,294,False,0.0,522,209,,0,,2026-08-04T18:30:11.016909Z,45,499,263,p553783,0,0,,0,,553783.jpg,0.0,541,220,False,4,,-38.2,"[{'offset': 0, 'projected_percent': '-37.8', 'likelihood': -2}, {'offset': 1, 'projected_percent': '-29.9', 'likelihood': -2}, {'offset': 2, 'projected_percent': '-22.0', 'likelihood': -2}]",0,0,62,False,0,0,,[],Zambrano,0.1,431,162,False,,0,0,a,0,11,88,2026-07-21,0.0,476,187,0,4004,17,7201,56,0.0,0.0,Zambrano,0
2,1996-06-04,0,52,True,True,,,3,0.61,9,169432,,,0,0,0,0,69.1,76,5,21,4.29,,,0,4,1.7,1.7,0,0.13,0.03,1.36,0.28,1.23,7.21,1.47,0.25,Oli,1.7,185,20,4,0.82,0,False,23.0,63,13,295,False,47.2,201,16,,441,,,55,130,35,p169432,0,0,1,0,,169432.jpg,2.6,185,19,False,-17,,29.2,"[{'offset': 0, 'projected_percent': '29.2', 'likelihood': 2}, {'offset': 1, 'projected_percent': '28.9', 'likelihood': 2}, {'offset': 2, 'projected_percent': '28.6', 'likelihood': 2}]",9,0,243,False,0,0.0,,[],McBurnie,1.9,130,22,False,,5,1.02,a,3,11,88,2025-08-06,114.0,26,11,13,202067,1167,170630,1470,0.3,2.4,McBurnie,3
0,1996-01-13,0,0,False,True,0,0,0,0,0,213292,,,0,0,0,0,0.0,593,257,0,0,,,0,3,0.0,0.0,0,0.00,0,0.00,0,0.00,0.00,0,0,David,0.0,571,241,0,0,0,False,0.0,597,254,296,False,0.0,591,252,,0,Has joined Omonoia FC permanently,2026-09-11T14:42:38.120231Z,50,259,163,p213292,0,0,,0,,213292.jpg,0.0,603,258,False,-1,,0.0,"[{'offset': 0, 'projected_percent': '0.0', 'likelihood': 0}, {'offset': 1, 'projected_percent': '0.0', 'likelihood': 0}, {'offset': 2, 'projected_percent': '0.0', 'likelihood': 0}]",0,0,157,False,0,0,,[],Akintola,0.0,565,234,False,,0,0,u,0,11,88,2025-08-15,0.0,570,243,0,2704,0,5065,20,0.0,0.0,Akintola,0
0,2004-02-18,0,0,True,True,0,0,0,0,0,470294,,,0,0,-1,1,0.0,466,202,0,0,,,0,3,0.0,0.0,0,0.00,0,0.00,0,0.00,0.00,0,0,Darko,0.0,438,175,0,0,0,False,0.0,479,197,297,False,0.0,474,196,,0,Thigh injury - Unknown return date,2026-08-04T18:30:11.027155Z,44,559,289,p470294,0,0,,0,,470294.jpg,0.0,495,207,False,0,,-0.2,"[{'offset': 0, 'projected_percent': '-0.2', 'likelihood': -1}, {'offset': 1, 'projected_percent': '-0.2', 'likelihood': -1}, {'offset': 2, 'projected_percent': '-0.2', 'likelihood': -1}]",0,0,241,False,0,0,,[],Gyabi,0.0,580,239,False,,0,0,i,0,11,88,2025-09-01,0.0,416,174,0,527,8,1713,11,0.0,0.0,Gyabi,0
0,2002-06-15,0,0,False,True,0,0,0,0,0,500957,,,0,0,0,0,0.0,509,52,0,0,,,0,4,0.0,0.0,0,0.00,0,0.00,0,0.00,0.00,0,0,Enis,0.0,480,45,0,0,0,False,0.0,517,51,298,False,0.0,512,47,,0,Has joined Konyaspor permanently,2026-08-17T13:50:27.145733Z,45,487,68,p500957,0,0,,0,,500957.jpg,0.0,532,54,False,-3,,0.0,"[{'offset': 0, 'projected_percent': '0.0', 'likelihood': 0}, {'offset': 1, 'projected_percent': '0.0', 'likelihood': 0}, {'offset': 2, 'projected_percent': '0.0', 'likelihood': 0}]",0,0,219,False,0,0,,[],Destan,0.2,364,56,False,,0,0,u,0,11,88,2025-08-01,0.0,466,46,0,0,0,23511,120,0.0,0.0,Destan,0
0,2003-08-04,0,0,False,True,0,0,0,0,0,534392,,,0,0,0,0,0.0,514,53,0,0,,,0,4,0.0,0.0,0,0.00,0,0.00,0,0.00,0.00,0,0,Mason,0.0,484,46,0,0,0,False,0.0,522,52,299,False,0.0,517,48,,0,Has joined Sheffield Wednesday on loan for the rest of the season,2026-08-03T14:05:20.234842Z,45,493,69,p534392,0,0,,0,,534392.jpg,0.0,536,55,False,0,,0.0,"[{'offset': 0, 'projected_percent': '0.0', 'likelihood': 0}, {'offset': 1, 'projected_percent': '0.0', 'likelihood': 0}, {'offset': 2, 'projected_percent': '0.0', 'likelihood': 0}]",0,0,241,False,0,0,,[],Burstow,0.0,542,72,False,,0,0,u,0,11,88,2024-08-16,0.0,471,47,0,0,0,3209,14,0.0,0.0,Burstow,0
0,2002-05-04,0,5,True,True,100,100,0,0.0,0,462635,,,0,0,0,0,1.3,353,176,1,12.86,,,0,3,0.3,0.3,0,0.02,0.26,0.12,1.55,0.10,0.13,1.67,1.29,Joe,0.3,325,148,0,0.0,0,False,1.5,362,173,340,False,1.6,389,181,,7,,2026-08-17T21:30:07.799839Z,50,280,171,p462635,0,0,,0,,462635.jpg,1.0,365,165,False,0,,0.0,"[{'offset': 0, 'projected_percent': '0.0', 'likelihood': 0}, {'offset': 1, 'projected_percent': '0.0', 'likelihood': 0}, {'offset': 2, 'projected_percent': '0.0', 'likelihood': 0}]",1,0,241,False,0,0.0,,[],Gelhardt,0.0,598,250,False,,0,0.0,a,0,11,88,2026-08-15,12.0,238,124,1,760,7,1097,12,0.1,0.2,Gelhardt,0
0,1995-09-18,0,3,True,True,0,0,0,0.0,0,169359,,,0,0,0,0,0.0,414,151,0,0.0,,,0,2,0.0,0.0,0,0.00,0.0,0.00,0.0,0.00,0.07,1.26,0.0,Matt,0.0,378,134,0,0.0,0,False,0.0,429,153,556,False,0.4,402,146,,5,Ankle injury - Unknown return date,2026-09-17T14:00:26.419938Z,40,602,165,p169359,0,0,,0,,169359.jpg,1.0,310,110,False,-50,,-73.4,"[{'offset': 0, 'projected_percent': '-73.5', 'likelihood': -3}, {'offset': 1, 'projected_percent': '-75.6', 'likelihood': -3}, {'offset': 2, 'projected_percent': '-77.7', 'likelihood': -3}]",1,0,241,False,0,0.0,,[],Targett,1.5,145,58,False,,0,0.0,i,0,11,88,2026-07-23,0.0,358,136,1,24900,5,101817,1543,0.0,0.2,Targett,0
0,1995-05-10,0,6,True,True,100,100,0,0.0,2,445028,,,0,0,-1,1,13.4,258,134,3,6.0,,,0,3,0.0,0.0,0,0.00,0.0,0.00,0.0,0.00,1.09,2.18,0.0,Hidemasa,0.0,547,221,0,0.0,0,False,2.4,340,160,563,False,11.0,319,142,,45,,2026-09-09T14:00:08.474217Z,49,363,215,p445028,0,0,,0,,445028.jpg,1.0,351,155,False,0,2026-10-17T14:30:11.562478Z,0.0,"[{'offset': 0, 'projected_percent': '0.0', 'likelihood': 0}, {'offset': 1, 'projected_percent': '0.0', 'likelihood': 0}, {'offset': 2, 'projected_percent': '0.0', 'likelihood': 0}]",1,0,108,False,0,0.0,,[],Morita,0.0,589,245,False,,1,2.0,a,0,11,88,2026-07-24,0.0,538,219,1,763,12,1866,2,0.0,0.2,Morita,0
0,2002-11-08,6,129,True,True,,,3,0.6,2,473284,,,0,0,2,-2,0.0,546,54,0,0.0,,,2,1,2.7,2.7,0,0.00,0.0,0.00,0.0,0.00,7.40,1.48,0.0,Konstantinos,2.7,108,12,4,0.8,0,False,15.0,141,3,572,True,150.0,16,2,,450,,,47,423,22,p473284,0,0,,1,,473284.jpg,6.8,12,1,False,121,,5.4,"[{'offset': 0, 'projected_percent': '5.5', 'likelihood': 1}, {'offset': 1, 'projected_percent': '7.5', 'likelihood': 1}, {'offset': 2, 'projected_percent': '9.5', 'likelihood': 1}]",69,0,83,False,17,3.4,,[],Tzolakis,13.3,32,5,False,,5,1.0,a,1,11,88,2026-08-05,0.0,507,52,34,1109783,5969,267380,1566,0.6,7.2,Tzolakis,1
0,2005-10-31,0,4,True,True,,,0,0.0,0,552946,,,0,0,-1,1,0.0,582,250,1,11.25,,,0,3,0.0,0.0,0,0.00,0.0,0.00,0.0,0.00,0.00,0.0,0.0,Jens,0.0,561,233,0,0.0,0,False,0.0,587,246,574,False,0.0,581,244,,8,,,49,386,231,p552946,0,0,,0,,552946.jpg,1.0,355,158,False,0,,-111.8,"[{'offset': 0, 'projected_percent': '-111.8', 'likelihood': -5}, {'offset': 1, 'projected_percent': '-111.8', 'likelihood': -5}, {'offset': 2, 'projected_percent': '-111.8', 'likelihood': -5}]",1,0,161,False,0,0.0,,[],Hjertø-Dahl,0.1,494,193,False,,0,0.0,a,0,11,88,2026-08-07,0.0,551,229,1,1481,9,4811,25,0.0,0.2,Hjertø-Dahl,0
0,2002-06-22,0,17,True,True,,,2,0.72,3,608227,,,0,0,0,0,22.7,207,117,20,7.23,,,0,3,0.3,0.3,0,0.05,0.02,0.11,0.04,0.06,4.32,1.56,0.02,Elliot,0.3,330,152,1,0.36,0,False,3.8,312,141,576,False,8.4,335,155,,249,,,50,321,196,p608227,0,0,,0,,608227.jpg,1.8,256,112,False,-4,,-84.0,"[{'offset': 0, 'projected_percent': '-84.5', 'likelihood': -3}, {'offset': 1, 'projected_percent': '-93.6', 'likelihood': -3}, {'offset': 2, 'projected_percent': '-102.8', 'likelihood': -5}]",12,0,206,False,0,0.0,,[],Stroud,0.1,449,169,False,,4,1.45,a,5,11,88,2026-08-09,12.0,239,125,7,3801,25,5202,32,0.1,1.4,Stroud,1
0,2007-09-05,0,19,True,True,,,0,0.0,14,597462,,,0,0,0,0,23.1,206,68,16,7.31,,,0,2,0.7,0.7,0,0.04,0.02,0.06,0.03,0.02,3.36,1.54,0.01,Lucas,0.7,251,85,3,1.37,0,False,7.7,237,87,585,False,42.8,208,84,,197,,,40,652,202,p597462,0,0,,0,,597462.jpg,1.0,316,116,False,-10,,-35.5,"[{'offset': 0, 'projected_percent': '-35.7', 'likelihood': -2}, {'offset': 1, 'projected_percent': '-38.7', 'likelihood': -2}, {'offset': 2, 'projected_percent': '-41.6', 'likelihood': -3}]",6,0,13,False,0,0.0,,[],Herrington,0.6,239,94,False,,1,0.46,a,2,11,88,2026-08-12,11.0,244,82,5,13546,51,20241,118,0.2,1.2,Herrington,0
0,2004-09-03,1,69,True,True,100,100,2,0.72,32,606930,,,0,0,1,-1,1.4,346,125,39,14.1,,,1,2,0.3,0.3,0,0.00,0.0,0.32,0.12,0.32,4.02,1.45,0.12,Nobel,0.3,296,102,1,0.36,1,False,16.4,117,38,586,False,108.2,63,27,,249,,2026-09-12T18:00:09.334142Z,41,586,161,p606930,0,0,,0,,606930.jpg,6.2,22,9,False,-103,,-4.7,"[{'offset': 0, 'projected_percent': '-4.9', 'likelihood': -1}, {'offset': 1, 'projected_percent': '-7.7', 'likelihood': -1}, {'offset': 2, 'projected_percent': '-10.6', 'likelihood': -1}]",6,0,189,False,0,0.0,,[],Mendy,6.2,62,25,False,,4,1.45,a,7,11,88,2026-08-12,54.0,88,15,25,697130,718,376705,2241,0.1,6.1,Mendy,0
0,2003-08-05,0,18,True,True,,,1,0.65,5,469266,,,0,0,0,0,33.5,174,103,17,11.09,,,0,3,0.3,0.3,0,0.03,0.02,0.06,0.04,0.03,2.26,1.47,0.02,Lucas,0.3,326,149,0,0.0,0,False,6.5,263,117,589,False,29.4,257,106,,138,,,50,285,174,p469266,0,0,,0,,469266.jpg,1.3,290,131,False,0,,-106.6,"[{'offset': 0, 'projected_percent': '-106.6', 'likelihood': -5}, {'offset': 1, 'projected_percent': '-106.6', 'likelihood': -5}, {'offset': 2, 'projected_percent': '-106.6', 'likelihood': -5}]",7,0,73,False,0,0.0,,[],Gourna-Douath,0.0,560,231,False,,1,0.65,a,5,11,88,2026-08-15,2.0,327,163,4,721,2,1444,8,0.1,0.8,Gourna-Douath,1
0,2004-01-19,0,36,True,True,,,0,0.0,1,490884,,,0,0,0,0,43.9,142,90,2,2.5,,,0,3,2.3,2.3,0,0.36,0.45,1.15,1.44,0.79,0.98,1.22,0.99,Mohamed-Ali,2.3,134,56,1,1.25,1,False,14.9,144,73,617,False,49.8,196,83,,72,,,50,295,180,p490884,0,0,,0,,490884.jpg,2.2,222,97,False,0,,0.3,"[{'offset': 0, 'projected_percent': '0.3', 'likelihood': 1}, {'offset': 1, 'projected_percent': '0.3', 'likelihood': 1}, {'offset': 2, 'projected_percent': '0.3', 'likelihood': 1}]",1,0,73,False,0,0.0,,[],Cho,0.0,577,237,False,,0,0.0,a,0,11,88,2026-08-27,55.0,85,51,9,2038,19,858,15,0.5,1.8,Cho,0
0,2004-11-08,0,0,True,True,0,0,0,0,0,626751,,,0,0,0,0,0.0,625,70,0,0,,,0,4,0.0,0.0,0,0.00,0,0.00,0,0.00,0.00,0,0,Ilyas,0.0,601,62,0,0,0,False,0.0,625,70,632,False,0.0,619,66,,0,Back injury - Unknown return date,2026-09-09T10:00:08.919489Z,50,325,60,p626751,0,0,,0,,626751.jpg,0.0,631,71,False,-2,,-98.5,"[{'offset': 0, 'projected_percent': '-98.8', 'likelihood': -4}, {'offset': 1, 'projected_percent': '-104.0', 'likelihood': -5}, {'offset': 2, 'projected_percent': '-109.3', 'likelihood': -5}]",0,0,80,False,0,0,,[],Ansah,0.0,557,74,False,,0,0,i,0,11,88,2026-09-01,0.0,603,65,0,5155,3,3755,27,0.0,0.0,Ansah,0
0,2007-02-17,0,8,True,True,,,0,0.0,0,631000,,,0,0,0,0,11.7,267,34,2,9.0,,,0,4,0.7,0.7,0,0.01,0.04,0.01,0.04,0.00,0.31,1.4,0.0,Robinio,0.7,270,29,0,0.0,0,False,1.6,358,40,637,False,2.4,383,41,,20,,,50,327,62,p631000,0,0,,0,,631000.jpg,1.0,372,40,False,2,,1.6,"[{'offset': 0, 'projected_percent': '1.6', 'likelihood': 1}, {'offset': 1, 'projected_percent': '1.6', 'likelihood': 1}, {'offset': 2, 'projected_percent': '1.7', 'likelihood': 1}]",2,0,73,False,0,0.0,,[],Vaz,0.1,401,61,False,,0,0.0,a,0,11,88,2026-09-01,2.0,328,42,2,13736,177,4756,119,0.1,0.4,Vaz,0
0,2004-01-12,0,3,True,True,100,100,0,0.0,1,496181,,,0,0,0,0,0.6,366,135,1,2.65,,,0,2,0.0,0.0,0,0.00,0.0,0.05,0.13,0.05,0.30,0.79,0.13,Brooke,0.0,398,143,0,0.0,0,False,1.2,370,131,638,False,2.2,384,142,,34,,2026-09-21T08:30:09.561308Z,40,630,182,p496181,0,0,,0,,496181.jpg,0.5,423,149,False,0,,-75.5,"[{'offset': 0, 'projected_percent': '-75.5', 'likelihood': -3}, {'offset': 1, 'projected_percent': '-75.5', 'likelihood': -3}, {'offset': 2, 'projected_percent': '-75.5', 'likelihood': -3}]",4,0,241,False,0,0.0,,[],Norton-Cuffy,0.2,313,118,False,,0,0.0,a,0,11,88,2026-09-01,9.0,259,89,1,26340,61,11415,99,0.0,0.2,Norton-Cuffy,1
0,1999-01-25,0,13,True,True,,,0,0.0,0,243951,,,0,0,0,0,40.9,154,99,8,6.05,,,0,3,1.0,1.0,0,0.11,0.08,0.32,0.24,0.21,2.04,1.54,0.16,Sorba,1.0,241,112,3,2.27,0,False,5.8,275,122,642,False,8.8,333,153,,119,,,55,140,85,p243951,0,0,,0,,243951.jpg,1.3,293,134,False,2,,0.4,"[{'offset': 0, 'projected_percent': '0.4', 'likelihood': 1}, {'offset': 1, 'projected_percent': '0.4', 'likelihood': 1}, {'offset': 2, 'projected_percent': '0.5', 'likelihood': 1}]",7,0,244,False,0,0.0,,[],Thomas,0.0,539,220,False,,1,0.76,a,1,11,88,2026-09-01,12.0,241,126,4,3483,41,1416,26,0.2,0.7,Thomas,0
0,2006-12-25,0,0,True,True,,,0,0,0,647839,,,0,0,0,0,0.0,626,273,0,0,,,0,3,0.0,0.0,0,0.00,0,0.00,0,0.00,0.00,0,0,Christos,0.0,602,259,0,0,0,False,0.0,626,270,645,False,0.0,620,268,,0,,,50,328,199,p647839,0,0,,0,,647839.jpg,0.0,632,274,False,0,,0.0,"[{'offset': 0, 'projected_percent': '0.0', 'likelihood': 0}, {'offset': 1, 'projected_percent': '0.0', 'likelihood': 0}, {'offset': 2, 'projected_percent': '0.0', 'likelihood': 0}]",0,0,83,False,0,0,,[],Mouzakitis,0.0,619,263,False,,0,0,a,0,11,88,2026-09-01,0.0,605,260,0,846,11,357,6,0.0,0.0,Mouzakitis,0
0,1997-01-09,0,65,True,True,,,0,0.0,47,219924,,,0,0,0,0,24.2,202,66,51,8.5,,,0,2,2.3,2.3,2,0.17,0.03,0.27,0.05,0.10,10.79,1.8,0.02,Issa,2.3,121,45,12,2.0,0,False,15.5,131,43,259,False,121.6,41,18,,540,,,40,610,171,p219924,0,0,,0,,219924.jpg,2.3,204,79,False,-218,,-69.9,"[{'offset': 0, 'projected_percent': '-70.1', 'likelihood': -3}, {'offset': 1, 'projected_percent': '-73.2', 'likelihood': -3}, {'offset': 2, 'projected_percent': '-76.4', 'likelihood': -3}]",27,0,145,False,0,0.0,,[],Diop,11.8,33,11,False,,6,1.0,a,4,12,40,2026-07-22,9.0,258,88,14,149751,588,610961,5506,0.6,3.5,Diop,0
1,1996-08-13,0,84,True,True,,,0,0.0,20,212314,1,,0,0,-1,1,81.2,59,48,50,9.18,,,0,3,2.3,2.3,4,0.46,0.08,0.48,0.08,0.02,9.18,1.69,0.0,Saša,2.3,126,50,11,2.02,0,False,15.8,124,65,267,False,71.0,131,44,,490,,,49,345,209,p212314,0,0,,0,,212314.jpg,2.5,189,81,False,0,,-6.8,"[{'offset': 0, 'projected_percent': '-6.8', 'likelihood': -1}, {'offset': 1, 'projected_percent': '-6.8', 'likelihood': -1}, {'offset': 2, 'projected_percent': '-6.8', 'likelihood': -1}]",19,0,190,False,0,0.0,,[],Lukić,0.1,423,156,False,,6,1.1,a,11,12,40,2026-08-08,6.0,287,147,15,3821,33,7214,38,0.5,3.1,Lukić,2
0,1995-11-09,0,21,True,True,,,0,0.0,3,108813,,,0,0,-1,1,0.0,458,32,0,0.0,,,0,1,1.3,1.3,2,0.02,0.01,0.02,0.01,0.00,4.05,2.02,0.0,Christian,1.3,198,17,2,1.0,0,False,1.2,371,24,300,False,12.0,311,24,,180,,,44,539,44,p108813,0,0,,0,,108813.jpg,2.0,229,18,False,5,,0.3,"[{'offset': 0, 'projected_percent': '0.3', 'likelihood': 1}, {'offset': 1, 'projected_percent': '0.4', 'likelihood': 1}, {'offset': 2, 'projected_percent': '0.5', 'likelihood': 1}]",23,0,241,False,4,2.0,,[],Walton,0.4,267,36,False,,2,1.0,a,0,12,40,2022-01-19,0.0,407,27,4,6851,259,16558,80,0.3,0.9,Walton,1
0,1996-08-10,0,0,True,True,,,0,0,0,112520,,,0,0,0,0,0.0,409,14,0,0,,,0,1,0.0,0.0,0,0.00,0,0.00,0,0.00,0.00,0,0,Alex,0.0,373,30,0,0,0,False,0.0,425,33,301,False,0.0,421,33,,0,,,40,597,57,p112520,0,0,,0,,112520.jpg,0.0,444,33,False,-29,,-32.0,"[{'offset': 0, 'projected_percent': '-32.1', 'likelihood': -2}, {'offset': 1, 'projected_percent': '-33.4', 'likelihood': -2}, {'offset': 2, 'projected_percent': '-34.7', 'likelihood': -2}]",0,0,241,False,0,0,,[],Palmer,3.8,91,15,False,,0,0,a,0,12,40,2025-02-03,0.0,353,9,0,85025,298,130983,782,0.0,0.0,Palmer,0
0,1989-02-27,0,0,True,True,,,0,0,0,50093,,,0,0,0,0,0.0,402,9,0,0,,,0,1,0.0,0.0,0,0.00,0,0.00,0,0.00,0.00,0,0,David,0.0,366,25,0,0,0,False,0.0,418,28,302,False,0.0,414,28,,0,,,40,590,52,p50093,0,0,,0,,50093.jpg,0.0,437,28,False,3,,1.2,"[{'offset': 0, 'projected_percent': '1.2', 'likelihood': 1}, {'offset': 1, 'projected_percent': '1.2', 'likelihood': 1}, {'offset': 2, 'projected_percent': '1.3', 'likelihood': 1}]",0,0,241,False,0,0,,[],Button,0.6,234,34,False,,0,0,a,0,12,40,2025-07-04,0.0,346,4,0,34405,76,16913,68,0.0,0.0,Button,0
0,1996-12-09,0,0,True,True,,,0,0,0,183015,,,0,0,-1,1,0.0,395,144,0,0,,,0,2,0.0,0.0,0,0.00,0,0.00,0,0.00,0.00,0,0,Cédric,0.0,359,127,0,0,0,False,0.0,411,147,303,False,0.0,407,148,,0,,,39,663,213,p183015,0,0,,0,,183015.jpg,0.0,430,153,False,-24,,3.2,"[{'offset': 0, 'projected_percent': '3.2', 'likelihood': 1}, {'offset': 1, 'projected_percent': '2.7', 'likelihood': 1}, {'offset': 2, 'projected_percent': '2.3', 'likelihood': 1}]",0,0,54,False,0,0,,[],Kipré,0.9,194,75,False,,0,0,a,0,12,40,2026-07-01,0.0,339,129,0,53094,329,32761,364,0.0,0.0,Kipré,0
0,1999-03-04,3,50,True,True,,,0,0.0,49,216616,,,0,0,0,0,71.0,72,12,57,9.5,,,1,2,4.7,4.7,11,0.28,0.05,0.58,0.1,0.30,10.79,1.8,0.05,Dara,4.7,46,20,12,2.0,1,False,22.1,71,15,304,False,130.0,31,11,,540,,,40,609,170,p216616,0,0,,0,,216616.jpg,3.5,113,46,False,7,,-51.7,"[{'offset': 0, 'projected_percent': '-51.7', 'likelihood': -3}, {'offset': 1, 'projected_percent': '-51.2', 'likelihood': -3}, {'offset': 2, 'projected_percent': '-50.8', 'likelihood': -3}]",25,0,104,False,0,0.0,,[],O'Shea,2.5,109,42,False,,6,1.0,a,8,12,40,2024-08-25,21.0,177,53,21,72705,640,148481,799,1.2,5.2,O'Shea,0
2,1999-12-31,1,57,True,True,,,0,0.0,24,455084,,,0,0,0,0,61.9,91,20,28,4.67,2,,1,2,5.7,5.7,1,0.47,0.08,2.11,0.35,1.64,10.79,1.8,0.27,Leif,5.7,21,7,12,2.0,2,False,32.5,24,2,305,False,144.8,25,7,,540,,,40,622,178,p455084,0,0,,0,,455084.jpg,4.3,78,35,False,-78,,97.6,"[{'offset': 0, 'projected_percent': '97.5', 'likelihood': 4}, {'offset': 1, 'projected_percent': '96.2', 'likelihood': 4}, {'offset': 2, 'projected_percent': '94.9', 'likelihood': 3}]",11,0,241,False,0,0.0,,[],Davis,7.7,47,16,False,,6,1.0,a,4,12,40,2022-07-25,117.0,24,2,26,492913,3795,225771,3816,1.4,6.5,Davis,1
0,2000-09-12,0,12,True,True,,,0,0.0,25,449429,,,0,0,-1,1,16.9,230,78,30,7.56,,,0,2,0.3,0.3,0,0.06,0.02,0.06,0.02,0.00,6.74,1.7,0.0,Jacob,0.3,293,99,10,2.52,0,False,9.0,223,81,306,False,68.6,136,62,,357,,,39,665,215,p449429,1,0,,0,,449429.jpg,0.8,408,142,False,12,,0.6,"[{'offset': 0, 'projected_percent': '0.6', 'likelihood': 1}, {'offset': 1, 'projected_percent': '0.8', 'likelihood': 1}, {'offset': 2, 'projected_percent': '1.0', 'likelihood': 1}]",12,0,241,False,0,0.0,,[],Greaves,1.1,166,67,False,,4,1.01,a,5,12,40,2024-07-12,4.0,301,106,3,23569,1110,46795,461,0.1,0.8,Greaves,1
0,2000-01-24,0,0,False,True,0,0,0,0,0,222018,,,0,0,0,0,0.0,419,154,0,0,,,0,2,0.0,0.0,0,0.00,0,0.00,0,0.00,0.00,0,0,Ben,0.0,382,136,0,0,0,False,0.0,433,155,307,False,0.0,428,155,,0,Has joined Stoke City on loan for the rest of the season,2026-09-04T12:36:56.236331Z,40,611,172,p222018,0,0,,0,,222018.jpg,0.0,451,160,False,-2,,0.0,"[{'offset': 0, 'projected_percent': '0.0', 'likelihood': 0}, {'offset': 1, 'projected_percent': '0.0', 'likelihood': 0}, {'offset': 2, 'projected_percent': '0.0', 'likelihood': 0}]",0,0,241,False,0,0,,[],Johnson,0.1,489,174,False,,0,0,u,0,12,40,2024-07-01,0.0,363,139,0,1137,0,6781,39,0.0,0.0,Johnson,0
0,1995-10-31,0,-1,True,True,,,0,0.0,2,176420,,,0,0,-1,1,0.5,370,138,3,15.88,,,0,2,0.0,0.0,0,0.00,0.0,0.00,0.0,0.00,0.86,4.55,0.0,Darnell,0.0,358,126,1,5.29,0,False,0.6,386,138,308,False,5.0,359,134,,17,,,39,662,212,p176420,0,0,,0,,176420.jpg,1.0,308,108,False,-4,,2.1,"[{'offset': 0, 'projected_percent': '2.1', 'likelihood': 1}, {'offset': 1, 'projected_percent': '2.0', 'likelihood': 1}, {'offset': 2, 'projected_percent': '2.0', 'likelihood': 1}]",0,0,241,False,0,0.0,,[],Furlong,0.6,232,89,False,,0,0.0,a,1,12,40,2025-08-28,0.0,338,128,1,22161,228,22854,266,0.0,0.3,Furlong,0
0,2000-03-01,0,32,True,True,,,0,0.0,8,501390,3,,0,0,-1,1,19.4,220,120,21,13.5,1,,0,3,0.0,0.0,0,0.05,0.03,0.08,0.05,0.03,3.48,2.24,0.02,Marcelino,0.0,553,226,4,2.57,0,False,5.0,291,130,309,False,24.6,269,113,,140,,,49,376,222,p501390,0,0,,0,,501390.jpg,3.0,146,60,False,-3,,-65.7,"[{'offset': 0, 'projected_percent': '-66.0', 'likelihood': -3}, {'offset': 1, 'projected_percent': '-72.0', 'likelihood': -3}, {'offset': 2, 'projected_percent': '-78.0', 'likelihood': -3}]",10,0,44,False,0,0.0,,[],Núñez,0.1,418,153,False,,2,1.29,a,3,12,40,2025-08-29,6.0,288,148,6,3181,6,8270,51,0.0,1.2,Núñez,0
0,1998-04-28,0,0,True,True,100,100,0,0,0,241117,,,0,0,-1,1,0.0,566,240,0,0,,,0,3,0.0,0.0,0,0.00,0,0.00,0,0.00,0.00,0,0,Azor,0.0,542,219,0,0,0,False,0.0,573,236,310,False,0.0,568,235,,0,,2026-07-29T18:00:10.305484Z,49,354,211,p241117,0,0,,0,,241117.jpg,0.0,584,245,False,0,,-2.4,"[{'offset': 0, 'projected_percent': '-2.4', 'likelihood': -1}, {'offset': 1, 'projected_percent': '-2.4', 'likelihood': -1}, {'offset': 2, 'projected_percent': '-2.4', 'likelihood': -1}]",0,0,152,False,0,0,,[],Matusiwa,0.0,649,284,False,,0,0,a,0,12,40,2025-07-13,0.0,533,217,0,137,1,295,1,0.0,0.0,Matusiwa,0
0,1994-11-23,0,0,False,True,0,0,0,0,0,149929,,,0,0,0,0,0.0,589,254,0,0,,,0,3,0.0,0.0,0,0.00,0,0.00,0,0.00,0.00,0,0,Wes,0.0,568,238,0,0,0,False,0.0,594,251,311,False,0.0,588,249,,0,Has joined Leicester City permanently,2026-08-10T14:02:47.597478Z,50,247,153,p149929,0,0,,0,,149929.jpg,0.0,600,255,False,0,,0.0,"[{'offset': 0, 'projected_percent': '0.0', 'likelihood': 0}, {'offset': 1, 'projected_percent': '0.0', 'likelihood': 0}, {'offset': 2, 'projected_percent': '0.0', 'likelihood': 0}]",0,0,244,False,0,0,,[],Burns,0.0,655,289,False,,0,0,u,0,12,40,2021-06-09,0.0,565,239,0,0,0,350,0,0.0,0.0,Burns,0
0,1998-06-23,0,0,True,True,100,100,0,0,0,231899,,,0,0,-1,1,0.0,464,201,0,0,,,0,3,0.0,0.0,0,0.00,0,0.00,0,0.00,0.00,0,0,Jack,0.0,434,173,0,0,0,False,0.0,477,196,312,False,0.0,472,195,,0,,2026-07-29T18:00:10.319370Z,44,553,287,p231899,0,0,,0,,231899.jpg,0.0,493,206,False,0,2026-10-17T14:30:11.332598Z,0.0,"[{'offset': 0, 'projected_percent': '0.0', 'likelihood': 0}, {'offset': 1, 'projected_percent': '0.0', 'likelihood': 0}, {'offset': 2, 'projected_percent': '0.0', 'likelihood': 0}]",0,0,104,False,0,0,,[],Taylor,0.0,529,213,False,,0,0,a,0,12,40,2023-06-26,0.0,414,173,0,1447,110,2904,20,0.0,0.0,Taylor,0
1,2000-11-23,1,65,True,True,,,0,0.0,4,443261,4,,0,0,-2,2,55.4,104,70,12,5.48,3,,0,3,2.3,2.3,4,0.40,0.18,0.70,0.32,0.30,2.18,1.0,0.14,Jack,2.3,136,58,2,0.91,1,False,15.2,139,72,313,False,52.0,187,76,Jack Clarke,197,,,53,219,138,p443261,0,0,1,0,,443261.jpg,3.0,153,66,False,-5,,-2.0,"[{'offset': 0, 'projected_percent': '-2.3', 'likelihood': -1}, {'offset': 1, 'projected_percent': '-7.6', 'likelihood': -1}, {'offset': 2, 'projected_percent': '-12.9', 'likelihood': -1}]",6,0,241,False,0,0.0,,[],Clarke,0.2,349,123,False,,2,0.91,a,2,12,40,2024-08-24,45.0,106,60,15,5989,40,16854,86,0.4,2.8,Clarke,1
0,1997-05-01,0,0,False,True,0,0,0,0,0,229164,,,0,0,-1,1,0.0,565,239,0,0,,,0,3,0.0,0.0,0,0.00,0,0.00,0,0.00,0.00,0,0,Chiedozie,0.0,541,218,0,0,0,False,0.0,572,235,314,False,0.0,567,234,,0,Has joined Lincoln City on loan until January,2026-09-02T16:04:17.497385Z,49,353,210,p229164,0,0,,0,,229164.jpg,0.0,583,244,False,0,,0.0,"[{'offset': 0, 'projected_percent': '0.0', 'likelihood': 0}, {'offset': 1, 'projected_percent': '0.0', 'likelihood': 0}, {'offset': 2, 'projected_percent': '0.0', 'likelihood': 0}]",0,0,104,False,0,0,,[],Ogbene,0.0,633,270,False,,0,0,u,0,12,40,2024-08-28,0.0,532,216,0,104,0,1257,5,0.0,0.0,Ogbene,0
1,2004-03-08,0,71,True,True,100,0,0,0.0,8,531442,2,,0,0,-1,1,133.7,23,22,28,7.16,,,0,3,0.0,0.0,0,1.11,0.28,1.28,0.32,0.17,7.79,1.99,0.04,Abdul,0.0,625,273,10,2.56,0,False,24.0,56,37,315,False,64.8,148,53,Abdul Fatawu,352,,2026-09-19T15:30:10.126897Z,54,198,124,p531442,0,0,,0,,531442.jpg,1.6,271,121,False,0,2026-10-18T16:30:08.987354Z,-0.3,"[{'offset': 0, 'projected_percent': '-0.3', 'likelihood': -1}, {'offset': 1, 'projected_percent': '-0.3', 'likelihood': -1}, {'offset': 2, 'projected_percent': '-0.3', 'likelihood': -1}]",11,1,81,False,0,0.0,,[],Fatawu,0.1,377,135,False,,5,1.28,a,9,12,40,2026-07-21,41.0,120,67,8,5397,5,15745,140,0.0,1.5,Fatawu,2
1,2004-07-16,6,118,True,True,100,100,0,0.0,5,543968,,,0,0,1,-1,50.4,117,10,14,3.26,,,1,4,5.3,5.3,2,0.13,0.03,2.18,0.51,2.05,5.89,1.37,0.48,Emersonn,5.3,30,4,7,1.63,2,False,25.3,52,9,316,False,98.8,80,6,Emersonn,387,,2026-08-31T09:30:08.306145Z,56,123,32,p543968,0,0,2,0,,543968.jpg,4.7,65,6,False,-142,,-0.9,"[{'offset': 0, 'projected_percent': '-1.2', 'likelihood': -1}, {'offset': 1, 'projected_percent': '-7.3', 'likelihood': -1}, {'offset': 2, 'projected_percent': '-13.3', 'likelihood': -1}]",5,0,30,False,0,0.0,,[],Correia da Silva,4.0,85,13,False,,6,1.4,a,4,12,40,2026-07-08,104.0,32,13,28,382155,2721,166901,5275,0.9,5.0,Emersonn,0
0,1999-02-15,0,0,False,True,0,0,0,0,0,222625,,,0,0,0,0,0.0,596,64,0,0,,,0,4,0.0,0.0,0,0.00,0,0.00,0,0.00,0.00,0,0,George,0.0,574,56,0,0,0,False,0.0,600,64,317,False,0.0,594,60,,0,Has joined Stoke City permanently,2026-08-21T13:06:08.606019Z,50,265,52,p222625,0,0,,0,,222625.jpg,0.0,606,65,False,-1,,0.0,"[{'offset': 0, 'projected_percent': '0.0', 'likelihood': 0}, {'offset': 1, 'projected_percent': '0.0', 'likelihood': 0}, {'offset': 2, 'projected_percent': '0.0', 'likelihood': 0}]",0,0,243,False,0,0,,[],Hirst,0.1,457,66,False,,0,0,u,0,12,40,2023-07-13,0.0,573,59,0,0,0,17750,52,0.0,0.0,Hirst,0
0,2002-02-08,0,20,True,True,100,100,0,0.0,1,481624,5,,0,0,-1,1,4.6,309,159,7,5.53,,,0,3,1.3,1.3,2,0.03,0.02,0.13,0.11,0.11,2.57,2.03,0.09,Jaden,1.3,213,99,2,1.58,0,False,2.2,344,162,318,False,4.8,362,168,,114,,2026-08-25T11:30:07.532993Z,54,189,117,p481624,0,0,3,0,,481624.jpg,1.3,292,133,False,0,,-14.0,"[{'offset': 0, 'projected_percent': '-14.0', 'likelihood': -1}, {'offset': 1, 'projected_percent': '-14.0', 'likelihood': -1}, {'offset': 2, 'projected_percent': '-14.0', 'likelihood': -1}]",5,0,241,False,0,0.0,,[],Philogene,0.1,455,174,False,,1,0.79,a,1,12,40,2025-01-15,13.0,235,122,4,352,4,9459,12,0.2,0.7,Philogene,0
0,1995-09-24,0,0,False,True,0,0,0,0,0,172453,,,0,0,0,0,0.0,591,256,0,0,,,0,3,0.0,0.0,0,0.00,0,0.00,0,0.00,0.00,0,0,Sam,0.0,570,240,0,0,0,False,0.0,596,253,319,False,0.0,590,251,,0,Has joined Derby County on loan for the rest of the season,2026-08-17T13:51:41.713979Z,50,251,157,p172453,0,0,,0,,172453.jpg,0.0,602,257,False,0,,0.0,"[{'offset': 0, 'projected_percent': '0.0', 'likelihood': 0}, {'offset': 1, 'projected_percent': '0.0', 'likelihood': 0}, {'offset': 2, 'projected_percent': '0.0', 'likelihood': 0}]",0,0,104,False,0,0,,[],Szmodics,0.0,652,287,False,,0,0,u,0,12,40,2024-08-16,0.0,568,242,0,0,0,777,0,0.0,0.0,Szmodics,0
0,1995-10-09,0,42,True,True,,,0,0.0,0,147675,,,0,0,0,0,2.5,326,42,4,3.71,,,0,4,0.7,0.7,1,0.00,0.0,1.30,1.21,1.30,4.41,4.09,1.21,Chuba,0.7,267,28,4,3.71,1,False,6.1,267,28,320,False,34.6,238,20,,97,,,50,246,51,p147675,0,0,,0,,147675.jpg,2.0,237,24,False,-27,,24.6,"[{'offset': 0, 'projected_percent': '24.6', 'likelihood': 2}, {'offset': 1, 'projected_percent': '24.1', 'likelihood': 2}, {'offset': 2, 'projected_percent': '23.7', 'likelihood': 2}]",3,0,241,False,0,0.0,,[],Akpom,1.1,169,26,False,,0,0.0,a,1,12,40,2026-07-01,24.0,171,29,8,134686,497,82447,1051,0.1,1.6,Akpom,0
0,2006-06-21,0,8,True,True,,,0,0.0,0,557012,,,0,0,0,0,0.1,390,49,1,4.74,,,0,4,0.3,0.3,1,0.00,0.0,0.10,0.47,0.10,0.24,1.14,0.47,Sindre,0.3,310,36,0,0.0,0,False,0.0,528,54,321,False,0.0,523,50,,19,,,45,500,71,p557012,0,0,,0,,557012.jpg,1.0,334,36,False,-6,,40.5,"[{'offset': 0, 'projected_percent': '40.4', 'likelihood': 3}, {'offset': 1, 'projected_percent': '40.3', 'likelihood': 3}, {'offset': 2, 'projected_percent': '40.2', 'likelihood': 3}]",1,0,161,False,0,0.0,,[],Walle Egeli,3.5,96,15,False,,0,0.0,a,0,12,40,2025-08-29,0.0,477,49,2,356998,2386,239567,2612,0.1,0.4,Walle Egeli,0
0,2002-03-01,0,0,False,True,0,0,0,0,0,462387,,,0,0,0,0,0.0,603,66,0,0,,,0,4,0.0,0.0,0,0.00,0,0.00,0,0.00,0.00,0,0,Ali,0.0,579,58,0,0,0,False,0.0,604,66,322,False,0.0,598,62,Ali Al Hamadi,0,Has joined Sheffield Wednesday on loan for the rest of the season,2026-08-27T14:54:10.215357Z,50,279,55,p462387,0,0,,0,,462387.jpg,0.0,610,67,False,-1,,0.0,"[{'offset': 0, 'projected_percent': '0.0', 'likelihood': 0}, {'offset': 1, 'projected_percent': '0.0', 'likelihood': 0}, {'offset': 2, 'projected_percent': '0.0', 'likelihood': 0}]",0,0,103,False,0,0,,[],Al-Hamadi,0.0,501,71,False,,0,0,u,0,12,40,2024-01-29,0.0,580,61,0,755,0,10275,31,0.0,0.0,Al-Hamadi,0
0,2001-11-22,0,12,True,True,,,0,0.0,0,461587,,,0,0,-1,1,1.8,337,169,5,10.71,,,0,3,0.0,0.0,0,0.00,0.0,0.05,0.11,0.05,0.21,0.45,0.11,Kasey,0.0,437,174,0,0.0,0,False,1.4,366,175,323,False,4.6,363,169,,42,,,44,558,288,p461587,0,0,,0,,461587.jpg,1.0,326,145,False,-14,,-5.7,"[{'offset': 0, 'projected_percent': '-5.9', 'likelihood': -1}, {'offset': 1, 'projected_percent': '-8.4', 'likelihood': -1}, {'offset': 2, 'projected_percent': '-10.9', 'likelihood': -1}]",4,0,104,False,0,0.0,,[],McAteer,1.0,178,57,False,,0,0.0,a,1,12,40,2025-08-22,7.0,275,141,3,31535,324,70260,556,0.0,0.7,McAteer,0
0,2001-01-09,0,0,True,True,,,0,0,0,232457,,,0,0,-2,2,0.0,550,232,0,0,,,0,3,0.0,0.0,0,0.00,0,0.00,0,0.00,0.00,0,0,Anis,0.0,522,206,0,0,0,False,0.0,560,228,324,False,0.0,555,227,,0,,,48,407,247,p232457,0,0,,0,,232457.jpg,0.0,571,237,False,-5,,-7.3,"[{'offset': 0, 'projected_percent': '-9.0', 'likelihood': -1}, {'offset': 1, 'projected_percent': '-37.1', 'likelihood': -2}, {'offset': 2, 'projected_percent': '-65.2', 'likelihood': -3}]",0,0,2,False,0,0,,[],Mehmeti,0.0,535,217,False,,0,0,a,0,12,40,2026-01-23,0.0,513,206,0,445,4,2658,11,0.0,0.0,Mehmeti,0
0,2003-08-07,0,0,False,True,0,0,0,0,0,546600,,,0,0,0,0,0.0,515,53,0,0,,,0,1,0.0,0.0,0,0.00,0,0.00,0,0.00,0.00,0,0,Kayne,0.0,485,64,0,0,0,False,0.0,523,66,554,False,0.0,518,66,,0,Has joined Valencia on loan for the rest of the season,2026-08-25T14:04:09.529320Z,45,494,42,p546600,0,0,,0,,546600.jpg,0.0,537,66,False,0,,0.0,"[{'offset': 0, 'projected_percent': '0.0', 'likelihood': 0}, {'offset': 1, 'projected_percent': '0.0', 'likelihood': 0}, {'offset': 2, 'projected_percent': '0.0', 'likelihood': 0}]",0,0,152,False,0,0,,[],van Oevelen,0.0,587,70,False,,0,0,u,0,12,40,2026-07-21,0.0,472,51,0,54,0,2055,7,0.0,0.0,Van Oevelen,0
0,1997-10-20,0,42,True,True,,,0,0.0,8,442967,,,0,0,-2,2,5.5,300,151,24,6.37,,,0,3,1.3,1.3,2,0.04,0.01,0.75,0.2,0.71,7.65,2.03,0.19,Daizen,1.3,210,97,9,2.39,0,False,8.1,236,107,562,False,31.0,251,103,,339,,,53,218,137,p442967,0,0,,0,,442967.jpg,1.7,266,117,False,-3,,-17.6,"[{'offset': 0, 'projected_percent': '-17.7', 'likelihood': -1}, {'offset': 1, 'projected_percent': '-19.8', 'likelihood': -1}, {'offset': 2, 'projected_percent': '-21.9', 'likelihood': -2}]",6,0,108,False,0,0.0,,[],Maeda,0.2,328,116,False,,4,1.06,a,10,12,40,2026-07-25,47.0,102,57,10,3026,15,22134,107,0.2,1.9,Maeda,0
0,2000-01-23,0,40,True,True,,,0,0.0,8,240514,,,0,0,0,0,0.0,495,48,0,0.0,,,0,1,0.3,0.3,0,0.01,0.0,0.01,0.0,0.00,6.74,1.68,0.0,Kjell,0.3,308,21,10,2.5,0,False,10.3,205,14,564,False,103.6,75,14,,360,,,45,460,34,p240514,0,0,,0,,240514.jpg,1.8,250,21,False,-8,,-43.9,"[{'offset': 0, 'projected_percent': '-44.1', 'likelihood': -3}, {'offset': 1, 'projected_percent': '-46.6', 'likelihood': -3}, {'offset': 2, 'projected_percent': '-49.1', 'likelihood': -3}]",39,0,152,False,15,3.75,,[],Scherpen,0.5,242,35,False,,4,1.0,a,0,12,40,2026-07-28,0.0,446,43,7,16440,27,26253,225,0.1,1.6,Scherpen,0
0,1999-08-19,0,29,True,True,100,100,0,0.0,4,216055,,,0,0,-2,2,22.3,213,118,11,10.76,,,0,3,1.3,1.3,2,0.14,0.14,0.14,0.14,0.00,2.35,2.3,0.0,Florentino Ibrain,1.3,202,94,1,0.98,0,False,3.2,317,145,571,False,9.0,331,151,Florentino,92,,2026-08-25T11:30:07.678802Z,48,406,246,p216055,0,0,,0,,216055.jpg,1.3,286,129,False,0,,-6.6,"[{'offset': 0, 'projected_percent': '-6.6', 'likelihood': -1}, {'offset': 1, 'projected_percent': '-6.6', 'likelihood': -1}, {'offset': 2, 'projected_percent': '-6.6', 'likelihood': -1}]",3,0,173,False,0,0.0,,[],Morris Luís,0.1,451,171,False,,1,0.98,a,4,12,40,2026-08-04,2.0,323,160,4,1184,25,7622,23,0.3,0.8,Florentino,0
2,2004-01-23,0,98,True,True,100,100,0,0.0,5,474120,,,0,0,0,0,75.6,66,54,33,6.15,,,0,3,2.0,2.0,2,1.61,0.3,2.94,0.55,1.33,10.07,1.88,0.25,Julio,2.0,159,70,12,2.24,0,False,23.6,59,39,591,False,60.2,164,63,,483,,2026-08-22T18:00:07.551930Z,55,151,93,p474120,0,0,,0,,474120.jpg,2.8,173,73,False,-29,,9.2,"[{'offset': 0, 'projected_percent': '9.2', 'likelihood': 1}, {'offset': 1, 'projected_percent': '8.7', 'likelihood': 1}, {'offset': 2, 'projected_percent': '8.2', 'likelihood': 1}]",25,0,168,False,0,0.0,,[],Enciso,0.8,203,62,False,,6,1.12,a,3,12,40,2026-08-17,100.0,35,20,17,100680,198,60418,869,0.4,3.1,Enciso,1
0,2005-10-22,2,54,True,True,,,0,0.0,10,572584,,,0,0,0,0,36.2,167,47,15,6.11,,,1,2,4.3,4.3,10,0.08,0.03,0.12,0.05,0.04,4.94,2.01,0.02,Abdoul,4.3,58,25,3,1.22,1,False,7.6,240,90,592,False,31.6,249,104,,221,,,40,645,196,p572584,0,0,,0,,572584.jpg,2.7,177,70,False,3,,-38.9,"[{'offset': 0, 'projected_percent': '-38.9', 'likelihood': -2}, {'offset': 1, 'projected_percent': '-38.3', 'likelihood': -2}, {'offset': 2, 'projected_percent': '-37.7', 'likelihood': -2}]",19,0,54,False,0,0.0,,[],Ouattara,0.8,197,77,False,,2,0.81,a,5,12,40,2026-08-17,9.0,260,90,16,14656,294,28675,165,1.1,4.0,Ouattara,0
0,2003-10-30,0,0,False,True,0,0,0,0,0,524180,,,0,0,0,0,0.0,513,214,0,0,,,0,3,0.0,0.0,0,0.00,0,0.00,0,0.00,0.00,0,0,Cameron,0.0,483,188,0,0,0,False,0.0,521,209,602,False,0.0,516,208,,0,Has joined Huddersfield Town on loan for the rest of the season,2026-09-02T16:04:17.524642Z,45,492,262,p524180,0,0,,0,,524180.jpg,0.0,535,219,False,0,,0.0,"[{'offset': 0, 'projected_percent': '0.0', 'likelihood': 0}, {'offset': 1, 'projected_percent': '0.0', 'likelihood': 0}, {'offset': 2, 'projected_percent': '0.0', 'likelihood': 0}]",0,0,241,False,0,0,,[],Humphreys,0.0,568,236,False,,0,0,u,0,12,40,2021-08-09,0.0,470,186,0,2861,0,3322,21,0.0,0.0,Humphreys,0
0,1998-10-05,0,72,True,True,,,0,0.0,15,218543,,,0,0,0,0,46.6,133,85,51,15.2,,,0,3,2.3,2.3,1,0.11,0.03,0.11,0.03,0.00,5.51,1.64,0.0,Exequiel,2.3,132,54,7,2.09,0,False,10.6,201,97,619,False,55.4,175,70,,302,,,50,261,164,p218543,0,0,,0,,218543.jpg,2.4,198,85,False,-9,,1.0,"[{'offset': 0, 'projected_percent': '1.0', 'likelihood': 1}, {'offset': 1, 'projected_percent': '0.8', 'likelihood': 1}, {'offset': 2, 'projected_percent': '0.7', 'likelihood': 1}]",25,0,10,False,0,0.0,,[],Palacios,0.1,476,185,False,,3,0.89,a,11,12,40,2026-08-27,4.0,307,157,12,9541,33,4191,86,0.5,2.4,Palacios,0
0,1998-08-01,0,37,True,True,,,0,0.0,1,431639,,,0,0,0,0,12.1,264,32,6,6.84,,,0,4,2.0,2.0,1,0.01,0.01,0.65,0.74,0.64,0.84,0.96,0.73,Zian,2.0,157,15,1,1.14,1,False,10.5,203,22,640,False,38.2,224,19,,79,,,55,142,38,p431639,0,0,,0,,431639.jpg,1.8,258,30,False,-3,,0.8,"[{'offset': 0, 'projected_percent': '0.8', 'likelihood': 1}, {'offset': 1, 'projected_percent': '0.8', 'likelihood': 1}, {'offset': 2, 'projected_percent': '0.7', 'likelihood': 1}]",4,0,152,False,0,0.0,,[],Flemming,0.1,438,65,False,,0,0.0,a,1,12,40,2026-09-01,55.0,86,21,7,10960,158,4222,137,0.4,1.3,Flemming,1
0,1997-03-22,0,22,True,True,100,75,1,0.55,3,153682,2,,0,0,-3,3,52.4,111,73,11,6.04,2,,0,3,0.7,0.5,1,0.09,0.05,0.10,0.06,0.01,4.48,2.46,0.01,Harry,0.7,284,135,1,0.55,0,False,8.5,229,106,260,False,19.2,287,123,,164,,2026-09-18T13:30:09.626858Z,62,54,37,p153682,0,0,,0,,153682.jpg,1.2,306,142,False,0,2026-10-16T14:00:11.701762Z,-0.2,"[{'offset': 0, 'projected_percent': '-0.2', 'likelihood': -1}, {'offset': 1, 'projected_percent': '-0.2', 'likelihood': -1}, {'offset': 2, 'projected_percent': '-0.2', 'likelihood': -1}]",4,0,244,False,0,0.0,,[],Wilson,1.4,154,46,False,,1,0.55,a,4,13,2,2026-07-08,12.0,242,127,6,29291,171,488757,796,0.1,1.0,Wilson,1
0,1997-12-10,0,0,False,True,0,0,0,0,0,201595,,,0,0,0,0,0.0,489,45,0,0,,,0,1,0.0,0.0,0,0.00,0,0.00,0,0.00,0.00,0,0,Lucas Estella,0.0,460,58,0,0,0,False,0.0,499,60,326,False,0.0,494,60,Lucas Perri,0,Has joined Torino on loan for the rest of the season,2026-09-01T13:12:39.210133Z,45,448,31,p201595,0,0,,0,,201595.jpg,0.0,514,60,False,-1,,0.0,"[{'offset': 0, 'projected_percent': '0.0', 'likelihood': 0}, {'offset': 1, 'projected_percent': '0.0', 'likelihood': 0}, {'offset': 2, 'projected_percent': '0.0', 'likelihood': 0}]",0,0,30,False,0,0,,[],Perri,0.3,292,38,False,,0,0,u,0,13,2,2025-07-26,0.0,439,40,0,532,0,27794,96,0.0,0.0,Perri,0
0,1999-02-05,2,33,True,True,,,1,0.54,21,434752,,,0,0,0,0,0.6,369,137,24,12.86,,,0,2,0.3,0.3,1,0.00,0.0,0.11,0.06,0.11,3.57,1.91,0.06,Jaka,0.3,323,117,2,1.07,0,False,5.4,285,107,327,False,38.2,223,90,,168,,,50,275,41,p434752,0,0,,0,,434752.jpg,3.2,135,56,False,-20,,3.8,"[{'offset': 0, 'projected_percent': '3.8', 'likelihood': 1}, {'offset': 1, 'projected_percent': '3.5', 'likelihood': 1}, {'offset': 2, 'projected_percent': '3.1', 'likelihood': 1}]",7,0,195,False,0,0.0,,[],Bijol,0.7,221,85,False,,2,1.07,a,3,13,2,2025-06-23,15.0,220,71,13,69749,69,63768,565,0.1,2.6,Bijol,0
0,1997-10-22,0,25,True,True,0,0,1,0.73,10,214225,,,0,0,-2,2,14.7,241,84,11,8.05,,,0,2,0.0,0.0,0,0.06,0.04,0.09,0.06,0.03,1.01,0.74,0.02,Joe,0.0,424,167,0,0.0,0,False,4.5,299,112,329,False,23.0,274,112,,123,Hamstring injury - Expected back 21 Nov,2026-08-30T16:00:08.564382Z,43,579,154,p214225,0,0,,0,,214225.jpg,3.5,114,47,False,-26,,-13.2,"[{'offset': 0, 'projected_percent': '-13.4', 'likelihood': -1}, {'offset': 1, 'projected_percent': '-15.9', 'likelihood': -1}, {'offset': 2, 'projected_percent': '-18.5', 'likelihood': -1}]",2,0,244,False,0,0.0,https://www.leedsunited.com/en/news/squad-update-farke-on-bahoya-wilson-and-more,[],Rodon,0.6,230,87,False,,2,1.46,i,1,13,2,2024-07-02,7.0,274,96,7,26999,4,312329,636,0.0,1.6,Rodon,0
0,2000-07-27,6,123,True,True,,,4,0.8,12,226182,,,0,0,1,-1,34.6,171,51,17,3.4,,,2,2,7.0,7.0,1,0.12,0.02,1.61,0.32,1.49,4.80,0.96,0.3,Jayden,7.0,10,4,3,0.6,2,False,26.2,46,5,330,True,108.8,59,25,,450,,,46,426,82,p226182,0,0,,0,,226182.jpg,7.2,9,4,False,361,,96.0,"[{'offset': 0, 'projected_percent': '96.3', 'likelihood': 4}, {'offset': 1, 'projected_percent': '102.3', 'likelihood': 5}, {'offset': 2, 'projected_percent': '108.2', 'likelihood': 5}]",16,0,241,False,0,0.0,,[],Bogle,8.4,43,14,False,,6,1.2,a,5,13,2,2024-07-20,119.0,23,1,43,809554,13800,130455,3274,1.5,9.3,Bogle,2
1,1999-04-29,0,79,True,True,100,100,2,0.53,7,243526,,,0,0,0,0,29.5,188,59,17,4.47,,,0,2,5.3,5.3,4,0.25,0.07,0.32,0.09,0.07,6.16,1.62,0.02,Gabriel,5.3,27,10,3,0.79,0,False,7.7,238,88,331,False,38.6,222,89,,342,,2026-08-08T20:00:07.546568Z,45,463,106,p243526,0,0,,0,,243526.jpg,4.5,69,31,False,7,,1.5,"[{'offset': 0, 'projected_percent': '1.5', 'likelihood': 1}, {'offset': 1, 'projected_percent': '1.6', 'likelihood': 1}, {'offset': 2, 'projected_percent': '1.7', 'likelihood': 1}]",15,0,206,False,0,0.0,,[],Gudmundsson,0.1,439,161,False,,4,1.05,a,10,13,2,2025-07-08,8.0,268,94,18,5863,386,3309,21,1.2,4.0,Gudmundsson,0
0,1998-02-23,4,103,True,True,,,2,0.34,33,220627,,,0,0,0,0,56.1,102,25,50,8.52,,,0,2,5.3,5.3,6,0.42,0.07,0.83,0.14,0.41,7.67,1.31,0.07,James,5.3,26,9,5,0.85,1,False,20.0,88,27,332,False,103.6,74,34,,528,,,45,453,100,p220627,0,0,,0,,220627.jpg,5.3,43,18,False,80,,21.0,"[{'offset': 0, 'projected_percent': '21.1', 'likelihood': 2}, {'offset': 1, 'projected_percent': '22.4', 'likelihood': 2}, {'offset': 2, 'projected_percent': '23.7', 'likelihood': 2}]",17,0,241,False,0,0.0,,[],Justin,1.5,147,60,False,,6,1.02,a,17,13,2,2025-08-25,41.0,118,29,32,134329,2757,80808,388,1.2,7.1,Justin,1
0,1999-03-22,0,0,False,True,0,0,0,0,0,437738,,,0,0,0,0,0.0,500,192,0,0,,,0,2,0.0,0.0,0,0.00,0,0.00,0,0.00,0.00,0,0,Sebastiaan,0.0,471,184,0,0,0,False,0.0,509,193,333,False,0.0,504,193,,0,Has joined Hamburg SV on loan for the rest of the season,2026-08-19T13:56:14.645970Z,45,470,112,p437738,0,0,,0,,437738.jpg,0.0,524,195,False,0,,0.0,"[{'offset': 0, 'projected_percent': '0.0', 'likelihood': 0}, {'offset': 1, 'projected_percent': '0.0', 'likelihood': 0}, {'offset': 2, 'projected_percent': '0.0', 'likelihood': 0}]",0,0,21,False,0,0,,[],Bornauw,0.0,656,216,False,,0,0,u,0,13,2,2025-07-01,0.0,453,184,0,0,0,304,0,0.0,0.0,Bornauw,0
1,2003-02-28,0,105,True,True,,,2,0.33,63,522047,,,0,0,0,0,13.6,255,92,68,11.33,,,0,2,5.0,5.0,2,0.05,0.01,0.54,0.09,0.49,8.79,1.46,0.08,Tarik,5.0,39,17,5,0.83,0,False,20.2,86,25,334,False,147.4,19,4,,540,,,50,308,51,p522047,0,0,,0,,522047.jpg,4.8,60,26,False,-58,,40.8,"[{'offset': 0, 'projected_percent': '40.7', 'likelihood': 3}, {'offset': 1, 'projected_percent': '39.8', 'likelihood': 2}, {'offset': 2, 'projected_percent': '38.8', 'likelihood': 2}]",19,0,27,False,0,0.0,,[],Muharemović,4.5,78,29,False,,6,1.0,a,5,13,2,2026-07-17,41.0,119,30,29,372860,1253,221185,2337,1.0,5.8,Muharemović,1
0,1998-11-15,3,102,True,True,,,3,0.5,28,466525,1,,0,0,0,0,93.3,45,38,68,11.4,1,,1,3,3.3,3.3,2,0.36,0.06,1.42,0.24,1.06,8.50,1.42,0.18,Anton,3.3,90,34,4,0.67,1,False,26.5,45,34,335,False,116.4,47,17,,537,,,60,72,48,p466525,0,0,,0,,466525.jpg,4.8,64,26,False,-12,,11.5,"[{'offset': 0, 'projected_percent': '11.5', 'likelihood': 1}, {'offset': 1, 'projected_percent': '11.3', 'likelihood': 1}, {'offset': 2, 'projected_percent': '11.1', 'likelihood': 1}]",24,0,80,False,0,0.0,,[],Stach,2.4,115,36,False,,6,1.01,a,16,13,2,2025-07-22,55.0,87,52,29,208904,1163,184980,1432,0.6,4.8,Stach,0
0,2000-05-24,1,86,True,True,,,3,0.73,3,435997,,,0,0,-2,2,41.4,152,97,20,4.88,,,0,3,4.7,4.7,2,0.28,0.07,0.51,0.13,0.23,3.50,0.85,0.06,Noah,4.7,54,18,3,0.73,1,False,14.8,148,75,336,False,67.0,140,47,,369,,,58,102,64,p435997,0,0,,0,,435997.jpg,3.3,129,50,False,9,,0.5,"[{'offset': 0, 'projected_percent': '0.5', 'likelihood': 1}, {'offset': 1, 'projected_percent': '0.6', 'likelihood': 1}, {'offset': 2, 'projected_percent': '0.8', 'likelihood': 1}]",10,0,207,False,0,0.0,,[],Okafor,0.4,274,90,False,,5,1.22,a,7,13,2,2025-08-21,40.0,124,69,20,30361,749,41035,322,0.8,3.4,Okafor,0
0,2000-10-22,0,37,True,True,,,1,0.42,2,427637,,,0,0,-2,2,3.7,318,161,18,7.61,4,,0,3,1.0,1.0,1,0.02,0.01,0.03,0.01,0.01,4.98,2.1,0.0,Brenden,1.0,235,109,3,1.27,0,False,2.5,337,158,337,False,11.8,313,139,,213,,,53,215,134,p427637,0,0,,0,,427637.jpg,1.3,291,132,False,-6,,-16.6,"[{'offset': 0, 'projected_percent': '-16.7', 'likelihood': -1}, {'offset': 1, 'projected_percent': '-19.1', 'likelihood': -1}, {'offset': 2, 'projected_percent': '-21.5', 'likelihood': -2}]",12,0,229,False,0,0.0,,[],Aaronson,0.4,262,85,False,,2,0.85,a,4,13,2,2022-07-01,9.0,264,136,8,7006,34,52053,233,0.2,1.5,Aaronson,0
1,2000-09-14,0,99,True,True,,,2,0.33,29,199598,,,0,0,-1,1,67.1,85,62,68,11.33,,,0,3,4.3,4.3,1,0.30,0.05,0.41,0.07,0.11,8.79,1.46,0.02,Ethan,4.3,62,20,5,0.83,0,False,16.1,122,64,338,False,88.6,100,28,,540,,,54,172,109,p199598,0,0,,0,,199598.jpg,3.7,108,43,False,-6,,-49.8,"[{'offset': 0, 'projected_percent': '-49.9', 'likelihood': -3}, {'offset': 1, 'projected_percent': '-51.0', 'likelihood': -3}, {'offset': 2, 'projected_percent': '-52.1', 'likelihood': -3}]",26,0,244,False,0,0.0,,[],Ampadu,0.9,191,59,False,,6,1.0,a,13,13,2,2023-07-19,5.0,295,153,22,21292,371,68441,487,0.8,4.1,Ampadu,1
0,1997-10-30,0,7,True,True,,,0,0.0,0,180135,3,,0,0,-2,2,0.2,387,194,0,0.0,3,,0,3,0.3,0.3,0,0.00,0.0,0.00,0.0,0.00,0.35,3.15,0.0,Sean,0.3,314,143,1,9.0,0,False,0.0,558,227,339,False,0.0,553,226,,10,,,48,403,244,p180135,0,0,,0,,180135.jpg,1.0,339,148,False,0,,-3.7,"[{'offset': 0, 'projected_percent': '-3.7', 'likelihood': -1}, {'offset': 1, 'projected_percent': '-3.7', 'likelihood': -1}, {'offset': 2, 'projected_percent': '-3.7', 'likelihood': -1}]",0,0,241,False,0,0.0,,[],Longstaff,0.1,442,167,False,,0,0.0,a,0,13,2,2025-07-18,0.0,511,205,2,2790,57,8772,56,0.1,0.4,Longstaff,0
0,2003-11-05,0,0,False,True,0,0,0,0,0,492859,,,0,0,0,0,0.0,613,265,0,0,,,0,3,0.0,0.0,0,0.00,0,0.00,0,0.00,0.00,0,0,Wilfried,0.0,588,250,0,0,0,False,0.0,613,262,341,False,0.0,607,260,,0,Has joined ACF Fiorentina on loan for the rest of the season,2026-09-02T16:04:47.189648Z,50,298,181,p492859,0,0,,0,,492859.jpg,0.0,619,266,False,0,,0.0,"[{'offset': 0, 'projected_percent': '0.0', 'likelihood': 0}, {'offset': 1, 'projected_percent': '0.0', 'likelihood': 0}, {'offset': 2, 'projected_percent': '0.0', 'likelihood': 0}]",0,0,106,False,0,0,,[],Gnonto,0.0,628,267,False,,0,0,u,0,13,2,2022-09-01,0.0,590,251,0,244,0,1860,3,0.0,0.0,Gnonto,0
0,1996-11-20,0,0,False,True,0,0,0,0,0,221399,,,0,0,0,0,0.0,594,258,0,0,,,0,3,0.0,0.0,0,0.00,0,0.00,0,0.00,0.00,0,0,Jack,0.0,572,242,0,0,0,False,0.0,598,255,342,False,0.0,592,253,,0,Has joined New England Revolution permanently,2026-07-28T12:59:09.492431Z,50,263,165,p221399,0,0,,0,,221399.jpg,0.0,604,259,False,0,,0.0,"[{'offset': 0, 'projected_percent': '0.0', 'likelihood': 0}, {'offset': 1, 'projected_percent': '0.0', 'likelihood': 0}, {'offset': 2, 'projected_percent': '0.0', 'likelihood': 0}]",0,0,241,False,0,0,,[],Harrison,0.0,665,297,False,,0,0,u,0,13,2,2021-07-02,0.0,571,244,0,0,0,82,1,0.0,0.0,Harrison,0
0,1997-11-10,0,9,True,True,0,0,0,0.0,1,200617,,,0,0,-1,1,1.3,352,175,5,8.65,,,0,3,0.0,0.0,0,0.01,0.02,0.36,0.63,0.35,1.61,2.79,0.61,Daniel,0.7,261,122,1,1.73,0,False,1.9,351,167,343,False,1.2,394,184,,52,Back injury - Expected back 18 Oct,2026-10-08T14:00:11.803126Z,49,341,206,p200617,0,0,,0,,200617.jpg,1.0,348,153,False,-10,,-43.1,"[{'offset': 0, 'projected_percent': '-43.6', 'likelihood': -3}, {'offset': 1, 'projected_percent': '-51.1', 'likelihood': -3}, {'offset': 2, 'projected_percent': '-58.6', 'likelihood': -3}]",4,0,244,False,0,0.0,https://www.leedsunited.com/en/news/squad-update-farke-on-bahoya-wilson-and-more,[],James,0.1,441,166,False,,0,0.0,i,0,13,2,2021-08-31,19.0,191,104,3,4231,2,9327,172,0.1,0.6,James,0
0,2000-05-06,0,0,True,True,100,100,0,0,0,486520,,,0,0,0,0,0.0,607,261,0,0,,,0,3,0.0,0.0,0,0.00,0,0.00,0,0.00,0.00,0,0,Ilia,0.0,582,246,0,0,0,False,0.0,607,258,344,False,0.0,601,256,,0,,2026-08-14T23:00:06.272027Z,50,289,175,p486520,0,0,,0,,486520.jpg,0.0,613,262,False,0,,0.0,"[{'offset': 0, 'projected_percent': '0.0', 'likelihood': 0}, {'offset': 1, 'projected_percent': '0.0', 'likelihood': 0}, {'offset': 2, 'projected_percent': '0.0', 'likelihood': 0}]",0,0,34,False,0,0,,[],Gruev,0.0,646,281,False,,0,0,a,0,13,2,2023-08-31,0.0,584,247,0,160,3,332,1,0.0,0.0,Gruev,0
2,1998-09-10,0,54,True,True,,,2,0.55,12,248056,4,,0,0,-1,1,18.3,222,121,36,9.97,,,0,3,3.0,3.0,1,0.05,0.01,0.86,0.23,0.81,4.37,1.21,0.22,Tanaka,3.0,96,36,3,0.83,0,False,8.6,227,104,345,False,50.0,195,82,,325,,,49,356,212,p248056,0,0,,0,,248056.jpg,3.0,145,59,False,3,,5.0,"[{'offset': 0, 'projected_percent': '5.0', 'likelihood': 1}, {'offset': 1, 'projected_percent': '5.1', 'likelihood': 1}, {'offset': 2, 'projected_percent': '5.1', 'likelihood': 1}]",14,0,108,False,0,0.0,,[],Ao,0.3,288,98,False,,4,1.11,a,10,13,2,2024-08-30,20.0,189,102,15,25227,315,20306,253,0.6,3.1,Tanaka,2
1,1997-03-16,4,80,True,True,,,3,0.53,11,177815,,,0,0,0,0,29.6,187,21,26,4.6,,,0,4,4.7,4.7,2,0.08,0.01,3.08,0.54,3.00,7.18,1.27,0.53,Dominic,4.7,55,7,4,0.71,2,False,28.2,38,7,346,False,104.0,73,5,,509,,,60,66,15,p177815,0,0,1,0,,177815.jpg,4.0,95,11,False,-88,,13.8,"[{'offset': 0, 'projected_percent': '13.7', 'likelihood': 1}, {'offset': 1, 'projected_percent': '12.2', 'likelihood': 1}, {'offset': 2, 'projected_percent': '10.8', 'likelihood': 1}]",15,0,241,False,0,0.0,,[],Calvert-Lewin,22.8,13,3,False,,6,1.06,a,0,13,2,2025-08-15,153.0,10,5,24,1115522,13977,1656088,19281,0.8,4.0,Calvert-Lewin,3
1,1998-12-14,0,31,True,True,,,0,0.0,0,174594,,,0,0,-1,1,22.4,210,24,6,7.2,,,0,4,1.0,1.0,1,0.15,0.18,0.42,0.5,0.27,4.02,4.82,0.32,Lukas,1.0,238,26,1,1.2,0,False,5.7,278,31,347,False,20.4,284,26,,75,,,54,168,41,p174594,0,0,2,0,,174594.jpg,1.6,270,32,False,-18,,-43.5,"[{'offset': 0, 'projected_percent': '-43.9', 'likelihood': -3}, {'offset': 1, 'projected_percent': '-50.7', 'likelihood': -3}, {'offset': 2, 'projected_percent': '-57.5', 'likelihood': -3}]",5,0,80,False,0,0.0,,[],Nmecha,0.4,259,43,False,,0,0.0,a,1,13,2,2025-07-01,15.0,222,32,8,24048,244,40353,372,0.2,1.5,Nmecha,0
0,1999-08-02,0,0,False,True,0,0,0,0,0,235826,,,0,0,0,0,0.0,599,65,0,0,,,0,4,0.0,0.0,0,0.00,0,0.00,0,0.00,0.00,0,0,Joël,0.0,578,57,0,0,0,False,0.0,603,65,348,False,0.0,597,61,,0,Has joined West Ham United on loan for the rest of the season,2026-08-19T13:56:14.666726Z,50,271,54,p235826,0,0,3,0,,235826.jpg,0.0,609,66,False,-3,,0.0,"[{'offset': 0, 'projected_percent': '0.0', 'likelihood': 0}, {'offset': 1, 'projected_percent': '0.0', 'likelihood': 0}, {'offset': 2, 'projected_percent': '0.0', 'likelihood': 0}]",0,0,203,False,0,0,,[],Piroe,0.1,492,68,False,,0,0,u,0,13,2,2023-08-24,0.0,576,60,0,0,0,11551,33,0.0,0.0,Piroe,0
0,2003-10-19,0,0,True,True,0,0,0,0,0,565297,,,0,0,0,0,0.0,520,55,0,0,,,0,4,0.0,0.0,0,0.00,0,0.00,0,0.00,0.00,0,0,Mateo,0.0,491,48,0,0,0,False,0.0,529,55,349,False,0.0,524,51,,0,Knee injury - Unknown return date,2026-07-29T18:00:10.338170Z,45,501,72,p565297,0,0,,0,,565297.jpg,0.0,542,57,False,-2,,-46.7,"[{'offset': 0, 'projected_percent': '-46.8', 'likelihood': -3}, {'offset': 1, 'projected_percent': '-48.9', 'likelihood': -3}, {'offset': 2, 'projected_percent': '-50.9', 'likelihood': -3}]",0,0,200,False,0,0,,[],Joseph Fernández-Regatillo,0.1,496,69,False,,0,0,i,0,13,2,2022-11-04,0.0,478,50,0,3517,37,4879,52,0.0,0.0,Mateo Joseph,0
0,2002-10-10,5,132,True,True,,,2,0.33,7,432720,,,0,0,0,0,0.0,600,67,0,0.0,,,0,1,5.0,5.0,2,0.01,0.0,0.01,0.0,0.00,8.79,1.46,0.0,James,5.0,38,4,5,0.83,0,False,14.9,143,4,385,False,148.6,18,3,,540,,,50,273,10,p432720,0,0,,0,,432720.jpg,5.0,51,5,False,25,,38.4,"[{'offset': 0, 'projected_percent': '38.4', 'likelihood': 2}, {'offset': 1, 'projected_percent': '38.8', 'likelihood': 2}, {'offset': 2, 'projected_percent': '39.2', 'likelihood': 2}]",69,0,241,False,24,4.0,,[],Trafford,5.6,68,10,False,,6,1.0,a,0,13,2,2026-08-06,0.0,577,66,30,290139,2026,179079,1111,1.0,6.0,Trafford,0
0,1996-09-30,0,56,True,True,,,1,0.22,31,173774,,,0,0,0,0,25.4,196,63,34,7.45,,,0,2,3.0,3.0,1,0.58,0.13,0.70,0.16,0.12,7.36,1.61,0.03,Nico,3.0,95,39,5,1.09,0,False,14.8,145,50,598,False,83.0,110,49,,411,,,45,444,93,p173774,0,0,,0,,173774.jpg,2.8,163,64,False,-2,,0.8,"[{'offset': 0, 'projected_percent': '0.8', 'likelihood': 1}, {'offset': 1, 'projected_percent': '0.7', 'likelihood': 1}, {'offset': 2, 'projected_percent': '0.7', 'likelihood': 1}]",10,0,207,False,0,0.0,,[],Elvedi,0.1,484,172,False,,4,0.88,a,3,13,2,2026-08-19,39.0,126,34,14,6153,20,3138,22,0.7,3.1,Elvedi,0
0,2008-04-08,0,0,True,True,,,0,0,0,643970,,,0,0,0,0,0.0,454,178,0,0,,,0,2,0.0,0.0,0,0.00,0,0.00,0,0.00,0.00,0,0,Jayden,0.0,421,164,0,0,0,False,0.0,468,179,603,False,0.0,463,179,,0,,,40,657,207,p643970,0,0,,0,,643970.jpg,0.0,485,183,False,0,,0.1,"[{'offset': 0, 'projected_percent': '0.1', 'likelihood': 1}, {'offset': 1, 'projected_percent': '0.1', 'likelihood': 1}, {'offset': 2, 'projected_percent': '0.1', 'likelihood': 1}]",0,0,244,False,0,0,,[],Lienou,0.1,414,153,False,,0,0,a,0,13,2,2026-05-10,0.0,399,164,0,7075,15,4223,31,0.0,0.0,Lienou,0
0,2007-07-15,0,0,True,True,,,0,0,0,592740,,,0,0,0,0,0.0,526,218,0,0,,,0,3,0.0,0.0,0,0.00,0,0.00,0,0.00,0.00,0,0,Alfie,0.0,497,192,0,0,0,False,0.0,535,213,604,False,0.0,530,212,,0,,,45,510,267,p592740,0,0,,0,,592740.jpg,0.0,548,223,False,-5,,-21.6,"[{'offset': 0, 'projected_percent': '-22.0', 'likelihood': -2}, {'offset': 1, 'projected_percent': '-29.1', 'likelihood': -2}, {'offset': 2, 'projected_percent': '-36.3', 'likelihood': -2}]",0,0,241,False,0,0,,[],Cresswell,0.1,381,138,False,,0,0,a,0,13,2,2026-05-16,0.0,484,190,0,14416,52,8429,73,0.0,0.0,Cresswell,0
0,1993-01-04,0,0,True,True,,,0,0,0,97846,,,0,0,0,0,0.0,407,13,0,0,,,0,1,0.0,0.0,0,0.00,0,0.00,0,0.00,0.00,0,0,Alex,0.0,371,29,0,0,0,False,0.0,423,32,625,False,0.0,419,32,,0,,,40,595,56,p97846,0,0,,0,,97846.jpg,0.0,442,32,False,1,,0.4,"[{'offset': 0, 'projected_percent': '0.4', 'likelihood': 1}, {'offset': 1, 'projected_percent': '0.4', 'likelihood': 1}, {'offset': 2, 'projected_percent': '0.4', 'likelihood': 1}]",0,0,241,False,0,0,,[],Cairns,0.2,325,39,False,,0,0,a,0,13,2,2024-07-08,0.0,351,8,0,20666,44,6396,37,0.0,0.0,Cairns,0
0,1995-07-12,0,0,True,True,,,0,0,0,155465,,,0,0,0,0,0.0,410,15,0,0,,,0,1,0.0,0.0,0,0.00,0,0.00,0,0.00,0.00,0,0,Michael,0.0,374,31,0,0,0,False,0.0,426,34,629,False,0.0,422,34,,0,,,40,598,58,p155465,0,0,,0,,155465.jpg,0.0,445,34,False,10,,2.6,"[{'offset': 0, 'projected_percent': '2.6', 'likelihood': 1}, {'offset': 1, 'projected_percent': '2.7', 'likelihood': 1}, {'offset': 2, 'projected_percent': '2.9', 'likelihood': 1}]",0,0,80,False,0,0,,[],Zetterer,0.7,218,32,False,,0,0,a,0,13,2,2026-08-29,0.0,354,10,0,61661,280,15662,155,0.0,0.0,Zetterer,0
0,2000-11-06,0,1,True,True,,,0,0.0,1,437497,,,0,0,0,0,10.3,279,100,2,10.0,,,0,2,0.3,0.3,0,0.00,0.0,0.00,0.0,0.00,0.30,1.5,0.0,Melvin,0.3,309,112,1,5.0,0,False,1.5,361,126,641,False,4.4,365,136,,18,,,45,469,111,p437497,0,0,,0,,437497.jpg,1.0,332,127,False,0,,0.1,"[{'offset': 0, 'projected_percent': '0.1', 'likelihood': 1}, {'offset': 1, 'projected_percent': '0.1', 'likelihood': 1}, {'offset': 2, 'projected_percent': '0.1', 'likelihood': 1}]",2,0,73,False,0,0.0,,[],Bard,0.0,614,209,False,,0,0.0,a,1,13,2,2026-09-01,0.0,452,183,1,1042,13,408,7,0.1,0.2,Bard,0
0,2005-05-07,0,8,True,True,100,75,0,0.0,0,587982,,,0,0,0,0,0.3,382,191,0,0.0,,,0,3,0.7,0.5,1,0.00,0.0,0.00,0.0,0.00,0.41,7.38,0.0,Jean-Mattéo,0.7,269,126,0,0.0,0,False,0.1,405,190,648,False,1.0,397,186,,5,,2026-10-08T14:00:12.276121Z,50,318,194,p587982,0,0,,0,,587982.jpg,1.0,369,168,False,-1,,-149.9,"[{'offset': 0, 'projected_percent': '-151.0', 'likelihood': -5}, {'offset': 1, 'projected_percent': '-168.2', 'likelihood': -5}, {'offset': 2, 'projected_percent': '-185.5', 'likelihood': -5}]",0,0,73,False,0,0.0,,[],Bahoya,0.0,600,252,False,,0,0.0,a,0,13,2,2026-09-01,0.0,601,258,2,2269,3,1346,21,0.1,0.4,Bahoya,0
0,1992-10-02,5,96,True,True,,,3,0.6,10,116535,,,0,0,0,0,0.0,641,72,0,0.0,,,0,1,5.7,5.7,0,0.00,0.0,0.00,0.0,0.00,6.12,1.22,0.0,Alisson,5.7,24,3,4,0.8,0,False,9.9,211,16,350,False,99.2,79,15,Alisson Becker,450,,,55,128,3,p116535,0,0,,0,,116535.jpg,5.4,41,3,False,9,,1.1,"[{'offset': 0, 'projected_percent': '1.1', 'likelihood': 1}, {'offset': 1, 'projected_percent': '1.2', 'likelihood': 1}, {'offset': 2, 'projected_percent': '1.4', 'likelihood': 1}]",47,0,30,False,14,2.8,,[],Becker,4.2,81,12,False,,5,1.0,a,0,14,14,2018-07-19,0.0,628,71,27,162202,1664,160075,794,1.0,4.9,A.Becker,1
0,2000-09-29,0,0,True,True,,,0,0,0,449027,,,0,0,-2,2,0.0,553,55,0,0,,,0,1,0.0,0.0,0,0.00,0,0.00,0,0.00,0.00,0,0,Giorgi,0.0,526,65,0,0,0,False,0.0,563,67,351,False,0.0,558,67,,0,,,48,411,21,p449027,0,0,,0,,449027.jpg,0.0,574,67,False,2,,-1.0,"[{'offset': 0, 'projected_percent': '-0.8', 'likelihood': -1}, {'offset': 1, 'projected_percent': '0.0', 'likelihood': 0}, {'offset': 2, 'projected_percent': '0.1', 'likelihood': 1}]",0,0,79,False,0,0,,[],Mamardashvili,0.1,382,42,False,,0,0,a,0,14,14,2024-08-27,0.0,516,53,0,3002,27,8919,32,0.0,0.0,Mamardashvili,0
0,1997-03-04,0,0,True,True,,,0,0,0,155503,,,0,0,0,0,0.0,411,16,0,0,,,0,1,0.0,0.0,0,0.00,0,0.00,0,0.00,0.00,0,0,Freddie,0.0,375,32,0,0,0,False,0.0,427,35,352,False,0.0,423,35,,0,,,40,599,59,p155503,0,0,,0,,155503.jpg,0.0,446,35,False,-9,,-38.0,"[{'offset': 0, 'projected_percent': '-38.1', 'likelihood': -2}, {'offset': 1, 'projected_percent': '-39.6', 'likelihood': -2}, {'offset': 2, 'projected_percent': '-41.1', 'likelihood': -3}]",0,0,241,False,0,0,,[],Woodman,1.0,177,27,False,,0,0,a,0,14,14,2025-07-01,0.0,355,11,0,19223,96,29188,148,0.0,0.0,Woodman,0
0,,0,0,False,True,0,0,0,0,0,586268,,,0,0,0,0,0.0,449,30,0,0,,,0,1,0.0,0.0,0,0.00,0,0.00,0,0.00,0.00,0,0,Armin,0.0,416,46,0,0,0,False,0.0,463,49,353,False,0.0,458,49,,0,Has joined TSV Hartberg on loan for the rest of the season,2026-08-18T14:11:18.638344Z,40,651,73,p586268,0,0,,0,,586268.jpg,0.0,480,49,False,-1,,0.0,"[{'offset': 0, 'projected_percent': '0.0', 'likelihood': 0}, {'offset': 1, 'projected_percent': '0.0', 'likelihood': 0}, {'offset': 2, 'projected_percent': '0.0', 'likelihood': 0}]",0,0,,False,0,0,,[],Pecsi,0.0,581,69,False,,0,0,u,0,14,14,,0.0,394,25,0,0,0,1144,1,0.0,0.0,Pecsi,0
0,2001-07-23,0,0,True,True,0,0,0,0,0,432987,,,0,0,0,0,0.0,422,22,0,0,,,0,1,0.0,0.0,0,0.00,0,0.00,0,0.00,0.00,0,0,Vitezslav,0.0,385,38,0,0,0,False,0.0,436,41,354,False,0.0,431,41,,0,Knee injury - Unknown return date,2026-07-29T18:00:10.351066Z,40,615,65,p432987,0,0,,0,,432987.jpg,0.0,454,41,False,0,,0.1,"[{'offset': 0, 'projected_percent': '0.1', 'likelihood': 1}, {'offset': 1, 'projected_percent': '0.1', 'likelihood': 1}, {'offset': 2, 'projected_percent': '0.1', 'likelihood': 1}]",0,0,57,False,0,0,https://www.liverpoolfc.com/news/ajax-issue-vitezslav-jaros-injury-update,[],Jaros,0.0,569,67,False,,0,0,i,0,14,14,2019-07-10,0.0,366,17,0,1958,15,1382,6,0.0,0.0,Jaros,0
0,2003-09-03,0,0,True,True,,,0,0,0,464353,,,0,0,0,0,0.0,427,25,0,0,,,0,1,0.0,0.0,0,0.00,0,0.00,0,0.00,0.00,0,0,Harvey,0.0,392,41,0,0,0,False,0.0,441,44,355,False,0.0,436,44,,0,,,40,624,68,p464353,0,0,,0,,464353.jpg,0.0,459,44,False,0,,0.1,"[{'offset': 0, 'projected_percent': '0.1', 'likelihood': 1}, {'offset': 1, 'projected_percent': '0.1', 'likelihood': 1}, {'offset': 2, 'projected_percent': '0.1', 'likelihood': 1}]",0,0,241,False,0,0,,[],Davies,0.2,366,41,False,,0,0,a,0,14,14,2021-03-09,0.0,371,20,0,5094,34,4562,31,0.0,0.0,Davies,0
0,1991-07-08,0,96,True,True,,,3,0.6,43,97032,,,0,0,0,0,22.3,214,71,48,9.6,,,0,2,5.3,5.3,0,0.08,0.02,0.33,0.07,0.25,6.12,1.22,0.05,Virgil,5.3,33,13,4,0.8,0,False,17.4,114,37,356,False,125.0,36,15,,450,,,65,34,2,p97032,0,0,,0,,97032.jpg,5.0,54,22,False,19,,-69.4,"[{'offset': 0, 'projected_percent': '-69.3', 'likelihood': -3}, {'offset': 1, 'projected_percent': '-69.1', 'likelihood': -3}, {'offset': 2, 'projected_percent': '-68.9', 'likelihood': -3}]",18,0,152,False,0,0.0,,[],van Dijk,16.0,26,9,False,,5,1.0,a,5,14,14,2018-01-01,26.0,164,49,25,307136,3334,673317,3315,0.8,3.8,Virgil,1
0,2000-12-10,0,24,True,True,,,0,0.0,8,216094,,,0,0,-2,2,76.5,65,10,12,6.07,,,0,2,0.3,0.3,0,0.23,0.12,0.24,0.13,0.01,3.91,1.98,0.01,Jeremie,0.3,335,120,4,2.02,0,False,13.2,168,59,357,False,39.4,219,87,,178,,,53,209,28,p216094,0,0,,0,,216094.jpg,0.7,420,147,False,-26,,-70.7,"[{'offset': 0, 'projected_percent': '-70.9', 'likelihood': -3}, {'offset': 1, 'projected_percent': '-73.5', 'likelihood': -3}, {'offset': 2, 'projected_percent': '-76.1', 'likelihood': -3}]",7,0,152,False,0,0.0,,[],Frimpong,1.7,134,53,False,,2,1.01,a,4,14,14,2025-06-01,16.0,211,65,2,60004,241,258032,827,0.1,0.4,Frimpong,1
0,2003-11-07,0,63,True,True,,,2,0.47,22,544877,,,0,0,-2,2,47.3,129,34,30,7.01,,,0,2,2.3,2.3,0,0.08,0.02,0.15,0.04,0.07,5.65,1.32,0.02,Milos,2.3,137,51,4,0.94,0,False,13.7,160,56,358,False,75.4,122,55,,385,,,53,229,32,p544877,0,0,,0,,544877.jpg,2.6,184,71,False,-18,,-6.7,"[{'offset': 0, 'projected_percent': '-6.8', 'likelihood': -1}, {'offset': 1, 'projected_percent': '-8.2', 'likelihood': -1}, {'offset': 2, 'projected_percent': '-9.7', 'likelihood': -1}]",10,0,98,False,0,0.0,,[],Kerkez,2.1,123,49,False,,4,0.94,a,8,14,14,2025-06-26,14.0,227,74,13,49701,270,203476,802,0.4,2.5,Kerkez,2
0,1997-05-23,0,0,True,True,100,100,0,0,0,171287,,,0,0,-1,1,0.0,559,204,0,0,,,0,2,0.0,0.0,0,0.00,0,0.00,0,0.00,0.00,0,0,Joe,0.0,535,199,0,0,0,False,0.0,568,205,359,False,0.0,563,205,,0,,2026-07-26T08:30:10.078473Z,49,338,56,p171287,0,0,,0,,171287.jpg,0.0,579,206,False,2,,0.1,"[{'offset': 0, 'projected_percent': '0.1', 'likelihood': 1}, {'offset': 1, 'projected_percent': '0.1', 'likelihood': 1}, {'offset': 2, 'projected_percent': '0.2', 'likelihood': 1}]",0,0,241,False,0,0,,[],Gomez,0.0,556,190,False,,0,0,a,0,14,14,2015-06-20,0.0,526,201,0,946,34,1233,16,0.0,0.0,Gomez,0
0,2003-07-09,0,0,True,True,0,0,0,0,0,492777,,,0,0,0,0,0.0,612,212,0,0,,,0,2,0.0,0.0,0,0.00,0,0.00,0,0.00,0.00,0,0,Conor,0.0,587,207,0,0,0,False,0.0,612,212,360,False,0.0,606,212,,0,Knee injury - Unknown return date,2026-07-23T12:01:23.565711Z,50,297,49,p492777,0,0,,0,,492777.jpg,0.0,618,213,False,0,,-103.1,"[{'offset': 0, 'projected_percent': '-103.1', 'likelihood': -5}, {'offset': 1, 'projected_percent': '-103.1', 'likelihood': -5}, {'offset': 2, 'projected_percent': '-103.1', 'likelihood': -5}]",0,0,242,False,0,0,https://www.liverpoolfc.com/news/fitness-latest-joe-gomez-return-update-conor-bradley,[],Bradley,0.0,610,206,False,,0,0,i,0,14,14,2023-09-25,0.0,589,209,0,402,4,852,9,0.0,0.0,Bradley,0
0,,0,0,True,True,,,0,0,0,519440,,,0,0,0,0,0.0,436,161,0,0,,,0,2,0.0,0.0,0,0.00,0,0.00,0,0.00,0.00,0,0,Wellity,0.0,402,146,0,0,0,False,0.0,450,162,361,False,0.0,445,162,,0,,,40,634,185,p519440,0,0,,0,,519440.jpg,0.0,468,167,False,-1,,-66.3,"[{'offset': 0, 'projected_percent': '-66.4', 'likelihood': -3}, {'offset': 1, 'projected_percent': '-68.1', 'likelihood': -3}, {'offset': 2, 'projected_percent': '-69.8', 'likelihood': -3}]",0,0,,False,0,0,,[],Lucky,0.1,394,148,False,,0,0,a,0,14,14,,0.0,380,146,0,4027,30,6166,41,0.0,0.0,Lucky,0
0,2005-07-13,3,112,True,True,100,100,3,0.65,25,606702,,,0,0,0,0,44.5,139,37,36,7.81,,,0,2,5.0,5.0,0,0.14,0.03,0.14,0.03,0.00,5.51,1.19,0.0,Jeremy,5.0,40,18,4,0.87,0,False,15.5,134,45,362,False,106.2,65,29,,415,,2026-10-06T00:30:10.323830Z,50,319,53,p606702,0,0,,0,,606702.jpg,4.8,61,27,False,82,,64.2,"[{'offset': 0, 'projected_percent': '64.3', 'likelihood': 3}, {'offset': 1, 'projected_percent': '65.6', 'likelihood': 3}, {'offset': 2, 'projected_percent': '67.0', 'likelihood': 3}]",21,0,73,False,0,0.0,,[],Jacquet,3.6,95,35,False,,5,1.08,a,11,14,14,2026-07-01,4.0,310,114,24,268373,4107,152152,969,1.0,4.8,Jacquet,1
0,2006-12-21,0,0,True,True,0,0,0,0,0,647681,,,0,0,0,0,0.0,455,179,0,0,,,0,2,0.0,0.0,0,0.00,0,0.00,0,0.00,0.00,0,0,Giovanni,0.0,422,165,0,0,0,False,0.0,469,180,363,False,0.0,464,180,,0,Knee injury - Unknown return date,2026-07-23T12:01:23.596909Z,40,658,208,p647681,0,0,,0,,647681.jpg,0.0,486,184,False,0,,-74.7,"[{'offset': 0, 'projected_percent': '-74.7', 'likelihood': -3}, {'offset': 1, 'projected_percent': '-74.7', 'likelihood': -3}, {'offset': 2, 'projected_percent': '-74.7', 'likelihood': -3}]",0,0,106,False,0,0,https://www.liverpoolfc.com/news/liverpools-injury-list-suspensions-and-availability?utm_source=premier-league-web&utm_medium=referral&utm_campaign=pl-referral-always-on&utm_term=injuries&utm_content=club-injury-article,[],Leoni,0.0,538,186,False,,0,0,i,0,14,14,2025-08-15,0.0,400,165,0,911,7,2276,16,0.0,0.0,Leoni,0
0,1996-05-12,0,6,True,True,,,0,0.0,2,214285,4,,0,0,-1,1,2.9,323,115,3,4.22,,,0,2,0.3,0.3,0,0.02,0.03,0.06,0.09,0.04,0.47,0.66,0.06,Kostas,0.3,317,115,0,0.0,0,False,1.8,352,123,364,False,6.4,352,130,,64,,,49,346,58,p214285,0,0,,0,,214285.jpg,1.0,349,135,False,0,,-68.6,"[{'offset': 0, 'projected_percent': '-68.6', 'likelihood': -3}, {'offset': 1, 'projected_percent': '-68.6', 'likelihood': -3}, {'offset': 2, 'projected_percent': '-68.6', 'likelihood': -3}]",3,0,83,False,0,0.0,,[],Tsimikas,0.1,454,165,False,,1,1.41,a,1,14,14,2020-08-10,9.0,261,91,2,1661,7,4631,26,0.1,0.4,Tsimikas,0
0,2003-07-31,0,0,False,True,0,0,0,0,0,489580,,,0,0,0,0,0.0,431,158,0,0,,,0,2,0.0,0.0,0,0.00,0,0.00,0,0.00,0.00,0,0,Calvin,0.0,396,142,0,0,0,False,0.0,445,159,365,False,0.0,440,159,,0,Has joined St Mirren on loan for the rest of the season,2026-08-26T14:05:26.748768Z,40,628,181,p489580,0,0,,0,,489580.jpg,0.0,463,164,False,-1,,0.0,"[{'offset': 0, 'projected_percent': '0.0', 'likelihood': 0}, {'offset': 1, 'projected_percent': '0.0', 'likelihood': 0}, {'offset': 2, 'projected_percent': '0.0', 'likelihood': 0}]",0,0,243,False,0,0,,[],Ramsay,0.1,434,158,False,,0,0,u,0,14,14,2022-06-19,0.0,375,143,0,638,0,13141,41,0.0,0.0,Ramsay,0
2,2003-05-03,0,92,True,True,,,3,0.67,3,494595,2,,0,0,-2,2,147.3,16,15,36,8.06,2,,0,3,3.0,3.0,0,0.40,0.09,1.40,0.31,1.00,4.82,1.08,0.22,Florian,3.0,103,42,4,0.9,0,False,31.4,29,20,366,False,65.0,147,52,,402,,,73,22,14,p494595,0,0,4,0,,494595.jpg,3.6,112,45,False,6,,-68.2,"[{'offset': 0, 'projected_percent': '-68.2', 'likelihood': -3}, {'offset': 1, 'projected_percent': '-68.0', 'likelihood': -3}, {'offset': 2, 'projected_percent': '-67.8', 'likelihood': -3}]",25,0,80,False,0,0.0,,[],Wirtz,5.4,73,24,False,,5,1.12,a,8,14,14,2025-06-20,101.0,33,18,18,150023,1759,821001,1859,0.4,2.5,Wirtz,1
3,1999-05-07,5,113,True,True,0,0,2,0.49,9,243298,3,,0,0,2,-2,148.8,14,13,32,7.78,,,2,3,0.0,0.0,0,1.71,0.42,2.35,0.58,0.64,5.51,1.34,0.16,Cody,1.3,221,104,4,0.97,1,False,35.2,20,16,367,False,133.4,28,12,,370,Ankle injury - Unknown return date,2026-09-27T21:30:07.786183Z,72,23,15,p243298,0,0,3,0,,243298.jpg,6.4,18,7,False,-1968,,-85.8,"[{'offset': 0, 'projected_percent': '-86.5', 'likelihood': -3}, {'offset': 1, 'projected_percent': '-100.0', 'likelihood': -5}, {'offset': 2, 'projected_percent': '-113.4', 'likelihood': -5}]",15,0,152,False,0,0.0,https://www.liverpoolfc.com/news/andoni-iraola-liverpool-manchester-city-press-conference-premier-league,[],Gakpo,9.0,39,14,False,,4,0.97,i,8,14,14,2023-01-01,70.0,63,38,32,1342064,208,1090845,50851,0.2,4.4,Gakpo,0
0,2000-10-25,1,103,True,True,,,3,0.61,13,424876,1,,0,0,-1,1,178.0,6,6,41,8.39,1,,0,3,1.7,1.7,0,0.82,0.17,2.24,0.46,1.42,5.99,1.23,0.29,Dominik,1.7,193,91,4,0.82,1,False,34.4,21,17,368,False,108.8,60,21,,440,,,69,29,18,p424876,0,0,1,0,,424876.jpg,4.0,97,38,False,-196,,-10.0,"[{'offset': 0, 'projected_percent': '-10.1', 'likelihood': -1}, {'offset': 1, 'projected_percent': '-11.2', 'likelihood': -1}, {'offset': 2, 'projected_percent': '-12.3', 'likelihood': -1}]",22,0,98,False,0,0.0,,[],Szoboszlai,30.1,9,4,False,,5,1.02,a,6,14,14,2023-07-02,57.0,80,48,20,980384,7372,2028492,12270,0.2,2.9,Szoboszlai,1
0,2008-08-29,0,13,True,True,,,0,0.0,1,611922,,,0,0,-3,3,8.1,284,142,4,3.64,,,0,3,0.3,0.3,0,0.05,0.05,0.20,0.19,0.15,0.68,0.62,0.14,Rio,0.3,351,166,2,1.82,0,False,2.1,347,164,369,False,4.4,366,171,,99,,,57,120,77,p611922,0,0,,0,,611922.jpg,1.3,296,137,False,-10,,-19.6,"[{'offset': 0, 'projected_percent': '-19.8', 'likelihood': -1}, {'offset': 1, 'projected_percent': '-23.5', 'likelihood': -2}, {'offset': 2, 'projected_percent': '-27.2', 'likelihood': -2}]",2,0,241,False,0,0.0,,[],Ngumoha,0.4,261,84,False,,1,0.91,a,1,14,14,2024-12-17,11.0,251,131,4,15639,187,92683,220,0.1,0.7,Ngumoha,0
0,1997-10-25,0,0,True,True,25,25,0,0,0,223541,,,0,0,-2,2,0.0,630,274,0,0,,,0,3,0.0,0.0,0,0.00,0,0.00,0,0.00,0.00,0,0,Federico,0.0,608,262,0,0,0,False,0.0,630,271,370,False,0.0,624,269,,0,Back injury - 25% chance of playing,2026-08-27T13:30:07.598926Z,53,210,130,p223541,0,0,,0,,223541.jpg,0.0,636,275,False,0,2026-10-17T15:30:10.016825Z,0.0,"[{'offset': 0, 'projected_percent': '0.0', 'likelihood': 0}, {'offset': 1, 'projected_percent': '0.0', 'likelihood': 0}, {'offset': 2, 'projected_percent': '0.0', 'likelihood': 0}]",0,0,106,False,0,0,https://www.liverpoolfc.com/news/lfc-fitness-update-alexander-isak-cody-gakpo-federico-chiesa-and-jeremy-jacquet,[],Chiesa,0.0,508,201,False,,0,0,d,0,14,14,2024-08-29,0.0,611,263,0,687,1,10212,18,0.0,0.0,Chiesa,0
1,2002-05-16,0,51,True,True,,,0,0.0,10,441266,,,0,0,-2,2,42.7,145,92,25,11.84,,,0,3,0.7,0.7,0,0.08,0.04,0.18,0.09,0.10,2.02,0.96,0.05,Ryan,0.7,282,134,2,0.95,0,False,9.9,212,100,371,False,50.6,194,81,,190,,,58,104,66,p441266,0,0,,0,,441266.jpg,1.8,259,114,False,-10,,-18.7,"[{'offset': 0, 'projected_percent': '-18.8', 'likelihood': -1}, {'offset': 1, 'projected_percent': '-20.5', 'likelihood': -2}, {'offset': 2, 'projected_percent': '-22.1', 'likelihood': -2}]",11,0,152,False,0,0.0,,[],Gravenberch,1.0,173,55,False,,2,0.95,a,4,14,14,2023-09-01,6.0,292,150,9,36946,291,136177,455,0.1,1.6,Gravenberch,0
0,1998-12-24,0,59,True,True,,,2,0.59,11,243016,,,0,0,-1,1,50.8,114,76,41,12.06,,,0,3,2.0,2.0,0,0.49,0.14,0.59,0.17,0.10,4.85,1.43,0.03,Alexis,2.0,154,67,2,0.59,0,False,13.5,162,83,372,False,58.2,169,65,,306,,,54,179,113,p243016,0,0,5,0,,243016.jpg,2.2,223,98,False,0,,-59.1,"[{'offset': 0, 'projected_percent': '-59.1', 'likelihood': -3}, {'offset': 1, 'projected_percent': '-59.1', 'likelihood': -3}, {'offset': 2, 'projected_percent': '-59.1', 'likelihood': -3}]",19,0,10,False,0,0.0,,[],Mac Allister,1.3,161,49,False,,3,0.88,a,11,14,14,2023-06-14,26.0,163,87,11,48884,568,103067,539,0.4,2.0,Mac Allister,1
0,2001-01-30,0,0,False,True,0,0,0,0,0,206915,,,0,0,0,0,0.0,646,281,0,0,,,0,3,0.0,0.0,0,0.00,0,0.00,0,0.00,0.00,0,0,Curtis,0.0,632,275,0,0,0,False,0.0,645,280,373,False,0.0,640,279,,0,Has joined Internazionale permanently,2026-08-16T18:30:07.426408Z,55,138,83,p206915,0,0,,0,,206915.jpg,0.0,647,282,False,0,,0.0,"[{'offset': 0, 'projected_percent': '0.0', 'likelihood': 0}, {'offset': 1, 'projected_percent': '0.0', 'likelihood': 0}, {'offset': 2, 'projected_percent': '0.0', 'likelihood': 0}]",0,0,241,False,0,0,,[],Jones,0.0,567,235,False,,0,0,u,0,14,14,2018-04-06,0.0,633,274,0,34,0,2699,6,0.0,0.0,C.Jones,0
0,1993-02-09,0,0,True,True,100,100,0,0,0,158983,,,0,0,-1,1,0.0,558,236,0,0,,,0,3,0.0,0.0,0,0.00,0,0.00,0,0.00,0.00,0,0,Endo,0.0,534,215,0,0,0,False,0.0,567,232,374,False,0.0,562,231,,0,,2026-07-23T12:01:23.612529Z,49,336,203,p158983,0,0,,0,,158983.jpg,0.0,578,241,False,0,,-77.2,"[{'offset': 0, 'projected_percent': '-77.2', 'likelihood': -3}, {'offset': 1, 'projected_percent': '-77.2', 'likelihood': -3}, {'offset': 2, 'projected_percent': '-77.2', 'likelihood': -3}]",0,0,108,False,0,0,,[],Wataru,0.1,478,187,False,,0,0,a,0,14,14,2023-08-18,0.0,525,213,0,2396,14,4982,25,0.0,0.0,Endo,0
0,2007-06-30,0,9,True,True,,,0,0.0,6,591386,,,0,0,-2,2,2.9,322,163,10,23.68,,,0,3,0.3,0.3,0,0.00,0.0,0.00,0.0,0.00,0.36,0.85,0.0,Trey,0.3,315,144,0,0.0,0,False,1.9,350,166,375,False,16.2,296,126,,38,,,48,419,255,p591386,0,0,,0,,591386.jpg,1.0,345,151,False,0,,0.0,"[{'offset': 0, 'projected_percent': '0.0', 'likelihood': 0}, {'offset': 1, 'projected_percent': '0.0', 'likelihood': 0}, {'offset': 2, 'projected_percent': '0.0', 'likelihood': 0}]",2,0,241,False,0,0.0,,[],Nyoni,0.0,515,205,False,,0,0.0,a,2,14,14,2023-11-11,0.0,518,209,3,1450,24,3254,21,0.1,0.6,Nyoni,0
0,2004-10-22,0,0,False,True,0,0,0,0,0,535928,,,0,0,0,0,0.0,619,268,0,0,,,0,3,0.0,0.0,0,0.00,0,0.00,0,0.00,0.00,0,0,Stefan,0.0,595,254,0,0,0,False,0.0,619,265,376,False,0.0,613,263,,0,Has joined Celta Vigo permanently,2026-07-23T12:01:23.628373Z,50,310,188,p535928,0,0,,0,,535928.jpg,0.0,625,269,False,0,,0.0,"[{'offset': 0, 'projected_percent': '0.0', 'likelihood': 0}, {'offset': 1, 'projected_percent': '0.0', 'likelihood': 0}, {'offset': 2, 'projected_percent': '0.0', 'likelihood': 0}]",0,0,200,False,0,0,https://www.liverpoolfc.com/news/liverpools-injury-list-suspensions-and-availability?utm_source=premier-league-web&utm_medium=referral&utm_campaign=pl-referral-always-on&utm_term=injuries&utm_content=club-injury-article,[],Bajčetić Maquieira,0.0,663,295,False,,0,0,u,0,14,14,2022-07-11,0.0,596,254,0,19,0,108,0,0.0,0.0,Bajcetic,0
1,2003-07-13,0,60,True,True,,,1,0.35,5,551499,,,0,0,0,0,42.4,147,93,16,5.6,,,0,3,0.7,0.7,0,0.31,0.11,0.83,0.29,0.52,4.63,1.62,0.18,Victor,0.7,290,138,2,0.7,1,False,18.5,103,55,377,False,56.2,173,68,,257,,,65,43,29,p551499,0,0,,0,,551499.jpg,3.0,161,71,False,-1,,3.8,"[{'offset': 0, 'projected_percent': '3.8', 'likelihood': 1}, {'offset': 1, 'projected_percent': '3.8', 'likelihood': 1}, {'offset': 2, 'projected_percent': '3.8', 'likelihood': 1}]",8,0,200,False,0,0.0,,[],Munoz,0.8,196,60,False,,3,1.05,a,3,14,14,2026-06-18,86.0,42,25,15,120334,400,111572,582,0.1,2.3,Munoz,1
0,2004-09-13,0,0,True,True,,,0,0,0,491501,,,0,0,-1,1,0.0,467,203,0,0,,,0,3,0.0,0.0,0,0.00,0,0.00,0,0.00,0.00,0,0,James,0.0,440,176,0,0,0,False,0.0,480,198,378,False,0.0,475,197,,0,,,44,563,290,p491501,0,0,,0,,491501.jpg,0.0,496,208,False,-4,,-13.1,"[{'offset': 0, 'projected_percent': '-13.2', 'likelihood': -1}, {'offset': 1, 'projected_percent': '-15.8', 'likelihood': -1}, {'offset': 2, 'projected_percent': '-18.5', 'likelihood': -1}]",0,0,241,False,0,0,,[],McConnell,0.2,314,108,False,,0,0,a,0,14,14,2023-07-18,0.0,417,175,0,7244,49,13808,91,0.0,0.0,McConnell,0
0,1999-09-21,8,133,True,True,0,0,3,0.65,3,219168,,,0,0,1,-1,47.5,128,11,7,1.53,,,1,4,0.0,0.0,0,0.08,0.02,3.62,0.79,3.54,5.82,1.27,0.77,Alexander,3.3,93,12,4,0.87,4,False,40.0,12,2,379,False,146.2,21,3,,413,Thigh injury - Unknown return date,2026-09-27T10:30:09.051435Z,91,5,2,p219168,0,0,2,0,,219168.jpg,6.6,17,3,False,-2989,,-128.1,"[{'offset': 0, 'projected_percent': '-129.1', 'likelihood': -5}, {'offset': 1, 'projected_percent': '-146.9', 'likelihood': -5}, {'offset': 2, 'projected_percent': '-164.6', 'likelihood': -5}]",3,0,206,False,0,0.0,https://www.liverpoolfc.com/news/andoni-iraola-liverpool-manchester-city-press-conference-premier-league,[],Isak,16.2,25,5,False,,5,1.09,i,1,14,14,2025-09-01,207.0,4,3,33,1260706,686,1433731,75654,0.4,3.6,Isak,1
0,2002-06-20,0,0,True,True,0,0,0,0,0,510663,,,0,0,-1,1,0.0,665,78,0,0,,,0,4,0.0,0.0,0,0.00,0,0.00,0,0.00,0.00,0,0,Hugo,0.0,661,77,0,0,0,False,0.0,665,78,380,False,0.0,665,78,,0,Achilles injury - Unknown return date,2026-07-23T12:01:23.643771Z,74,20,7,p510663,0,0,,0,,510663.jpg,0.0,665,78,False,0,,-32.6,"[{'offset': 0, 'projected_percent': '-32.6', 'likelihood': -2}, {'offset': 1, 'projected_percent': '-32.6', 'likelihood': -2}, {'offset': 2, 'projected_percent': '-32.6', 'likelihood': -2}]",0,0,73,False,0,0,https://www.liverpoolfc.com/news/lfc-fitness-update-bajcetic-bradley-ekitike-endo-and-leoni?utm_source=premier-league-web&utm_medium=referral&utm_campaign=pl-referral-always-on&utm_content=injuries-flag&utm_term=injury-news,[],Ekitiké,0.1,408,62,False,,0,0,i,0,14,14,2025-07-23,0.0,665,78,0,2922,70,11666,76,0.0,0.0,Ekitiké,0
0,2005-09-19,0,14,True,True,,,0,0.0,0,514514,,,0,0,0,0,0.5,373,186,1,4.09,,,0,3,0.3,0.3,0,0.00,0.0,0.28,1.15,0.28,0.72,2.95,1.15,Lewis,0.3,328,151,0,0.0,0,False,2.9,323,150,381,False,4.2,368,172,,22,,,50,306,186,p514514,0,0,,0,,514514.jpg,1.0,366,166,False,4,,0.1,"[{'offset': 0, 'projected_percent': '0.1', 'likelihood': 1}, {'offset': 1, 'projected_percent': '0.1', 'likelihood': 1}, {'offset': 2, 'projected_percent': '0.2', 'likelihood': 1}]",1,0,244,False,0,0.0,,[],Koumas,0.0,517,207,False,,0,0.0,a,0,14,14,2026-08-22,24.0,172,93,3,1819,40,1599,17,0.1,0.6,Koumas,0
0,2006-01-16,0,0,True,True,100,100,0,0,0,500058,,,0,0,0,0,0.0,507,51,0,0,,,0,4,0.0,0.0,0,0.00,0,0.00,0,0.00,0.00,0,0,Jayden,0.0,478,44,0,0,0,False,0.0,515,50,382,False,0.0,510,46,,0,,2026-07-23T12:01:23.659279Z,45,485,67,p500058,0,0,,0,,500058.jpg,0.0,530,53,False,16,,4.6,"[{'offset': 0, 'projected_percent': '4.6', 'likelihood': 1}, {'offset': 1, 'projected_percent': '4.8', 'likelihood': 1}, {'offset': 2, 'projected_percent': '5.1', 'likelihood': 1}]",0,0,241,False,0,0,,[],Danns,0.2,308,50,False,,0,0,a,0,14,14,2024-02-20,0.0,464,45,0,26900,494,11372,214,0.0,0.0,Danns,0
0,2003-04-04,0,0,False,True,0,0,0,0,0,444884,,,0,0,-1,1,0.0,634,277,0,0,,,0,3,0.0,0.0,0,0.00,0,0.00,0,0.00,0.00,0,0,Harvey,0.0,619,269,0,0,0,False,0.0,636,276,383,False,0.0,631,275,,0,Has joined Valencia on loan for the rest of the season,2026-09-02T16:05:49.104326Z,54,186,116,p444884,0,0,,0,,444884.jpg,0.0,639,278,False,-1,,0.0,"[{'offset': 0, 'projected_percent': '0.0', 'likelihood': 0}, {'offset': 1, 'projected_percent': '0.0', 'likelihood': 0}, {'offset': 2, 'projected_percent': '0.0', 'likelihood': 0}]",0,0,241,False,0,0,,[],Elliott,0.0,537,219,False,,0,0,u,0,14,14,2019-07-28,0.0,621,270,0,907,0,6279,16,0.0,0.0,Elliott,0
0,1999-03-07,1,81,True,True,,,3,0.95,19,445087,,,0,0,-1,1,10.5,275,99,24,7.61,,,0,2,4.3,4.3,0,0.06,0.02,0.06,0.02,0.00,2.75,0.87,0.0,Ronald,4.3,63,29,0,0.0,0,False,7.7,239,89,579,False,60.8,162,69,,284,,,54,187,24,p445087,0,0,,0,,445087.jpg,4.4,76,34,False,38,,41.5,"[{'offset': 0, 'projected_percent': '41.5', 'likelihood': 3}, {'offset': 1, 'projected_percent': '42.1', 'likelihood': 3}, {'offset': 2, 'projected_percent': '42.7', 'likelihood': 3}]",15,0,230,False,0,0.0,,[],Araujo,3.1,104,38,False,,3,0.95,a,5,14,14,2026-08-10,6.0,290,103,22,166746,2038,170320,943,0.8,4.1,Araujo,1
0,2002-09-02,0,22,True,True,,,2,1.07,0,482616,,,0,0,0,0,27.4,192,110,8,4.29,,,0,3,2.0,2.0,0,0.13,0.07,0.39,0.21,0.26,1.43,0.77,0.14,Bradley,2.0,168,76,0,0.0,0,False,7.0,254,113,627,False,10.8,321,144,,168,,,80,9,6,p482616,0,0,,0,,482616.jpg,2.3,210,91,False,71,,-27.1,"[{'offset': 0, 'projected_percent': '-26.8', 'likelihood': -2}, {'offset': 1, 'projected_percent': '-20.8', 'likelihood': -2}, {'offset': 2, 'projected_percent': '-14.8', 'likelihood': -1}]",5,0,73,False,0,0.0,,[],Barcola,2.0,126,38,False,,2,1.07,a,3,14,14,2026-08-31,31.0,153,81,7,322506,3280,147439,1256,0.2,0.9,Barcola,0
0,2001-01-17,0,73,True,True,,,2,0.66,6,448047,4,,0,0,-1,1,72.8,68,55,21,6.97,3,,0,3,3.0,3.0,0,0.53,0.18,0.88,0.3,0.35,5.35,1.78,0.12,Enzo,3.0,102,41,3,1.0,1,False,17.8,110,59,155,False,63.8,152,56,,271,,,69,30,19,p448047,0,0,,0,,448047.jpg,3.2,141,57,False,157,,11.1,"[{'offset': 0, 'projected_percent': '11.3', 'likelihood': 1}, {'offset': 1, 'projected_percent': '13.9', 'likelihood': 1}, {'offset': 2, 'projected_percent': '16.5', 'likelihood': 1}]",12,0,10,False,0,0.0,,[],Fernández,3.8,90,30,False,,3,1.0,a,3,15,43,2026-09-01,42.0,116,66,13,205765,5147,338236,1007,0.4,1.9,Enzo,1
2,2000-03-06,1,110,True,True,,,2,0.47,10,440993,,,0,0,-2,2,102.6,41,34,44,10.29,,,0,3,2.0,2.0,0,0.58,0.14,0.96,0.23,0.38,9.42,2.2,0.09,Iliman,2.0,161,71,4,0.94,0,False,26.1,48,35,237,False,77.8,116,37,Iliman Ndiaye,385,,,58,103,65,p440993,0,0,,0,,440993.jpg,4.4,77,31,False,-108,,-27.1,"[{'offset': 0, 'projected_percent': '-27.2', 'likelihood': -2}, {'offset': 1, 'projected_percent': '-30.3', 'likelihood': -2}, {'offset': 2, 'projected_percent': '-33.4', 'likelihood': -2}]",26,0,189,False,0,0.0,,[],Ndiaye,6.0,67,22,False,,4,0.94,a,8,15,43,2026-09-01,80.0,48,30,22,308592,1556,1228374,3713,0.3,3.8,Ndiaye,0
0,1999-02-25,0,84,True,True,,,2,0.4,4,204936,,,0,0,0,0,0.0,645,73,0,0.0,,,0,1,3.0,3.0,0,0.00,0.0,0.00,0.0,0.00,7.25,1.45,0.0,Gianluigi,3.0,98,10,5,1.0,0,False,11.4,194,12,384,False,112.6,54,11,,450,,,55,136,4,p204936,1,0,,0,,204936.jpg,3.8,102,8,False,44,,-68.5,"[{'offset': 0, 'projected_percent': '-68.5', 'likelihood': -3}, {'offset': 1, 'projected_percent': '-67.5', 'likelihood': -3}, {'offset': 2, 'projected_percent': '-66.4', 'likelihood': -3}]",32,0,106,False,14,2.8,,[],Donnarumma,7.4,51,8,False,,5,1.0,a,0,15,43,2025-09-01,0.0,632,72,19,216509,1952,348711,1549,0.5,3.5,Donnarumma,0
0,1992-05-24,0,0,True,True,,,0,0,0,122074,,,0,0,0,0,0.0,486,42,0,0,,,0,1,0.0,0.0,0,0.00,0,0.00,0,0.00,0.00,0,0,Marcus,0.0,457,55,0,0,0,False,0.0,496,57,386,False,0.0,491,57,,0,,,45,437,28,p122074,0,0,,0,,122074.jpg,0.0,511,57,False,0,,-98.3,"[{'offset': 0, 'projected_percent': '-98.3', 'likelihood': -4}, {'offset': 1, 'projected_percent': '-98.3', 'likelihood': -4}, {'offset': 2, 'projected_percent': '-98.3', 'likelihood': -4}]",0,0,241,False,0,0,,[],Bettinelli,0.0,551,64,False,,0,0,a,0,15,43,2025-06-10,0.0,436,37,0,628,6,1205,11,0.0,0.0,Bettinelli,0
0,2005-03-21,0,22,True,True,75,75,0,0.0,2,472769,,,0,0,-2,2,39.5,158,42,5,2.76,,,0,2,0.5,0.5,0,0.43,0.24,1.30,0.72,0.87,2.10,1.16,0.48,Nico,0.7,288,97,2,1.1,0,False,9.0,224,82,387,False,17.8,290,115,,163,Unspecified injury - 75% chance of playing,2026-10-01T15:30:10.272693Z,63,49,4,p472769,0,0,,0,,472769.jpg,1.5,281,100,False,-328,,-15.0,"[{'offset': 0, 'projected_percent': '-15.2', 'likelihood': -1}, {'offset': 1, 'projected_percent': '-18.4', 'likelihood': -1}, {'offset': 2, 'projected_percent': '-21.6', 'likelihood': -2}]",9,0,241,False,0,0.0,,[],O'Reilly,9.6,35,12,False,,2,1.1,d,3,15,43,2022-12-16,33.0,145,40,6,193277,113,1352510,9763,0.1,1.0,O'Reilly,0
1,2000-07-13,4,114,True,True,,,2,0.4,26,209036,,,0,0,0,0,56.6,101,24,29,5.8,,,0,2,3.3,3.3,0,0.39,0.08,1.34,0.27,0.95,7.25,1.45,0.19,Marc,3.3,88,37,5,1.0,1,False,24.3,55,9,388,False,146.0,22,5,,450,,,60,67,6,p209036,0,0,,0,,209036.jpg,6.0,28,13,False,-15,,63.5,"[{'offset': 0, 'projected_percent': '63.5', 'likelihood': 3}, {'offset': 1, 'projected_percent': '63.2', 'likelihood': 3}, {'offset': 2, 'projected_percent': '63.0', 'likelihood': 3}]",19,0,241,False,0,0.0,,[],Guéhi,17.9,21,7,False,,5,1.0,a,3,15,43,2026-01-19,41.0,121,31,30,527502,3150,523524,4033,0.6,5.0,Guéhi,0
0,1998-08-27,1,38,True,True,100,100,1,0.42,18,465351,,,0,0,-1,1,6.3,293,106,21,8.87,,,0,2,3.3,3.3,0,0.06,0.03,0.06,0.03,0.00,4.67,1.97,0.0,Matheus,3.3,87,36,3,1.27,0,False,7.0,253,96,389,False,60.0,165,70,Matheus Nunes,213,,2026-08-27T11:30:08.171622Z,59,90,9,p465351,0,0,4,0,,465351.jpg,3.7,109,45,False,-5,,-40.7,"[{'offset': 0, 'projected_percent': '-40.8', 'likelihood': -3}, {'offset': 1, 'projected_percent': '-41.7', 'likelihood': -3}, {'offset': 2, 'projected_percent': '-42.6', 'likelihood': -3}]",10,0,173,False,0,0.0,,[],Nunes,1.0,179,68,False,,2,0.85,a,3,15,43,2023-09-01,4.0,312,116,11,16677,309,76721,214,0.6,1.9,Matheus N.,0
0,1997-05-14,0,72,True,True,,,2,0.4,25,171314,,,0,0,0,0,47.3,130,35,26,5.2,,,0,2,2.3,2.3,0,0.74,0.15,1.03,0.21,0.29,7.25,1.45,0.06,Rúben,2.3,138,52,5,1.0,0,False,18.7,101,32,390,False,94.2,87,39,Rúben Dias,450,,,55,131,13,p171314,0,0,,0,,171314.jpg,3.4,124,52,False,17,,3.5,"[{'offset': 0, 'projected_percent': '3.5', 'likelihood': 1}, {'offset': 1, 'projected_percent': '3.8', 'likelihood': 1}, {'offset': 2, 'projected_percent': '4.0', 'likelihood': 1}]",16,0,173,False,0,0.0,,[],dos Santos Gato Alves Dias,1.9,129,50,False,,5,1.0,a,1,15,43,2020-09-29,46.0,104,23,17,71176,676,81717,543,0.4,3.1,Rúben,0
3,2002-01-23,6,135,True,True,,,2,0.41,20,477424,,,0,0,2,-2,63.5,88,17,31,6.43,,,0,2,5.0,5.0,0,0.74,0.15,0.96,0.2,0.22,7.25,1.5,0.05,Joško,5.0,42,19,5,1.04,1,False,24.0,57,10,391,False,144.4,26,8,,434,,,57,114,12,p477424,0,0,,0,,477424.jpg,7.4,8,3,False,635,,110.0,"[{'offset': 0, 'projected_percent': '110.6', 'likelihood': 5}, {'offset': 1, 'projected_percent': '121.1', 'likelihood': 5}, {'offset': 2, 'projected_percent': '131.6', 'likelihood': 5}]",21,0,97,False,0,0.0,,[],Gvardiol,27.6,11,3,False,,5,1.04,a,11,15,43,2023-08-05,32.0,148,43,37,2005206,16805,508873,2803,0.9,6.5,Gvardiol,1
0,2001-06-06,0,0,True,True,,,0,0,0,448514,,,0,0,-3,3,0.0,628,214,0,0,,,0,2,0.0,0.0,0,0.00,0,0.00,0,0.00,0.00,0,0,Rayan,0.0,604,209,0,0,0,False,0.0,628,214,392,False,0.0,622,214,,0,,,52,238,35,p448514,0,0,,0,,448514.jpg,0.0,634,215,False,-4,,-4.6,"[{'offset': 0, 'projected_percent': '-4.7', 'likelihood': -1}, {'offset': 1, 'projected_percent': '-6.4', 'likelihood': -1}, {'offset': 2, 'projected_percent': '-8.2', 'likelihood': -1}]",0,0,3,False,0,0,,[],Aït-Nouri,0.4,271,102,False,,0,0,a,0,15,43,2025-06-09,0.0,607,211,0,8265,73,63211,155,0.0,0.0,Aït-Nouri,0
0,2004-02-29,0,53,True,True,,,1,0.34,9,578153,,,0,0,-1,1,12.6,260,95,17,5.71,,,0,2,0.0,0.0,0,0.06,0.02,0.06,0.02,0.00,2.68,0.9,0.0,Abdukodir,0.0,626,213,2,0.67,0,False,6.8,256,97,393,False,51.6,188,78,,268,,,54,202,27,p578153,0,0,,0,,578153.jpg,3.0,157,62,False,-8,,-54.8,"[{'offset': 0, 'projected_percent': '-54.9', 'likelihood': -3}, {'offset': 1, 'projected_percent': '-55.8', 'likelihood': -3}, {'offset': 2, 'projected_percent': '-56.8', 'likelihood': -3}]",13,0,231,False,0,0.0,,[],Khusanov,1.3,157,64,False,,3,1.01,a,8,15,43,2025-01-20,4.0,311,115,9,27788,187,86286,472,0.0,1.7,Khusanov,1
0,2005-07-21,0,0,False,True,0,0,0,0,0,494307,,,0,0,0,0,0.0,614,213,0,0,,,0,2,0.0,0.0,0,0.00,0,0.00,0,0.00,0.00,0,0,Max,0.0,589,208,0,0,0,False,0.0,614,213,394,False,0.0,608,213,,0,Has joined Burnley on loan for the rest of the season,2026-08-18T14:11:56.324656Z,50,299,50,p494307,0,0,,0,,494307.jpg,0.0,620,214,False,0,,0.0,"[{'offset': 0, 'projected_percent': '0.0', 'likelihood': 0}, {'offset': 1, 'projected_percent': '0.0', 'likelihood': 0}, {'offset': 2, 'projected_percent': '0.0', 'likelihood': 0}]",0,0,241,False,0,0,,[],Alleyne,0.0,641,214,False,,0,0,u,0,15,43,2022-12-16,0.0,591,210,0,0,0,622,0,0.0,0.0,Alleyne,0
0,2004-11-21,0,-1,True,True,,,0,0.0,2,477064,,,0,0,-1,1,3.8,316,113,2,3.21,,,0,2,0.0,0.0,0,0.02,0.03,0.19,0.3,0.17,0.55,0.88,0.27,Rico,0.0,439,174,1,1.61,0,False,4.7,297,110,395,False,3.8,371,138,,56,,,44,561,148,p477064,0,0,,0,,477064.jpg,1.0,328,125,False,-4,,-86.0,"[{'offset': 0, 'projected_percent': '-86.2', 'likelihood': -3}, {'offset': 1, 'projected_percent': '-89.8', 'likelihood': -3}, {'offset': 2, 'projected_percent': '-93.5', 'likelihood': -3}]",0,0,241,False,0,0.0,,[],Lewis,0.2,338,127,False,,1,1.61,a,0,15,43,2022-07-16,39.0,125,33,1,8550,35,17080,79,0.0,0.2,Lewis,0
0,2006-01-12,0,3,True,True,,,0,0.0,0,616222,,,0,0,0,0,0.9,359,132,0,0.0,,,0,2,0.0,0.0,0,0.00,0.0,0.00,0.0,0.00,0.00,0.0,0.0,Vitor,0.0,505,193,0,0.0,0,False,0.2,398,143,396,False,1.2,393,144,Vitor Reis,1,,,45,521,131,p616222,0,0,,0,,616222.jpg,1.0,336,130,False,0,,-98.5,"[{'offset': 0, 'projected_percent': '-98.5', 'likelihood': -4}, {'offset': 1, 'projected_percent': '-98.5', 'likelihood': -4}, {'offset': 2, 'projected_percent': '-98.5', 'likelihood': -4}]",0,0,30,False,0,0.0,,[],de Oliveira Nunes dos Reis,0.0,528,184,False,,0,0.0,a,0,15,43,2025-01-21,0.0,493,194,1,590,6,1266,17,0.0,0.2,Vitor Reis,0
3,2000-01-07,2,147,True,True,75,75,2,0.4,2,437730,,,0,0,-1,1,148.1,15,14,22,4.4,,,1,3,5.0,5.0,0,1.16,0.23,1.49,0.3,0.33,7.25,1.45,0.07,Antoine,6.7,14,6,5,1.0,2,False,43.4,10,9,397,False,155.4,14,9,,450,Ankle injury - 75% chance of playing,2026-09-24T12:00:09.848000Z,84,6,4,p437730,0,0,2,0,,437730.jpg,6.6,16,6,False,-240,,-55.5,"[{'offset': 0, 'projected_percent': '-55.6', 'likelihood': -3}, {'offset': 1, 'projected_percent': '-57.2', 'likelihood': -3}, {'offset': 2, 'projected_percent': '-58.9', 'likelihood': -3}]",14,0,81,False,0,0.0,,[],Semenyo,13.5,31,12,False,,5,1.0,d,6,15,43,2026-01-09,130.0,16,9,33,346186,4258,1432181,10979,0.8,3.9,Semenyo,0
2,2000-05-28,1,52,True,True,0,0,0,0.0,2,209244,2,,0,0,-1,1,122.3,29,25,14,5.81,2,,0,3,0.0,0.0,0,0.88,0.36,2.49,1.03,1.61,1.91,0.79,0.67,Phil,-0.7,666,298,2,0.83,0,False,22.3,69,43,398,False,57.6,170,66,,217,Suspended until 17 Oct,2026-09-13T17:00:09.433455Z,69,28,17,p209244,0,0,,0,,209244.jpg,2.2,228,102,False,-83,,-101.7,"[{'offset': 0, 'projected_percent': '-101.9', 'likelihood': -5}, {'offset': 1, 'projected_percent': '-105.3', 'likelihood': -5}, {'offset': 2, 'projected_percent': '-108.7', 'likelihood': -5}]",8,1,241,False,0,0.0,,[],Foden,1.5,142,43,False,,3,1.24,s,4,15,43,2016-12-05,45.0,107,61,9,303584,37,597284,1560,-0.1,1.3,Foden,1
2,2003-08-17,5,150,True,True,,,1,0.3,3,466052,1,,0,0,3,-3,199.0,4,4,12,3.58,1,,1,3,3.0,3.0,0,1.54,0.46,2.26,0.67,0.72,5.00,1.49,0.21,Rayan,3.0,104,43,4,1.19,3,False,47.3,4,4,399,False,165.8,6,3,,302,,,78,14,10,p466052,0,0,,0,,466052.jpg,6.8,13,4,False,807,,-25.8,"[{'offset': 0, 'projected_percent': '-25.0', 'likelihood': -2}, {'offset': 1, 'projected_percent': '-11.7', 'likelihood': -1}, {'offset': 2, 'projected_percent': '1.6', 'likelihood': 1}]",9,0,73,False,0,0.0,,[],Cherki,28.9,10,5,False,,4,1.19,a,0,15,43,2025-06-10,108.0,30,17,34,2864459,25670,1102939,4329,0.4,4.4,Cherki,1
0,2002-05-27,0,7,True,True,100,100,0,0.0,1,248875,,,0,0,-1,1,13.8,252,132,2,12.0,,,0,3,0.3,0.3,0,0.32,1.92,0.55,3.3,0.23,0.42,2.52,1.38,Jérémy,0.3,355,169,0,0.0,0,False,2.2,345,163,400,False,3.6,373,175,,15,,2026-08-18T17:00:08.385597Z,74,19,12,p248875,0,0,3,0,,248875.jpg,1.0,407,195,False,36,,3.3,"[{'offset': 0, 'projected_percent': '3.3', 'likelihood': 1}, {'offset': 1, 'projected_percent': '3.9', 'likelihood': 1}, {'offset': 2, 'projected_percent': '4.5', 'likelihood': 1}]",1,0,21,False,0,0.0,,[],Doku,0.8,208,64,False,,0,0.0,a,0,15,43,2023-08-24,5.0,299,156,1,12938,1007,129913,162,0.0,0.1,Doku,0
0,1996-06-22,0,0,False,True,0,0,0,0,0,220566,,,0,0,0,0,0.0,663,296,0,0,,,0,3,0.0,0.0,0,0.00,0,0.00,0,0.00,0.00,0,0,Rodrigo 'Rodri',0.0,659,295,0,0,0,False,0.0,663,296,402,False,0.0,662,296,Rodri,0,Has joined Barcelona permanently,2026-07-23T12:01:23.675537Z,65,36,24,p220566,0,0,,0,,220566.jpg,0.0,663,296,False,0,,0.0,"[{'offset': 0, 'projected_percent': '0.0', 'likelihood': 0}, {'offset': 1, 'projected_percent': '0.0', 'likelihood': 0}, {'offset': 2, 'projected_percent': '0.0', 'likelihood': 0}]",0,0,200,False,0,0,,[],Hernandez Cascante,0.0,608,256,False,,0,0,u,0,15,43,2019-07-04,0.0,661,296,0,0,0,1235,1,0.0,0.0,Rodrigo,0
0,1998-07-29,0,0,False,True,0,0,0,0,0,433036,,,0,0,0,0,0.0,660,293,0,0,,,0,3,0.0,0.0,0,0.00,0,0.00,0,0.00,0.00,0,0,Tijjani,0.0,654,291,0,0,0,False,0.0,660,293,404,False,0.0,657,292,,0,Has joined Al Qadsiah permanently,2026-08-20T14:02:58.154273Z,60,70,47,p433036,0,0,,0,,433036.jpg,0.0,660,293,False,-1,,0.0,"[{'offset': 0, 'projected_percent': '0.0', 'likelihood': 0}, {'offset': 1, 'projected_percent': '0.0', 'likelihood': 0}, {'offset': 2, 'projected_percent': '0.0', 'likelihood': 0}]",0,0,152,False,0,0,,[],Reijnders,0.0,530,214,False,,0,0,u,0,15,43,2025-06-10,0.0,654,291,0,0,0,8224,4,0.0,0.0,Reijnders,0
0,1994-05-06,0,12,True,True,,,0,0.0,0,91651,,,0,0,-2,2,5.2,302,153,2,4.29,,,0,3,0.0,0.0,0,0.02,0.04,0.02,0.04,0.00,0.10,0.21,0.0,Mateo,0.0,605,260,0,0.0,0,False,0.9,378,178,406,False,4.2,369,173,,42,,,53,205,127,p91651,0,0,,0,,91651.jpg,1.0,374,170,False,-5,,-2.9,"[{'offset': 0, 'projected_percent': '-3.6', 'likelihood': -1}, {'offset': 1, 'projected_percent': '-15.9', 'likelihood': -1}, {'offset': 2, 'projected_percent': '-28.1', 'likelihood': -2}]",2,0,97,False,0,0.0,,[],Kovačić,0.1,450,170,False,,0,0.0,a,0,15,43,2023-06-27,0.0,608,261,2,2335,24,6556,25,0.0,0.4,Kovačić,0
0,2006-01-02,0,0,False,True,0,0,0,0,0,575204,,,0,0,-1,1,0.0,583,251,0,0,,,0,3,0.0,0.0,0,0.00,0,0.00,0,0.00,0.00,0,0,Claudio,0.0,563,235,0,0,0,False,0.0,589,248,407,False,0.0,583,246,,0,Has joined Benfica on loan for the rest of the season,2026-09-03T15:41:24.710479Z,49,389,234,p575204,0,0,,0,,575204.jpg,0.0,596,253,False,0,,0.0,"[{'offset': 0, 'projected_percent': '0.0', 'likelihood': 0}, {'offset': 1, 'projected_percent': '0.0', 'likelihood': 0}, {'offset': 2, 'projected_percent': '0.0', 'likelihood': 0}]",0,0,10,False,0,0,,[],Echeverri,0.0,618,262,False,,0,0,u,0,15,43,2024-01-25,0.0,554,232,0,250,0,1375,0,0.0,0.0,Echeverri,0
0,1995-12-02,0,0,False,True,0,0,0,0,0,155405,,,0,0,0,0,0.0,590,255,0,0,,,0,3,0.0,0.0,0,0.00,0,0.00,0,0.00,0.00,0,0,Kalvin,0.0,569,239,0,0,0,False,0.0,595,252,408,False,0.0,589,250,,0,Has joined Sheffield United on loan for the rest of the season,2026-08-18T14:11:56.348781Z,50,248,154,p155405,0,0,,0,,155405.jpg,0.0,601,256,False,0,,0.0,"[{'offset': 0, 'projected_percent': '0.0', 'likelihood': 0}, {'offset': 1, 'projected_percent': '0.0', 'likelihood': 0}, {'offset': 2, 'projected_percent': '0.0', 'likelihood': 0}]",0,0,241,False,0,0,,[],Phillips,0.0,640,276,False,,0,0,u,0,15,43,2022-07-04,0.0,566,240,0,0,0,583,2,0.0,0.0,Phillips,0
0,2007-08-22,0,0,False,True,0,0,0,0,0,590039,,,0,0,0,0,0.0,525,217,0,0,,,0,3,0.0,0.0,0,0.00,0,0.00,0,0.00,0.00,0,0,Divine,0.0,496,191,0,0,0,False,0.0,534,212,409,False,0.0,529,211,,0,has joined West Ham on loan for the rest of the seaon.,2026-09-03T10:34:10.733520Z,45,509,266,p590039,0,0,,0,,590039.jpg,0.0,547,222,False,0,,0.0,"[{'offset': 0, 'projected_percent': '0.0', 'likelihood': 0}, {'offset': 1, 'projected_percent': '0.0', 'likelihood': 0}, {'offset': 2, 'projected_percent': '0.0', 'likelihood': 0}]",0,0,241,False,0,0,,[],Mukasa,0.1,440,165,False,,0,0,u,0,15,43,2025-08-07,0.0,483,189,0,1621,0,12662,31,0.0,0.0,Mukasa,0
0,2009-07-10,0,0,False,True,0,0,0,0,0,649208,,,0,0,-1,1,0.0,585,252,0,0,,,0,3,0.0,0.0,0,0.00,0,0.00,0,0.00,0.00,0,0,Jeremy,0.0,566,237,0,0,0,False,0.0,591,249,410,False,0.0,585,247,,0,Has joined Swansea City on loan for the rest of the season,2026-09-02T16:02:01.136760Z,49,396,240,p649208,0,0,,0,,649208.jpg,0.0,598,254,False,0,,0.0,"[{'offset': 0, 'projected_percent': '0.0', 'likelihood': 0}, {'offset': 1, 'projected_percent': '0.0', 'likelihood': 0}, {'offset': 2, 'projected_percent': '0.0', 'likelihood': 0}]",0,0,241,False,0,0,,[],Monga,0.0,625,266,False,,0,0,u,0,15,43,2026-07-11,0.0,560,237,0,219,0,1305,4,0.0,0.0,Monga,0
0,2000-07-21,9,167,True,True,,,2,0.4,10,223094,,,0,0,1,-1,22.5,209,23,20,4.0,,,2,4,5.0,5.0,0,0.53,0.11,4.95,0.99,4.42,7.25,1.45,0.88,Erling,5.0,45,6,5,1.0,5,False,46.5,5,1,411,True,184.2,3,1,,450,,,156,1,1,p223094,0,0,1,0,,223094.jpg,7.8,7,2,False,527,,39.8,"[{'offset': 0, 'projected_percent': '40.3', 'likelihood': 3}, {'offset': 1, 'projected_percent': '49.0', 'likelihood': 3}, {'offset': 2, 'projected_percent': '57.7', 'likelihood': 3}]",10,0,161,False,0,0.0,,[],Haaland,74.5,1,1,False,,5,1.0,a,0,15,43,2022-07-01,258.0,1,1,39,1039357,12831,361276,1333,0.3,2.5,Haaland,0
0,2002-11-06,0,95,True,True,100,100,2,0.44,18,215379,3,,0,0,-2,2,77.1,64,53,54,11.77,,,0,3,2.3,2.3,0,0.67,0.15,0.78,0.17,0.11,7.15,1.56,0.02,Elliot,2.3,143,63,5,1.09,0,False,18.4,105,56,481,False,87.4,102,30,,413,,2026-08-23T17:00:07.952697Z,63,45,31,p215379,0,0,,0,,215379.jpg,3.0,160,70,False,-7,,-65.4,"[{'offset': 0, 'projected_percent': '-65.4', 'likelihood': -3}, {'offset': 1, 'projected_percent': '-65.7', 'likelihood': -3}, {'offset': 2, 'projected_percent': '-66.0', 'likelihood': -3}]",23,0,241,False,0,0.0,,[],Anderson,3.8,88,29,False,,5,1.09,a,13,15,43,2026-07-02,19.0,199,110,15,114112,1707,473218,1426,0.4,2.4,Anderson,1
0,1992-05-20,0,0,True,True,,,0,0,0,106921,,,0,0,0,0,0.0,588,64,0,0,,,0,1,0.0,0.0,0,0.00,0,0.00,0,0.00,0.00,0,0,Gerónimo,0.0,567,71,0,0,0,False,0.0,593,71,587,False,0.0,587,71,,0,,,50,243,7,p106921,0,0,,0,,106921.jpg,0.0,599,71,False,0,,-104.1,"[{'offset': 0, 'projected_percent': '-104.1', 'likelihood': -5}, {'offset': 1, 'projected_percent': '-104.1', 'likelihood': -5}, {'offset': 2, 'projected_percent': '-104.1', 'likelihood': -5}]",0,0,10,False,0,0,,[],Rulli,0.0,564,65,False,,0,0,a,0,15,43,2026-08-12,0.0,564,63,0,643,5,1182,4,0.0,0.0,Rulli,0
0,2007-10-02,0,8,True,True,,,0,0.0,3,637238,,,0,0,0,0,4.8,306,157,6,24.55,,,0,3,0.0,0.0,0,0.12,0.49,0.12,0.49,0.00,0.37,1.51,0.0,Ayyoub,0.0,639,282,0,0.0,0,False,1.8,354,169,616,False,13.0,305,133,,22,,,55,164,104,p637238,0,0,,0,,637238.jpg,1.0,395,186,False,0,,-56.0,"[{'offset': 0, 'projected_percent': '-56.0', 'likelihood': -3}, {'offset': 1, 'projected_percent': '-56.0', 'likelihood': -3}, {'offset': 2, 'projected_percent': '-56.0', 'likelihood': -3}]",3,0,145,False,0,0.0,,[],Bouaddi,0.2,352,125,False,,0,0.0,a,0,15,43,2026-08-26,0.0,641,282,2,21496,111,14565,143,0.0,0.4,Bouaddi,0
0,2008-06-24,0,8,True,True,,,0,0.0,0,616288,,,0,0,-1,1,0.5,371,184,4,32.73,,,0,3,0.0,0.0,0,0.00,0.0,0.10,0.82,0.10,0.02,0.16,0.82,Ryan,0.0,450,182,0,0.0,0,False,0.8,380,179,621,False,5.2,358,166,,11,,,44,574,296,p616288,0,0,,0,,616288.jpg,1.0,330,146,False,4,,0.1,"[{'offset': 0, 'projected_percent': '0.1', 'likelihood': 1}, {'offset': 1, 'projected_percent': '0.2', 'likelihood': 1}, {'offset': 2, 'projected_percent': '0.2', 'likelihood': 1}]",2,0,241,False,0,0.0,,[],McAidoo,0.1,402,146,False,,0,0.0,a,2,15,43,2025-09-26,3.0,314,158,2,12340,222,7670,88,0.0,0.5,McAidoo,0
0,2008-02-08,0,3,True,True,,,0,0.0,0,554054,,,0,0,0,0,0.8,361,133,0,0.0,,,0,2,0.0,0.0,0,0.00,0.0,0.00,0.0,0.00,0.00,0.0,0.0,Kaden,0.0,410,154,0,0.0,0,False,0.1,403,145,622,False,0.6,399,145,,1,,,40,642,193,p554054,0,0,,0,,554054.jpg,1.0,314,114,False,-5,,-49.6,"[{'offset': 0, 'projected_percent': '-49.9', 'likelihood': -3}, {'offset': 1, 'projected_percent': '-54.5', 'likelihood': -3}, {'offset': 2, 'projected_percent': '-59.2', 'likelihood': -3}]",1,0,241,False,0,0.0,,[],Braithwaite,0.2,356,133,False,,0,0.0,a,0,15,43,2024-09-23,0.0,387,153,1,17137,50,9723,115,0.0,0.2,Braithwaite,0
0,2004-04-19,0,0,True,True,,,0,0,0,624777,,,0,0,0,0,0.0,661,294,0,0,,,0,3,0.0,0.0,0,0.00,0,0.00,0,0.00,0.00,0,0,Allan,0.0,655,292,0,0,0,False,0.0,661,294,628,False,0.0,659,293,Allan,0,,,60,75,49,p624777,0,0,,0,,624777.jpg,0.0,661,294,False,2,,0.1,"[{'offset': 0, 'projected_percent': '0.1', 'likelihood': 1}, {'offset': 1, 'projected_percent': '0.2', 'likelihood': 1}, {'offset': 2, 'projected_percent': '0.2', 'likelihood': 1}]",0,0,30,False,0,0,,[],Andrade Elias,0.0,602,254,False,,0,0,a,0,15,43,2026-08-31,0.0,656,292,0,1312,31,762,9,0.0,0.0,Allan,0
0,2009-01-15,0,0,True,True,,,0,0,0,595480,,,0,0,0,0,0.0,528,219,0,0,,,0,3,0.0,0.0,0,0.00,0,0.00,0,0.00,0.00,0,0,Floyd,0.0,499,193,0,0,0,False,0.0,537,214,653,False,0.0,532,213,Floyd Samba,0,,,45,512,268,p595480,0,0,,0,,595480.jpg,0.0,550,224,False,-3,,-54.7,"[{'offset': 0, 'projected_percent': '-55.7', 'likelihood': -3}, {'offset': 1, 'projected_percent': '-72.2', 'likelihood': -3}, {'offset': 2, 'projected_percent': '-88.8', 'likelihood': -3}]",0,0,241,False,0,0,,[],Samba,0.0,524,211,False,,0,0,a,0,15,43,2026-02-13,0.0,486,191,0,4006,33,2346,36,0.0,0.0,Samba,0
0,1997-05-07,0,109,True,True,100,100,0,0.0,11,166989,,,0,0,-2,2,112.6,34,29,61,11.93,,,0,3,3.0,3.0,3,0.66,0.13,1.31,0.26,0.65,7.39,1.45,0.13,Youri,3.0,100,39,8,1.57,0,False,24.4,54,36,43,False,87.2,103,31,,460,,2026-07-23T12:01:23.321726Z,58,99,62,p166989,0,0,3,0,,166989.jpg,2.8,175,75,False,-33,,-56.8,"[{'offset': 0, 'projected_percent': '-57.0', 'likelihood': -3}, {'offset': 1, 'projected_percent': '-61.0', 'likelihood': -3}, {'offset': 2, 'projected_percent': '-64.9', 'likelihood': -3}]",38,0,21,False,0,0.0,,[],Tielemans,1.4,151,45,False,,6,1.17,a,12,16,1,2026-07-14,43.0,112,63,17,48064,487,169759,911,0.5,2.9,Tielemans,0
0,2004-01-03,0,9,True,True,100,100,0,0.0,4,535301,,,0,0,-1,1,0.0,578,246,12,34.84,,,0,3,1.0,1.0,3,0.01,0.03,0.07,0.2,0.06,0.33,0.96,0.17,Carlos,1.0,232,106,1,2.9,0,False,0.0,583,242,131,False,0.0,577,240,,31,,2026-08-06T16:00:10.997714Z,49,381,226,p535301,0,0,,0,,535301.jpg,3.0,147,61,False,38,,1.4,"[{'offset': 0, 'projected_percent': '1.4', 'likelihood': 1}, {'offset': 1, 'projected_percent': '2.0', 'likelihood': 1}, {'offset': 2, 'projected_percent': '2.6', 'likelihood': 1}]",6,0,38,False,0,0.0,,[],Baleba,0.1,371,132,False,,0,0.0,a,2,16,1,2026-08-25,0.0,547,225,3,9949,682,15043,82,0.2,0.6,Baleba,0
0,2004-05-03,0,23,True,True,,,0,0.0,7,532605,,,0,0,-2,2,5.5,299,150,18,19.76,,,0,3,0.0,0.0,0,0.24,0.26,0.24,0.26,0.00,2.03,2.23,0.0,Andrey,0.0,529,212,4,4.39,0,False,3.9,309,140,162,False,24.8,267,112,Andrey Santos,82,,,48,417,254,p532605,0,0,,0,,532605.jpg,1.3,287,130,False,-26,,-92.3,"[{'offset': 0, 'projected_percent': '-92.8', 'likelihood': -3}, {'offset': 1, 'projected_percent': '-101.2', 'likelihood': -5}, {'offset': 2, 'projected_percent': '-109.6', 'likelihood': -5}]",7,0,30,False,0,0.0,,[],Nascimento dos Santos,0.5,248,79,False,,1,1.1,a,4,16,1,2026-07-13,8.0,269,138,4,22754,109,78095,535,0.0,0.8,Andrey Santos,0
0,1990-10-08,0,0,True,True,100,75,0,0,0,59735,,,0,0,0,0,0.0,480,37,0,0,,,0,1,0.0,0.0,0,0.00,0,0.00,0,0.00,0.00,0,0,Karl,0.0,453,52,0,0,0,False,0.0,493,55,325,False,0.0,488,55,,0,,2026-09-21T13:30:08.885505Z,45,429,23,p59735,0,0,,0,,59735.jpg,0.0,508,55,False,1,,-66.1,"[{'offset': 0, 'projected_percent': '-65.8', 'likelihood': -3}, {'offset': 1, 'projected_percent': '-60.3', 'likelihood': -3}, {'offset': 2, 'projected_percent': '-54.9', 'likelihood': -3}]",0,0,244,False,0,0,,[],Darlow,0.0,518,60,False,,0,0,a,0,16,1,2026-06-14,0.0,430,32,0,1094,4,1765,23,0.0,0.0,Darlow,0
0,2002-07-07,0,70,True,True,,,0,0.0,6,465247,,,0,0,-1,1,0.0,573,61,0,0.0,,,0,1,2.7,2.7,2,0.00,0.0,0.00,0.0,0.00,8.36,1.39,0.0,Senne,2.7,111,13,9,1.5,0,False,13.3,167,5,412,False,132.8,29,5,,540,,,49,366,19,p465247,0,0,,0,,465247.jpg,2.2,218,17,False,-161,,-27.3,"[{'offset': 0, 'projected_percent': '-27.5', 'likelihood': -2}, {'offset': 1, 'projected_percent': '-30.4', 'likelihood': -2}, {'offset': 2, 'projected_percent': '-33.4', 'likelihood': -2}]",44,0,21,False,18,3.0,,[],Lammens,9.4,37,6,False,,6,1.0,a,0,16,1,2025-09-01,0.0,541,59,13,107760,609,754674,3611,0.6,2.7,Lammens,0
0,1998-04-14,0,0,False,True,0,0,0,0,0,451302,,,0,0,0,0,0.0,501,50,0,0,,,0,1,0.0,0.0,0,0.00,0,0.00,0,0.00,0.00,0,0,Altay,0.0,472,62,0,0,0,False,0.0,510,64,413,False,0.0,505,64,,0,Has joined Celta Vigo on loan for the rest of the season,2026-08-10T14:02:28.608415Z,45,472,36,p451302,0,0,,0,,451302.jpg,0.0,525,64,False,-1,,0.0,"[{'offset': 0, 'projected_percent': '0.0', 'likelihood': 0}, {'offset': 1, 'projected_percent': '0.0', 'likelihood': 0}, {'offset': 2, 'projected_percent': '0.0', 'likelihood': 0}]",0,0,219,False,0,0,,[],Bayındır,0.0,605,71,False,,0,0,u,0,16,1,2023-09-01,0.0,455,45,0,0,0,1184,8,0.0,0.0,Bayindir,0
0,1986-04-15,0,0,True,True,0,0,0,0,0,21205,,,0,0,0,0,0.0,399,6,0,0,,,0,1,0.0,0.0,0,0.00,0,0.00,0,0.00,0.00,0,0,Tom,0.0,363,22,0,0,0,False,0.0,415,25,414,False,0.0,411,25,,0,Hamstring injury - Unknown return date,2026-08-15T16:00:07.854151Z,40,587,49,p21205,0,0,,0,,21205.jpg,0.0,434,25,False,0,,-40.9,"[{'offset': 0, 'projected_percent': '-40.9', 'likelihood': -3}, {'offset': 1, 'projected_percent': '-40.9', 'likelihood': -3}, {'offset': 2, 'projected_percent': '-40.9', 'likelihood': -3}]",0,0,241,False,0,0,,[],Heaton,0.1,444,50,False,,0,0,i,0,16,1,2021-07-02,0.0,343,1,0,2348,11,3840,19,0.0,0.0,Heaton,0
1,2004-10-26,0,27,True,True,0,0,0,0.0,8,596777,,,0,0,-2,2,44.1,141,89,20,10.53,,,0,3,0.0,0.0,0,0.09,0.05,0.87,0.46,0.78,3.38,1.78,0.41,Patrick,2.7,118,47,6,3.16,0,False,15.6,129,69,415,False,49.2,197,84,,171,Hamstring injury - Expected back 25 Oct,2026-09-27T21:30:07.831640Z,58,110,70,p596777,0,0,,0,,596777.jpg,2.0,242,106,False,-39,,-84.9,"[{'offset': 0, 'projected_percent': '-85.3', 'likelihood': -3}, {'offset': 1, 'projected_percent': '-90.6', 'likelihood': -3}, {'offset': 2, 'projected_percent': '-96.0', 'likelihood': -4}]",4,0,58,False,0,0.0,https://www.manutd.com/en/news/team-news-for-united-v-spurs-10-October,[],Dorgu,0.4,258,83,False,,2,1.05,i,8,16,1,2025-02-02,72.0,60,37,10,14056,2,105419,995,0.5,1.7,Dorgu,1
0,1999-08-12,0,0,True,True,0,0,0,0,0,209365,,,0,0,-1,1,0.0,563,205,0,0,,,0,2,0.0,0.0,0,0.00,0,0.00,0,0.00,0.00,0,0,Matthijs,0.0,539,200,0,0,0,False,0.0,571,206,416,False,0.0,566,206,,0,Back injury - Unknown return date,2026-07-23T12:01:23.690880Z,49,344,57,p209365,0,0,,0,,209365.jpg,0.0,582,207,False,0,,-1.5,"[{'offset': 0, 'projected_percent': '-1.5', 'likelihood': -1}, {'offset': 1, 'projected_percent': '-1.5', 'likelihood': -1}, {'offset': 2, 'projected_percent': '-1.5', 'likelihood': -1}]",0,0,152,False,0,0,https://www.manutd.com/en/news/team-news-for-man-utd-hull-opener-aug-2026,[],de Ligt,0.0,559,191,False,,0,0,i,0,16,1,2024-08-13,0.0,530,202,0,502,8,1626,20,0.0,0.0,De Ligt,0
0,1999-03-18,0,47,True,True,,,0,0.0,14,216051,,,0,0,-1,1,107.7,38,6,21,5.01,,,0,2,1.3,1.3,0,0.30,0.07,0.54,0.13,0.24,5.03,1.2,0.06,Diogo,1.3,205,71,5,1.19,0,False,20.2,85,24,417,False,43.6,206,82,Diogo Dalot,377,,,49,348,59,p216051,0,0,,0,,216051.jpg,1.3,288,103,False,-88,,-99.2,"[{'offset': 0, 'projected_percent': '-99.8', 'likelihood': -4}, {'offset': 1, 'projected_percent': '-109.4', 'likelihood': -5}, {'offset': 2, 'projected_percent': '-119.1', 'likelihood': -5}]",21,0,173,False,0,0.0,,[],Dalot Teixeira,1.6,137,54,False,,4,0.95,a,7,16,1,2018-06-08,49.0,95,20,8,29164,191,145891,1232,0.3,1.6,Dalot,2
1,1993-03-05,0,62,True,True,,,0,0.0,36,95658,,,0,0,-2,2,50.1,119,30,40,6.67,,,0,2,1.7,1.7,2,0.46,0.08,0.77,0.13,0.31,8.36,1.39,0.05,Harry,1.7,172,64,9,1.5,0,False,18.6,102,33,418,False,86.0,104,47,,540,,,48,399,73,p95658,0,0,,0,,95658.jpg,2.0,232,89,False,-304,,-9.8,"[{'offset': 0, 'projected_percent': '-10.2', 'likelihood': -1}, {'offset': 1, 'projected_percent': '-17.0', 'likelihood': -1}, {'offset': 2, 'projected_percent': '-23.7', 'likelihood': -2}]",25,0,241,False,0,0.0,,[],Maguire,7.8,46,15,False,,6,1.0,a,4,16,1,2019-08-05,50.0,92,18,12,147525,463,1107040,5487,0.4,2.5,Maguire,2
0,1998-01-18,0,37,True,True,100,100,0,0.0,26,221820,,,0,0,-1,1,18.8,221,75,31,6.2,,,0,2,1.7,1.7,3,0.18,0.04,0.39,0.08,0.21,7.35,1.47,0.04,Lisandro,1.7,174,65,7,1.4,0,False,11.8,184,66,419,False,66.4,142,64,Lisandro Martínez,450,,2026-07-24T20:00:10.337107Z,49,350,60,p221820,1,0,,0,,221820.jpg,1.8,253,94,False,-16,,-0.8,"[{'offset': 0, 'projected_percent': '-1.0', 'likelihood': -1}, {'offset': 1, 'projected_percent': '-3.1', 'likelihood': -1}, {'offset': 2, 'projected_percent': '-5.1', 'likelihood': -1}]",15,0,10,False,0,0.0,,[],Martínez,1.3,159,65,False,,5,1.0,a,5,16,1,2022-07-17,32.0,147,42,9,39804,320,71545,508,0.3,1.8,Martinez,1
0,2005-11-13,0,10,True,True,,,0,0.0,12,550864,,,0,0,-2,2,2.4,327,117,17,19.12,,,0,2,1.0,1.0,3,0.03,0.03,0.03,0.03,0.00,2.32,2.61,0.0,Leny,1.0,228,81,2,2.25,0,False,1.3,368,129,420,False,7.8,341,126,,80,,,48,418,78,p550864,0,0,,0,,550864.jpg,1.7,263,95,False,5,,-6.2,"[{'offset': 0, 'projected_percent': '-6.1', 'likelihood': -1}, {'offset': 1, 'projected_percent': '-4.1', 'likelihood': -1}, {'offset': 2, 'projected_percent': '-2.1', 'likelihood': -1}]",7,0,73,False,0,0.0,,[],Yoro,0.5,257,98,False,,1,1.12,a,5,16,1,2024-07-19,2.0,324,123,5,5969,150,37260,122,0.2,1.0,Yoro,0
0,2006-09-22,0,9,True,True,,,0,0.0,1,606745,,,0,0,-2,2,2.6,325,116,3,2.97,,,0,2,0.3,0.3,1,0.04,0.04,0.16,0.16,0.12,1.01,1.0,0.12,Ayden,0.3,297,103,2,1.98,0,False,2.0,348,122,421,False,6.8,348,128,,91,,,43,583,158,p606745,0,0,,0,,606745.jpg,1.0,319,119,False,-3,,-5.5,"[{'offset': 0, 'projected_percent': '-5.6', 'likelihood': -1}, {'offset': 1, 'projected_percent': '-7.4', 'likelihood': -1}, {'offset': 2, 'projected_percent': '-9.1', 'likelihood': -1}]",4,0,241,False,0,0.0,,[],Heaven,0.3,306,114,False,,1,0.99,a,2,16,1,2025-02-01,11.0,245,83,2,6257,43,25362,131,0.1,0.5,Heaven,0
0,1997-11-14,0,6,True,True,75,75,0,0.0,4,230001,,,0,0,-1,1,31.2,183,57,6,5.57,,,0,2,0.0,0.0,0,0.06,0.06,0.28,0.26,0.22,2.08,1.93,0.2,Noussair,0.0,433,171,4,3.71,0,False,6.4,264,100,422,False,21.0,283,114,,97,Back injury - 75% chance of playing,2026-10-04T21:30:08.533022Z,44,551,141,p230001,0,0,,0,,230001.jpg,1.0,324,122,False,-33,,-75.0,"[{'offset': 0, 'projected_percent': '-75.4', 'likelihood': -3}, {'offset': 1, 'projected_percent': '-82.2', 'likelihood': -3}, {'offset': 2, 'projected_percent': '-89.0', 'likelihood': -3}]",3,0,145,False,0,0.0,https://www.manutd.com/en/news/team-news-for-united-v-spurs-10-October,[],Mazraoui,0.5,255,97,False,,1,0.93,d,2,16,1,2024-08-13,11.0,246,84,3,14435,10,45741,685,0.0,0.7,Mazraoui,0
1,1995-07-12,0,58,True,True,100,100,0,0.0,27,106760,3,,0,0,-2,2,91.6,48,8,36,7.62,,,0,2,1.7,1.7,3,0.59,0.12,0.62,0.13,0.03,6.19,1.31,0.01,Luke,1.7,169,61,6,1.27,0,False,20.1,87,26,423,False,92.6,90,41,,425,,2026-09-11T13:00:09.030120Z,43,577,152,p106760,0,0,,0,,106760.jpg,2.4,194,77,False,-244,,-10.1,"[{'offset': 0, 'projected_percent': '-10.5', 'likelihood': -1}, {'offset': 1, 'projected_percent': '-16.5', 'likelihood': -1}, {'offset': 2, 'projected_percent': '-22.5', 'likelihood': -2}]",8,0,241,False,0,0.0,,[],Shaw,7.0,56,21,False,,5,1.06,a,9,16,1,2014-07-01,17.0,206,62,12,111627,609,1396649,4541,0.4,2.8,Shaw,2
0,2007-03-16,0,0,True,True,,,0,0,0,577974,,,0,0,0,0,0.0,446,171,0,0,,,0,2,0.0,0.0,0,0.00,0,0.00,0,0.00,0.00,0,0,Harry,0.0,413,157,0,0,0,False,0.0,460,172,424,False,0.0,455,172,,0,,,40,648,199,p577974,0,0,,0,,577974.jpg,0.0,477,176,False,-3,,-57.4,"[{'offset': 0, 'projected_percent': '-57.5', 'likelihood': -3}, {'offset': 1, 'projected_percent': '-59.9', 'likelihood': -3}, {'offset': 2, 'projected_percent': '-62.2', 'likelihood': -3}]",0,0,241,False,0,0,,[],Amass,0.2,336,125,False,,0,0,a,0,16,1,2024-04-06,0.0,391,157,0,6700,60,9520,84,0.0,0.0,Amass,0
0,2005-02-23,0,0,False,True,0,0,0,0,0,547676,,,0,0,0,0,0.0,439,164,0,0,,,0,2,0.0,0.0,0,0.00,0,0.00,0,0.00,0.00,0,0,Tyler,0.0,406,150,0,0,0,False,0.0,453,165,425,False,0.0,448,165,,0,Has joined Lausanne-Sport permanently,2026-08-18T14:12:31.904433Z,40,638,189,p547676,0,0,,0,,547676.jpg,0.0,471,170,False,0,,0.0,"[{'offset': 0, 'projected_percent': '0.0', 'likelihood': 0}, {'offset': 1, 'projected_percent': '0.0', 'likelihood': 0}, {'offset': 2, 'projected_percent': '0.0', 'likelihood': 0}]",0,0,241,False,0,0,,[],Fredricson,0.0,604,204,False,,0,0,u,0,16,1,2022-09-07,0.0,383,149,0,0,0,1354,7,0.0,0.0,Fredricson,0
1,1994-09-08,3,158,True,True,,,0,0.0,4,141746,1,,0,0,-1,1,241.7,1,1,35,5.83,1,,1,3,1.7,1.7,1,1.46,0.24,4.04,0.67,2.58,8.36,1.39,0.43,Bruno,1.7,196,92,9,1.5,3,False,54.6,1,1,426,False,187.0,2,2,Bruno Fernandes,540,,,119,2,1,p141746,0,0,1,0,,141746.jpg,5.3,46,21,False,-3264,,-7.1,"[{'offset': 0, 'projected_percent': '-8.0', 'likelihood': -1}, {'offset': 1, 'projected_percent': '-23.2', 'likelihood': -2}, {'offset': 2, 'projected_percent': '-38.4', 'likelihood': -2}]",25,0,173,False,0,0.0,,[],Borges Fernandes,36.9,6,2,False,,6,1.0,a,6,16,1,2020-01-30,117.0,25,13,32,741405,2992,2101791,37258,0.1,2.7,B.Fernandes,1
1,1999-08-07,4,138,True,True,,,0,0.0,8,446008,2,,0,0,-1,1,164.2,11,10,28,4.67,2,,0,3,4.0,4.0,8,0.90,0.15,4.18,0.7,3.28,8.36,1.39,0.55,Bryan,4.0,70,26,9,1.5,3,False,44.2,7,6,427,False,120.8,42,15,,540,,,79,11,8,p446008,0,0,2,0,,446008.jpg,5.5,38,19,False,272,,-87.4,"[{'offset': 0, 'projected_percent': '-87.3', 'likelihood': -3}, {'offset': 1, 'projected_percent': '-84.9', 'likelihood': -3}, {'offset': 2, 'projected_percent': '-82.6', 'likelihood': -3}]",15,0,38,False,0,0.0,,[],Mbeumo,19.9,18,8,False,,6,1.0,a,5,16,1,2025-07-21,156.0,9,5,33,575123,7510,2192879,8029,0.5,4.2,Mbeumo,1
3,1999-05-27,7,126,True,True,,,1,0.18,3,430871,,,0,0,-1,1,111.5,35,30,27,4.89,,,1,3,7.3,7.3,10,0.94,0.17,1.75,0.32,0.81,7.00,1.27,0.15,Matheus,7.3,9,4,6,1.09,1,False,30.0,34,24,428,False,73.0,126,41,Matheus Cunha,497,,,79,10,7,p430871,0,0,,0,,430871.jpg,6.0,31,14,False,503,,-72.6,"[{'offset': 0, 'projected_percent': '-71.8', 'likelihood': -3}, {'offset': 1, 'projected_percent': '-57.5', 'likelihood': -3}, {'offset': 2, 'projected_percent': '-43.2', 'likelihood': -3}]",17,0,30,False,0,0.0,,[],Santos Carneiro da Cunha,6.1,65,21,False,,6,1.09,a,7,16,1,2025-06-01,114.0,27,14,36,149169,5811,533715,1908,0.9,4.6,Cunha,0
0,1997-10-31,0,61,True,True,100,75,1,0.26,4,176297,,,0,0,-1,1,163.2,12,11,18,4.6,3,,0,3,1.7,1.3,1,0.43,0.11,1.21,0.31,0.78,4.50,1.15,0.2,Marcus,1.7,192,90,3,0.77,0,False,37.3,14,12,429,False,53.4,179,71,,352,,2026-09-21T10:30:09.221479Z,69,27,16,p176297,0,0,,0,,176297.jpg,1.8,261,116,False,-43,,-19.7,"[{'offset': 0, 'projected_percent': '-20.1', 'likelihood': -2}, {'offset': 1, 'projected_percent': '-25.6', 'likelihood': -2}, {'offset': 2, 'projected_percent': '-31.2', 'likelihood': -2}]",10,0,241,False,0,0.0,,[],Rashford,1.3,158,48,False,,4,1.02,a,4,16,1,2015-07-01,157.0,8,4,11,86890,255,146480,1791,0.2,1.6,Rashford,0
0,1999-01-10,0,3,True,True,100,100,0,0.0,0,184341,,,0,0,-1,1,1.1,355,178,1,9.0,4,,0,3,0.3,0.3,0,0.01,0.09,0.10,0.9,0.09,0.00,0.0,0.81,Mason,0.3,343,160,0,0.0,0,False,0.7,384,180,430,False,0.6,401,188,,10,,2026-08-15T16:00:07.879135Z,54,170,108,p184341,0,0,,0,,184341.jpg,1.0,386,180,False,-2,,0.1,"[{'offset': 0, 'projected_percent': '0.1', 'likelihood': 1}, {'offset': 1, 'projected_percent': '0.1', 'likelihood': 1}, {'offset': 2, 'projected_percent': '0.0', 'likelihood': 0}]",1,0,241,False,0,0.0,,[],Mount,0.0,527,212,False,,0,0.0,a,0,16,1,2023-07-05,5.0,294,152,1,1035,23,2087,34,0.1,0.2,Mount,0
0,2002-07-11,0,7,True,True,100,0,0,0.0,1,493250,4,,0,0,-3,3,0.0,652,287,4,6.21,,,0,3,0.3,0.0,1,0.03,0.05,0.09,0.14,0.06,1.23,1.91,0.09,Amad,0.3,349,164,0,0.0,0,False,0.0,651,286,431,False,0.0,646,285,,58,,2026-08-22T11:00:08.617283Z,57,116,74,p493250,0,0,,0,,493250.jpg,1.0,396,187,False,0,2026-10-18T16:30:09.095532Z,0.0,"[{'offset': 0, 'projected_percent': '0.0', 'likelihood': 0}, {'offset': 1, 'projected_percent': '0.0', 'likelihood': 0}, {'offset': 2, 'projected_percent': '0.0', 'likelihood': 0}]",2,0,54,False,0,0.0,,[],Diallo,0.3,297,102,False,,1,1.55,a,1,16,1,2021-01-07,0.0,642,283,1,2689,340,125346,105,0.1,0.2,Amad,0
1,2005-04-19,2,121,True,True,100,75,0,0.0,12,516895,,,0,0,0,0,88.8,53,43,73,14.8,,,0,3,4.0,3.0,4,0.55,0.11,0.85,0.17,0.30,6.33,1.28,0.06,Kobbie,4.0,69,25,5,1.01,0,False,19.3,95,51,432,False,83.2,109,34,,444,,2026-09-21T13:00:09.169862Z,55,156,97,p516895,0,0,,0,,516895.jpg,4.3,79,32,False,38,,8.2,"[{'offset': 0, 'projected_percent': '8.2', 'likelihood': 1}, {'offset': 1, 'projected_percent': '8.8', 'likelihood': 1}, {'offset': 2, 'projected_percent': '9.5', 'likelihood': 1}]",50,0,241,False,0,0.0,,[],Mainoo,1.5,149,44,False,,5,1.01,a,11,16,1,2022-10-15,21.0,186,99,26,97928,959,82850,1475,0.7,4.7,Mainoo,0
0,2001-04-11,0,0,True,True,0,0,0,0,0,232112,,,0,0,0,0,0.0,598,259,0,0,,,0,3,0.0,0.0,0,0.00,0,0.00,0,0.00,0.00,0,0,Manuel,0.0,576,243,0,0,0,False,0.0,602,256,433,False,0.0,596,254,,0,Knee injury - Unknown return date,2026-07-23T12:01:23.706702Z,50,269,167,p232112,0,0,,0,,232112.jpg,0.0,608,260,False,0,,-76.5,"[{'offset': 0, 'projected_percent': '-76.5', 'likelihood': -3}, {'offset': 1, 'projected_percent': '-76.5', 'likelihood': -3}, {'offset': 2, 'projected_percent': '-76.5', 'likelihood': -3}]",0,0,230,False,0,0,https://www.manutd.com/en/news/an-official-update-on-manuel-ugarte,[],Ugarte Ribeiro,0.0,645,280,False,,0,0,i,0,16,1,2024-08-30,0.0,575,245,0,131,0,278,4,0.0,0.0,Ugarte,0
0,2007-03-19,0,0,True,True,,,0,0,0,547037,,,0,0,-1,1,0.0,581,249,0,0,,,0,3,0.0,0.0,0,0.00,0,0.00,0,0.00,0.00,0,0,Jack,0.0,560,232,0,0,0,False,0.0,586,245,434,False,0.0,580,243,Jack Fletcher,0,,,49,384,229,p547037,0,0,,0,,547037.jpg,0.0,595,252,False,0,,-52.8,"[{'offset': 0, 'projected_percent': '-52.8', 'likelihood': -3}, {'offset': 1, 'projected_percent': '-52.8', 'likelihood': -3}, {'offset': 2, 'projected_percent': '-52.8', 'likelihood': -3}]",0,0,241,False,0,0,,[],Fletcher,0.0,606,255,False,,0,0,a,0,16,1,2024-07-12,0.0,550,228,0,346,1,751,5,0.0,0.0,J.Fletcher,0
0,2007-04-14,0,3,True,True,,,0,0.0,0,576628,,,0,0,-1,1,0.6,368,183,1,9.0,,,0,3,0.0,0.0,0,0.00,0.0,0.00,0.0,0.00,0.00,0.0,0.0,Shea,0.0,564,236,0,0.0,0,False,0.1,404,189,435,False,0.2,405,191,,10,,,49,390,235,p576628,0,0,,0,,576628.jpg,1.0,358,161,False,-4,,-10.5,"[{'offset': 0, 'projected_percent': '-11.2', 'likelihood': -1}, {'offset': 1, 'projected_percent': '-23.7', 'likelihood': -2}, {'offset': 2, 'projected_percent': '-36.2', 'likelihood': -2}]",1,0,241,False,0,0.0,,[],Lacey,0.1,487,190,False,,0,0.0,a,0,16,1,2025-05-26,0.0,555,233,1,1939,29,3571,31,0.0,0.2,Lacey,0
0,2004-01-03,0,0,False,True,0,0,0,0,0,490881,,,0,0,0,0,0.0,611,264,0,0,,,0,3,0.0,0.0,0,0.00,0,0.00,0,0.00,0.00,0,0,Toby,0.0,586,249,0,0,0,False,0.0,611,261,436,False,0.0,605,259,,0,Has joined West Brom permanently,2026-09-01T13:16:48.584385Z,50,294,179,p490881,0,0,,0,,490881.jpg,0.0,617,265,False,-1,,0.0,"[{'offset': 0, 'projected_percent': '0.0', 'likelihood': 0}, {'offset': 1, 'projected_percent': '0.0', 'likelihood': 0}, {'offset': 2, 'projected_percent': '0.0', 'likelihood': 0}]",0,0,241,False,0,0,,[],Collyer,0.0,609,257,False,,0,0,u,0,16,1,2023-07-01,0.0,588,250,0,150,0,1079,2,0.0,0.0,Collyer,0
0,,0,0,True,True,,,0,0,0,576620,,,0,0,-1,1,0.0,476,207,0,0,,,0,3,0.0,0.0,0,0.00,0,0.00,0,0.00,0.00,0,0,Bendito,0.0,448,180,0,0,0,False,0.0,489,202,437,False,0.0,484,201,,0,,,44,572,294,p576620,0,0,,0,,576620.jpg,0.0,504,212,False,4,,0.0,"[{'offset': 0, 'projected_percent': '0.0', 'likelihood': 0}, {'offset': 1, 'projected_percent': '0.1', 'likelihood': 1}, {'offset': 2, 'projected_percent': '0.2', 'likelihood': 1}]",0,0,,False,0,0,,[],Mantato,0.2,354,127,False,,0,0,a,0,16,1,,0.0,426,179,0,5728,115,10333,89,0.0,0.0,Bendito Mantato,0
0,2007-03-19,0,0,True,True,,,0,0,0,519913,,,0,0,-1,1,0.0,471,205,0,0,,,0,3,0.0,0.0,0,0.00,0,0.00,0,0.00,0.00,0,0,Tyler,0.0,443,178,0,0,0,False,0.0,484,200,438,False,0.0,479,199,Tyler Fletcher,0,,,44,567,292,p519913,0,0,,0,,519913.jpg,0.0,499,210,False,-5,,0.1,"[{'offset': 0, 'projected_percent': '0.1', 'likelihood': 1}, {'offset': 1, 'projected_percent': '0.0', 'likelihood': 0}, {'offset': 2, 'projected_percent': '-2.8', 'likelihood': -1}]",0,0,243,False,0,0,,[],Fletcher,0.3,286,96,False,,0,0,a,0,16,1,2025-05-26,0.0,421,177,0,11260,88,18342,181,0.0,0.0,Fletcher,0
0,2003-05-31,0,39,True,True,0,0,0,0.0,0,485711,,,0,0,0,0,11.9,266,33,5,5.92,,,0,4,0.0,0.0,0,0.01,0.01,0.40,0.47,0.39,2.00,2.37,0.46,Benjamin,0.3,354,42,3,3.55,1,False,8.2,235,24,439,False,34.6,239,21,,76,Shin injury - Expected back 18 Oct,2026-09-20T19:30:08.505755Z,70,26,10,p485711,0,0,,0,,485711.jpg,2.0,247,28,False,-90,,-71.0,"[{'offset': 0, 'projected_percent': '-71.2', 'likelihood': -3}, {'offset': 1, 'projected_percent': '-75.2', 'likelihood': -3}, {'offset': 2, 'projected_percent': '-79.1', 'likelihood': -3}]",5,0,195,False,0,0.0,https://www.manutd.com/en/news/team-news-for-united-v-spurs-10-October,[],Sesko,1.4,153,23,False,,0,0.0,i,0,16,1,2025-08-09,36.0,137,27,8,104701,57,157240,3985,0.0,1.1,Šeško,0
0,2001-05-22,0,15,True,True,,,0,0.0,2,458249,,,0,0,-2,2,14.9,239,27,6,10.59,,,0,4,1.0,1.0,1,0.07,0.12,0.19,0.33,0.12,0.35,0.62,0.21,Joshua,1.0,236,25,1,1.76,0,False,2.2,343,39,440,False,7.6,343,35,,51,,,53,220,49,p458249,0,0,,0,,458249.jpg,1.0,377,41,False,4,,-1.1,"[{'offset': 0, 'projected_percent': '-1.0', 'likelihood': -1}, {'offset': 1, 'projected_percent': '0.0', 'likelihood': 0}, {'offset': 2, 'projected_percent': '0.1', 'likelihood': 1}]",4,0,152,False,0,0.0,,[],Zirkzee,0.4,266,45,False,,0,0.0,a,0,16,1,2024-07-17,0.0,613,69,3,18019,375,45553,268,0.2,0.6,Zirkzee,0
0,2007-11-29,0,0,False,True,0,0,0,0,0,596047,,,0,0,0,0,0.0,529,58,0,0,,,0,4,0.0,0.0,0,0.00,0,0.00,0,0.00,0.00,0,0,Chido,0.0,500,51,0,0,0,False,0.0,538,58,441,False,0.0,533,54,,0,Has joined Willem II on loan for the rest of the season,2026-09-14T16:12:42.090874Z,45,513,75,p596047,0,0,,0,,596047.jpg,0.0,551,60,False,-30,,0.0,"[{'offset': 0, 'projected_percent': '0.0', 'likelihood': 0}, {'offset': 1, 'projected_percent': '0.0', 'likelihood': 0}, {'offset': 2, 'projected_percent': '0.0', 'likelihood': 0}]",0,0,58,False,0,0,,[],Obi,0.9,190,30,False,,0,0,u,0,16,1,2025-02-15,0.0,487,53,0,45543,0,80499,896,0.0,0.0,Obi,0
0,2002-01-03,0,23,True,True,100,100,1,0.55,3,465694,,,0,0,0,0,42.0,149,95,12,6.59,,,0,3,0.3,0.3,0,0.21,0.12,0.21,0.12,0.00,2.34,1.28,0.0,Nico,0.3,348,163,2,1.1,0,False,5.8,276,123,405,False,13.4,304,132,,164,,2026-09-14T21:30:07.343728Z,55,149,91,p465694,0,0,,0,,465694.jpg,1.7,267,118,False,0,,1.1,"[{'offset': 0, 'projected_percent': '1.1', 'likelihood': 1}, {'offset': 1, 'projected_percent': '1.1', 'likelihood': 1}, {'offset': 2, 'projected_percent': '1.1', 'likelihood': 1}]",9,0,200,False,0,0.0,,[],González Iglesias,0.2,334,118,False,,3,1.65,a,0,17,4,2026-08-26,2.0,334,167,5,19078,115,17731,68,0.1,0.9,N.Gonzalez,1
0,1992-04-19,0,0,True,True,,,0,0,0,98747,,,0,0,-1,1,0.0,556,56,0,0,,,0,1,0.0,0.0,0,0.00,0,0.00,0,0.00,0.00,0,0,Nick,0.0,532,66,0,0,0,False,0.0,565,68,442,False,0.0,560,68,,0,,,49,333,14,p98747,0,0,,0,,98747.jpg,0.0,576,68,False,-6,,-53.2,"[{'offset': 0, 'projected_percent': '-53.3', 'likelihood': -3}, {'offset': 1, 'projected_percent': '-54.3', 'likelihood': -3}, {'offset': 2, 'projected_percent': '-55.4', 'likelihood': -3}]",0,0,241,False,0,0,,[],Pope,0.9,181,28,False,,0,0,a,0,17,4,2022-06-23,0.0,522,54,0,14312,70,56027,183,0.0,0.0,Pope,0
0,1992-03-27,0,0,True,True,,,0,0,0,81441,,,0,0,0,0,0.0,483,40,0,0,,,0,1,0.0,0.0,0,0.00,0,0.00,0,0.00,0.00,0,0,Mark,0.0,455,54,0,0,0,False,0.0,494,56,443,False,0.0,489,56,,0,,,45,432,26,p81441,0,0,,0,,81441.jpg,0.0,509,56,False,0,,-50.0,"[{'offset': 0, 'projected_percent': '-50.0', 'likelihood': -3}, {'offset': 1, 'projected_percent': '-50.0', 'likelihood': -3}, {'offset': 2, 'projected_percent': '-50.0', 'likelihood': -3}]",0,0,241,False,0,0,,[],Gillespie,0.0,532,62,False,,0,0,a,0,17,4,2020-07-27,0.0,433,35,0,806,3,1300,7,0.0,0.0,Gillespie,0
0,2005-12-29,0,0,True,True,0,0,0,0,0,554578,,,0,0,-1,1,0.0,473,36,0,0,,,0,1,0.0,0.0,0,0.00,0,0.00,0,0.00,0.00,0,0,Ewen,0.0,445,51,0,0,0,False,0.0,486,54,444,False,0.0,481,54,,0,Hamstring injury - Unknown return date,2026-09-10T16:00:09.127466Z,44,569,48,p554578,0,0,,0,,554578.jpg,0.0,501,54,False,0,,-4.4,"[{'offset': 0, 'projected_percent': '-4.4', 'likelihood': -1}, {'offset': 1, 'projected_percent': '-4.4', 'likelihood': -1}, {'offset': 2, 'projected_percent': '-4.4', 'likelihood': -1}]",0,0,73,False,0,0,https://www.newcastleunited.com/en/video/1001979?utm_source=premier-league-web&utm_medium=referral&utm_campaign=pl-referral-always-on&utm_term=injury-news,[],Jaouen,0.0,573,68,False,,0,0,i,0,17,4,2026-06-15,0.0,423,31,0,480,3,1652,7,0.0,0.0,Jaouen,0
0,2001-08-08,0,32,True,True,,,1,0.2,45,465642,,,0,0,0,0,16.3,233,81,45,9.0,,,0,2,2.0,2.0,0,0.08,0.02,0.08,0.02,0.00,9.14,1.83,0.0,Malick,2.0,151,56,9,1.8,0,False,12.7,174,62,445,False,106.2,64,28,,450,,,50,282,44,p465642,1,0,,0,,465642.jpg,2.8,170,69,False,-53,,21.4,"[{'offset': 0, 'projected_percent': '21.3', 'likelihood': 2}, {'offset': 1, 'projected_percent': '20.4', 'likelihood': 2}, {'offset': 2, 'projected_percent': '19.6', 'likelihood': 1}]",10,0,80,False,0,0.0,,[],Thiaw,2.2,119,46,False,,5,1.0,a,0,17,4,2025-08-12,4.0,309,113,14,195401,290,137255,1262,0.4,2.8,Thiaw,0
0,1991-12-20,0,0,True,True,100,100,0,0.0,7,119471,,,0,0,-1,1,10.5,273,98,7,25.2,2,,0,2,0.3,0.3,0,0.01,0.04,0.01,0.04,0.00,1.87,6.73,0.0,Fabian,0.3,316,114,2,7.2,0,False,3.6,314,117,446,False,25.0,266,108,,25,,2026-08-15T16:30:07.209742Z,49,335,55,p119471,0,0,,0,,119471.jpg,1.0,347,134,False,-4,,-0.1,"[{'offset': 0, 'projected_percent': '-0.3', 'likelihood': -1}, {'offset': 1, 'projected_percent': '-3.5', 'likelihood': -1}, {'offset': 2, 'projected_percent': '-6.7', 'likelihood': -1}]",0,0,207,False,0,0.0,,[],Schär,0.2,323,122,False,,0,0.0,a,0,17,4,2018-07-26,0.0,524,200,2,8121,73,14549,64,0.1,0.4,Schär,0
0,2000-01-12,0,43,True,True,,,1,0.2,54,220237,,,0,0,0,0,4.1,315,112,59,11.8,,,0,2,2.0,2.0,0,0.17,0.03,0.23,0.04,0.06,9.14,1.83,0.01,Sven,2.0,148,55,9,1.8,0,False,16.4,118,39,447,False,136.0,27,9,,450,,,50,262,39,p220237,0,0,,0,,220237.jpg,3.0,148,60,False,-9,,12.2,"[{'offset': 0, 'projected_percent': '12.2', 'likelihood': 1}, {'offset': 1, 'projected_percent': '12.1', 'likelihood': 1}, {'offset': 2, 'projected_percent': '11.9', 'likelihood': 1}]",14,0,152,False,0,0.0,,[],Botman,0.8,206,79,False,,5,1.0,a,5,17,4,2022-06-28,23.0,174,52,15,55786,199,31975,284,0.4,3.0,Botman,1
0,1992-05-09,0,0,True,True,0,0,0,0,0,78916,,,0,0,-2,2,0.0,547,201,0,0,,,0,2,0.0,0.0,0,0.00,0,0.00,0,0.00,0.00,0,0,Dan,0.0,518,196,0,0,0,False,0.0,555,202,448,False,0.0,550,202,,0,Ankle injury - Expected back 12 Oct,2026-08-23T18:00:08.367241Z,48,398,72,p78916,0,0,,0,,78916.jpg,0.0,568,204,False,-22,,-6.5,"[{'offset': 0, 'projected_percent': '-6.6', 'likelihood': -1}, {'offset': 1, 'projected_percent': '-8.7', 'likelihood': -1}, {'offset': 2, 'projected_percent': '-10.7', 'likelihood': -1}]",0,0,241,False,0,0,https://www.newcastleunited.com/en/news/confimed-line-up-opening-day-debuts-for-hornicek-dedic-and-steur-against-liverpool,[],Burn,0.7,216,83,False,,0,0,i,0,17,4,2022-01-31,0.0,508,196,0,7398,12,165501,425,0.0,0.0,Burn,0
1,2004-09-08,6,127,True,True,,,1,0.2,33,487838,1,,0,0,3,-3,89.0,52,9,46,9.22,1,,2,2,4.3,4.3,0,0.79,0.16,1.04,0.21,0.25,9.12,1.83,0.05,Lewis,4.3,61,28,9,1.8,1,False,30.2,33,4,449,False,175.6,4,1,,449,,,53,226,30,p487838,0,0,,0,,487838.jpg,6.2,24,10,False,193,,44.5,"[{'offset': 0, 'projected_percent': '44.6', 'likelihood': 3}, {'offset': 1, 'projected_percent': '47.8', 'likelihood': 3}, {'offset': 2, 'projected_percent': '51.0', 'likelihood': 3}]",38,0,241,False,0,0.0,,[],Hall,20.8,16,5,False,,5,1.0,a,13,17,4,2024-07-01,38.0,129,36,31,2113149,10152,399239,3776,0.8,5.8,Hall,0
1,2002-11-12,0,12,True,True,50,50,0,0.0,1,441191,,,0,0,-1,1,3.8,317,114,3,8.18,,,0,2,0.5,0.5,0,0.01,0.03,0.01,0.03,0.00,0.18,0.49,0.0,Tino,1.0,229,82,1,2.73,0,False,1.3,369,130,450,False,5.0,360,135,,33,Unspecified injury - 50% chance of playing,2026-09-19T14:00:09.046677Z,49,361,65,p441191,0,0,,0,,441191.jpg,2.0,234,90,False,-4,,0.4,"[{'offset': 0, 'projected_percent': '0.4', 'likelihood': 1}, {'offset': 1, 'projected_percent': '0.4', 'likelihood': 1}, {'offset': 2, 'projected_percent': '0.3', 'likelihood': 1}]",4,0,241,False,0,0.0,,[],Livramento,0.1,443,162,False,,0,0.0,d,2,17,4,2023-08-08,4.0,306,111,4,10351,7,8398,170,0.2,0.8,Livramento,1
0,2004-06-25,0,0,False,True,0,0,0,0,0,545477,,,0,0,0,0,0.0,438,163,0,0,,,0,2,0.0,0.0,0,0.00,0,0.00,0,0.00,0.00,0,0,Alex,0.0,405,149,0,0,0,False,0.0,452,164,451,False,0.0,447,164,,0,Has joined FC Kaiserslautern on loan for the rest of the season,2026-08-12T14:05:29.224600Z,40,637,188,p545477,0,0,,0,,545477.jpg,0.0,470,169,False,-1,,0.0,"[{'offset': 0, 'projected_percent': '0.0', 'likelihood': 0}, {'offset': 1, 'projected_percent': '0.0', 'likelihood': 0}, {'offset': 2, 'projected_percent': '0.0', 'likelihood': 0}]",0,0,104,False,0,0,,[],Murphy,0.1,493,176,False,,0,0,u,0,17,4,2023-07-19,0.0,382,148,0,0,0,7160,27,0.0,0.0,A.Murphy,0
3,1997-12-09,3,105,True,True,,,1,0.2,14,201666,3,,0,0,1,-1,80.9,62,51,33,6.6,,,1,3,3.7,3.7,0,0.48,0.1,1.10,0.22,0.62,9.14,1.83,0.12,Harvey,3.7,81,31,9,1.8,1,False,28.2,39,28,453,False,105.2,67,22,,450,,,61,62,43,p201666,0,0,,0,,201666.jpg,5.6,34,17,False,217,,49.3,"[{'offset': 0, 'projected_percent': '49.6', 'likelihood': 3}, {'offset': 1, 'projected_percent': '53.1', 'likelihood': 3}, {'offset': 2, 'projected_percent': '56.7', 'likelihood': 3}]",16,0,241,False,0,0.0,,[],Barnes,8.2,45,16,False,,5,1.0,a,3,17,4,2023-07-23,96.0,39,22,28,967448,8331,209249,2246,0.6,4.6,Barnes,0
0,2002-04-27,2,71,True,True,0,0,1,0.39,2,449434,2,,0,0,1,-1,50.6,115,77,9,3.49,,,0,3,0.0,0.0,0,0.34,0.13,0.76,0.29,0.42,4.01,1.56,0.16,Anthony,0.0,656,293,3,1.16,2,False,19.4,94,50,454,False,82.6,113,35,,232,Unspecified injury - Unknown return date,2026-09-14T20:00:09.505598Z,61,63,44,p449434,0,0,,0,,449434.jpg,6.0,29,12,False,-376,,-56.7,"[{'offset': 0, 'projected_percent': '-57.1', 'likelihood': -3}, {'offset': 1, 'projected_percent': '-64.1', 'likelihood': -3}, {'offset': 2, 'projected_percent': '-71.0', 'likelihood': -3}]",3,0,206,False,0,0.0,https://www.newcastleunited.com/en/news/matthias-jaissles-team-news-update-elanga-latest-ahead-of-hull-visit,[],Elanga,3.4,100,33,False,,3,1.16,i,4,17,4,2025-07-11,61.0,71,43,18,1286331,27,1222141,9612,0.0,3.0,Elanga,1
0,2001-05-28,0,26,True,True,0,0,0,0.0,3,232653,,,0,0,-2,2,6.3,291,146,11,14.35,,,0,3,0.0,0.0,0,0.16,0.21,0.33,0.43,0.17,1.92,2.5,0.22,Jacob,0.0,523,207,1,1.3,1,False,6.7,257,114,456,False,40.4,215,92,,69,Thigh injury - Unknown return date,2026-09-15T09:00:08.191022Z,48,408,248,p232653,0,0,,0,,232653.jpg,2.3,205,90,False,-15,,-12.2,"[{'offset': 0, 'projected_percent': '-12.5', 'likelihood': -1}, {'offset': 1, 'projected_percent': '-17.0', 'likelihood': -1}, {'offset': 2, 'projected_percent': '-21.5', 'likelihood': -2}]",6,0,241,False,0,0.0,https://www.newcastleunited.com/en/news/matthias-jaissles-team-news-update-elanga-latest-ahead-of-hull-visit,[],Ramsey,0.2,327,115,False,,0,0.0,i,2,17,4,2025-08-17,21.0,181,96,7,16663,11,35004,340,0.0,1.5,J.Ramsey,1
0,1995-02-24,0,21,True,True,,,0,0.0,4,114243,4,,0,0,-1,1,26.9,193,111,18,8.95,,,0,3,0.3,0.3,0,0.41,0.2,0.44,0.21,0.03,4.96,2.47,0.01,Jacob,0.3,352,167,5,2.49,0,False,4.9,294,132,457,False,13.0,306,134,Jacob Murphy,181,,,59,79,52,p114243,0,0,,0,,114243.jpg,0.6,422,200,False,2,,-15.3,"[{'offset': 0, 'projected_percent': '-15.2', 'likelihood': -1}, {'offset': 1, 'projected_percent': '-12.7', 'likelihood': -1}, {'offset': 2, 'projected_percent': '-10.2', 'likelihood': -1}]",10,0,241,False,0,0.0,,[],Murphy,0.1,376,134,False,,2,0.99,a,4,17,4,2017-07-19,10.0,257,133,3,7157,84,11948,58,0.1,0.5,J.Murphy,3
0,1996-08-14,0,0,True,True,75,75,0,0,0,180974,,,0,0,-1,1,0.0,632,275,0,0,,,0,3,0.0,0.0,0,0.00,0,0.00,0,0.00,0.00,0,0,Joelinton Cássio,0.0,615,267,0,0,0,False,0.0,634,274,458,False,0.0,629,273,Joelinton,0,Unspecified injury - 75% chance of playing,2026-08-16T08:00:08.074045Z,54,169,107,p180974,0,0,,0,,180974.jpg,0.0,637,276,False,0,2026-10-16T14:00:12.032649Z,0.0,"[{'offset': 0, 'projected_percent': '0.0', 'likelihood': 0}, {'offset': 1, 'projected_percent': '0.0', 'likelihood': 0}, {'offset': 2, 'projected_percent': '0.0', 'likelihood': 0}]",0,0,30,False,0,0,https://www.newcastleunited.com/en/news/matthias-jaissles-team-news-update-warrior-joelinton-latest-ahead-of-coventry-trip,[],Apolinário de Lira,0.0,578,238,False,,0,0,d,0,17,4,2019-07-24,0.0,619,268,0,255,5,2300,3,0.0,0.0,Joelinton,0
0,2006-05-01,0,68,True,True,75,75,1,0.23,20,547719,5,,0,0,0,0,57.3,100,69,52,11.82,,,0,3,1.0,1.0,0,0.14,0.03,0.19,0.04,0.05,7.95,1.81,0.01,Lewis,1.3,217,101,8,1.82,0,False,12.0,182,89,459,False,58.4,167,64,,396,Unspecified injury - 75% chance of playing,2026-10-01T15:30:10.335504Z,55,158,99,p547719,1,0,,0,,547719.jpg,2.4,202,89,False,-5,,0.1,"[{'offset': 0, 'projected_percent': '0.1', 'likelihood': 1}, {'offset': 1, 'projected_percent': '-1.5', 'likelihood': -1}, {'offset': 2, 'projected_percent': '-8.9', 'likelihood': -1}]",26,0,241,False,0,0.0,,[],Miley,0.1,461,177,False,,5,1.14,d,6,17,4,2023-02-01,5.0,297,154,12,6391,2,6673,96,0.2,2.2,L.Miley,1
0,1999-08-20,3,80,True,True,,,1,0.32,4,200089,,,0,0,0,0,41.0,153,98,18,5.7,,,0,3,3.7,3.7,0,0.30,0.1,1.11,0.36,0.81,5.19,1.64,0.26,Joe,3.7,76,28,5,1.58,2,False,19.4,93,49,460,False,92.2,93,27,,284,,,50,253,158,p200089,0,0,,0,,200089.jpg,4.4,75,30,False,5,,20.9,"[{'offset': 0, 'projected_percent': '20.9', 'likelihood': 2}, {'offset': 1, 'projected_percent': '21.0', 'likelihood': 2}, {'offset': 2, 'projected_percent': '21.1', 'likelihood': 2}]",9,0,241,False,0,0.0,,[],Willock,0.6,224,71,False,,3,0.95,a,5,17,4,2021-08-13,68.0,64,39,22,78233,591,35354,381,0.7,4.4,Willock,0
0,2006-03-02,0,29,True,True,,,0,0.0,1,611665,,,0,0,-2,2,5.3,301,152,4,7.2,,,0,3,2.3,2.3,0,0.01,0.02,0.29,0.52,0.28,0.76,1.37,0.5,Bazoumana,2.3,141,61,1,1.8,1,False,6.4,265,118,461,False,37.6,227,98,,50,,,58,111,71,p611665,0,0,,0,,611665.jpg,2.7,180,78,False,0,,-30.8,"[{'offset': 0, 'projected_percent': '-30.8', 'likelihood': -2}, {'offset': 1, 'projected_percent': '-30.8', 'likelihood': -2}, {'offset': 2, 'projected_percent': '-30.8', 'likelihood': -2}]",3,0,54,False,0,0.0,,[],Touré,0.1,386,139,False,,0,0.0,a,0,17,4,2026-07-05,21.0,187,100,8,4105,40,17360,63,0.4,1.4,Touré,0
0,2008-01-11,0,42,True,True,,,1,0.4,9,636852,,,0,0,-1,1,52.2,112,74,21,8.48,,,0,3,1.7,1.7,0,0.06,0.02,0.06,0.02,0.00,4.23,1.71,0.0,Sean,1.7,176,79,5,2.02,0,False,8.8,225,103,462,False,35.4,235,101,,223,,,49,395,239,p636852,0,0,,0,,636852.jpg,1.6,268,119,False,-2,,-68.1,"[{'offset': 0, 'projected_percent': '-68.5', 'likelihood': -3}, {'offset': 1, 'projected_percent': '-74.4', 'likelihood': -3}, {'offset': 2, 'projected_percent': '-80.2', 'likelihood': -3}]",8,0,152,False,0,0.0,,[],Steur,0.1,462,178,False,,2,0.81,a,4,17,4,2026-07-09,0.0,559,236,8,2681,18,6667,46,0.3,1.6,Steur,0
1,2002-02-14,0,18,False,True,0,0,0,0.0,0,470313,,,0,0,-1,1,10.5,276,36,0,0.0,,,0,4,0.0,0.0,0,0.01,0.05,0.03,0.14,0.02,0.38,1.8,0.09,Nick,0.0,650,74,0,0.0,0,False,4.0,308,34,463,False,18.2,288,28,,19,Has joined Juventus on loan for the rest of the season,2026-09-02T16:07:16.549304Z,59,92,23,p470313,0,0,,0,,470313.jpg,4.0,94,10,False,-5,,0.0,"[{'offset': 0, 'projected_percent': '0.0', 'likelihood': 0}, {'offset': 1, 'projected_percent': '0.0', 'likelihood': 0}, {'offset': 2, 'projected_percent': '0.0', 'likelihood': 0}]",0,0,80,False,0,0.0,,[],Woltemade,0.5,256,42,False,,0,0.0,u,0,17,4,2025-08-30,11.0,252,36,4,14520,0,144141,239,0.0,0.7,Woltemade,0
1,1996-09-03,2,54,True,True,,,1,0.2,6,216646,,,0,0,2,-2,60.6,92,8,27,5.51,,,0,4,0.7,0.7,0,0.06,0.01,2.41,0.49,2.35,7.97,1.63,0.48,Yoane,0.7,285,34,8,1.63,1,False,23.3,62,12,464,False,66.6,141,11,,441,,,62,55,13,p216646,0,1,2,0,,216646.jpg,3.0,159,15,False,-275,,110.6,"[{'offset': 0, 'projected_percent': '110.4', 'likelihood': 5}, {'offset': 1, 'projected_percent': '105.8', 'likelihood': 5}, {'offset': 2, 'projected_percent': '101.3', 'likelihood': 5}]",15,0,50,False,0,0.0,,[],Wissa,19.0,19,4,False,,5,1.02,a,6,17,4,2025-09-01,106.0,31,12,15,2479138,7368,878631,15627,0.1,2.4,Wissa,2
1,2003-08-04,0,18,True,True,50,50,0,0.0,2,538207,,,0,0,-2,2,13.7,254,29,5,8.18,4,,0,4,0.0,0.0,0,0.14,0.23,0.20,0.33,0.06,1.48,2.42,0.1,William,0.0,643,71,1,1.64,0,False,5.0,292,33,465,False,28.2,260,25,,55,Foot injury - 50% chance of playing,2026-08-25T19:00:08.004915Z,58,108,28,p538207,0,0,1,0,,538207.jpg,4.0,93,9,False,0,2026-10-16T20:30:11.173862Z,0.0,"[{'offset': 0, 'projected_percent': '0.0', 'likelihood': 0}, {'offset': 1, 'projected_percent': '0.0', 'likelihood': 0}, {'offset': 2, 'projected_percent': '0.0', 'likelihood': 0}]",2,0,58,False,0,0.0,,[],Osula,0.3,295,49,False,,1,1.64,d,1,17,4,2024-08-08,8.0,273,38,4,21767,59,88407,135,0.0,0.7,Osula,0
0,2007-05-27,0,0,False,True,0,0,0,0,0,599303,,,0,0,0,0,0.0,531,59,0,0,,,0,4,0.0,0.0,0,0.00,0,0.00,0,0.00,0.00,0,0,Sean,0.0,502,52,0,0,0,False,0.0,540,59,466,False,0.0,535,55,,0,Has joined Wolves on loan for the rest of the season,2026-09-04T12:37:43.515176Z,45,515,76,p599303,0,0,,0,,599303.jpg,0.0,553,61,False,-8,,0.0,"[{'offset': 0, 'projected_percent': '0.0', 'likelihood': 0}, {'offset': 1, 'projected_percent': '0.0', 'likelihood': 0}, {'offset': 2, 'projected_percent': '0.0', 'likelihood': 0}]",0,0,241,False,0,0,,[],Neave,0.5,254,41,False,,0,0,u,0,17,4,2025-02-07,0.0,489,54,0,23805,0,55676,320,0.0,0.0,Neave,0
0,2006-07-14,0,12,True,True,,,0,0.0,3,632794,,,0,0,-1,1,0.4,378,188,8,26.67,,,0,3,0.7,0.7,0,0.00,0.0,0.00,0.0,0.00,1.29,4.3,0.0,Aladji,0.7,264,123,1,3.33,0,False,1.2,373,176,559,False,11.6,314,140,,27,,,49,394,238,p632794,0,0,,0,,632794.jpg,1.0,360,163,False,-3,,-96.1,"[{'offset': 0, 'projected_percent': '-96.4', 'likelihood': -4}, {'offset': 1, 'projected_percent': '-102.9', 'likelihood': -5}, {'offset': 2, 'projected_percent': '-109.3', 'likelihood': -5}]",2,0,73,False,0,0.0,,[],Bamba,0.1,428,159,False,,0,0.0,a,3,17,4,2026-07-24,0.0,558,235,3,2684,22,8037,33,0.1,0.6,Bamba,0
0,2002-07-13,0,72,True,True,,,1,0.2,11,470551,,,0,0,0,0,0.0,605,69,0,0.0,,,0,1,1.3,1.3,0,0.00,0.0,0.00,0.0,0.00,9.14,1.83,0.0,Lukás,1.3,209,18,9,1.8,0,False,15.5,133,2,567,False,155.6,12,1,,450,,,50,286,12,p470551,0,0,,0,,470551.jpg,2.8,171,15,False,-21,,26.8,"[{'offset': 0, 'projected_percent': '26.8', 'likelihood': 2}, {'offset': 1, 'projected_percent': '26.4', 'likelihood': 2}, {'offset': 2, 'projected_percent': '26.1', 'likelihood': 2}]",31,0,57,False,19,3.8,,[],Hornícek,1.5,144,22,False,,5,1.0,a,0,17,4,2026-08-03,0.0,582,68,14,161041,134,79270,575,0.3,2.8,Horníček,1
1,2002-08-18,2,36,True,True,50,50,1,0.28,16,463726,,,0,0,0,0,40.7,155,41,24,6.61,3,,1,2,0.0,0.0,0,0.08,0.02,0.22,0.06,0.14,7.38,2.03,0.04,Amar,0.0,473,185,7,1.93,0,False,12.6,175,63,593,False,70.0,133,59,,327,Unspecified injury - 50% chance of playing,2026-09-17T14:30:09.823731Z,45,475,115,p463726,0,0,,0,,463726.jpg,3.2,131,54,False,0,2026-10-16T20:30:11.350437Z,-0.1,"[{'offset': 0, 'projected_percent': '-0.1', 'likelihood': -1}, {'offset': 1, 'projected_percent': '-0.1', 'likelihood': -1}, {'offset': 2, 'projected_percent': '-0.1', 'likelihood': -1}]",15,0,27,False,0,0.0,https://www.newcastleunited.com/en/news/matthias-jaissles-team-news-update-elanga-latest-ahead-of-hull-visit,[],Dedic,1.4,150,62,False,,4,1.1,d,8,17,4,2026-08-18,15.0,217,69,13,448412,43,350120,2811,0.0,2.9,Dedić,0
0,2007-03-18,0,0,False,True,0,0,0,0,0,553746,,,0,0,0,0,0.0,442,167,0,0,,,0,2,0.0,0.0,0,0.00,0,0.00,0,0.00,0.00,0,0,Leo,0.0,409,153,0,0,0,False,0.0,456,168,609,False,0.0,451,168,,0,has joined Arouca on loan for the rest of the seaon.,2026-09-11T14:41:57.406766Z,40,641,192,p553746,0,0,,0,,553746.jpg,0.0,474,173,False,0,,0.0,"[{'offset': 0, 'projected_percent': '0.0', 'likelihood': 0}, {'offset': 1, 'projected_percent': '0.0', 'likelihood': 0}, {'offset': 2, 'projected_percent': '0.0', 'likelihood': 0}]",0,0,241,False,0,0,,[],Shahar,0.2,357,134,False,,0,0,u,0,17,4,2024-08-08,0.0,386,152,0,18236,0,16539,157,0.0,0.0,Shahar,0
0,2005-02-03,0,16,True,True,,,0,0.0,0,613221,,,0,0,0,0,12.5,261,30,5,2.87,,,0,4,1.0,1.0,0,0.01,0.01,0.06,0.04,0.05,2.94,1.69,0.03,Matias,1.0,245,27,4,2.29,0,False,3.1,319,35,634,False,3.4,374,37,,157,,,60,74,19,p613221,0,0,,0,,613221.jpg,1.3,297,34,False,0,,1.7,"[{'offset': 0, 'projected_percent': '1.7', 'likelihood': 1}, {'offset': 1, 'projected_percent': '1.7', 'likelihood': 1}, {'offset': 2, 'projected_percent': '1.7', 'likelihood': 1}]",3,0,21,False,0,0.0,,[],Fernandez-Pardo,0.1,374,57,False,,2,1.15,a,2,17,4,2026-09-01,15.0,223,33,4,20175,190,7806,155,0.2,0.7,Fernandez-Pardo,0
0,2008-09-29,0,0,True,True,,,0,0,0,665243,,,0,0,0,0,0.0,543,228,0,0,,,0,3,0.0,0.0,0,0.00,0,0.00,0,0.00,0.00,0,0,Mason,0.0,515,202,0,0,0,False,0.0,552,223,659,False,0.0,547,222,,0,,,45,533,279,p665243,0,0,,0,,665243.jpg,0.0,565,233,False,-2,,0.3,"[{'offset': 0, 'projected_percent': '0.3', 'likelihood': 1}, {'offset': 1, 'projected_percent': '0.3', 'likelihood': 1}, {'offset': 2, 'projected_percent': '0.3', 'likelihood': 1}]",0,0,241,False,0,0,,[],Miley,0.0,498,195,False,,0,0,a,0,17,4,2026-07-24,0.0,504,201,0,6106,188,1725,68,0.0,0.0,Miley,0
0,2005-05-17,0,0,True,True,,,0,0,0,578512,,,0,0,0,0,0.0,447,172,0,0,,,0,2,0.0,0.0,0,0.00,0,0.00,0,0.00,0.00,0,0,Miodrag,0.0,414,158,0,0,0,False,0.0,461,173,663,False,0.0,456,173,,0,,,40,649,200,p578512,0,0,,0,,578512.jpg,0.0,478,177,False,0,,0.1,"[{'offset': 0, 'projected_percent': '0.1', 'likelihood': 1}, {'offset': 1, 'projected_percent': '0.1', 'likelihood': 1}, {'offset': 2, 'projected_percent': '0.1', 'likelihood': 1}]",0,0,190,False,0,0,,[],Pivas,0.0,620,210,False,,0,0,a,0,17,4,2026-07-24,0.0,392,158,0,661,34,109,10,0.0,0.0,Pivas,0
0,2007-08-30,0,0,True,True,,,0,0,0,601767,,,0,0,0,0,0.0,532,60,0,0,,,0,4,0.0,0.0,0,0.00,0,0.00,0,0.00,0.00,0,0,Vakhtang,0.0,503,53,0,0,0,False,0.0,541,60,664,False,0.0,536,56,,0,,,45,516,77,p601767,0,0,,0,,601767.jpg,0.0,554,62,False,47,,3.4,"[{'offset': 0, 'projected_percent': '3.4', 'likelihood': 1}, {'offset': 1, 'projected_percent': '4.2', 'likelihood': 1}, {'offset': 2, 'projected_percent': '5.0', 'likelihood': 1}]",0,0,79,False,0,0,,[],Salia,0.2,333,52,False,,0,0,a,0,17,4,2026-07-24,0.0,490,55,0,19835,1699,3530,284,0.0,0.0,Salia,0
0,2009-02-18,0,0,True,True,,,0,0,0,655585,,,0,0,0,0,0.0,540,226,0,0,,,0,3,0.0,0.0,0,0.00,0,0.00,0,0.00,0.00,0,0,Michael,0.0,513,200,0,0,0,False,0.0,549,221,665,False,0.0,544,220,,0,,,45,530,277,p655585,0,0,,0,,655585.jpg,0.0,563,231,False,0,,0.0,"[{'offset': 0, 'projected_percent': '0.0', 'likelihood': 0}, {'offset': 1, 'projected_percent': '0.0', 'likelihood': 0}, {'offset': 2, 'projected_percent': '0.0', 'likelihood': 0}]",0,0,241,False,0,0,,[],Mills,0.0,647,282,False,,0,0,a,0,17,4,2026-09-18,0.0,501,199,0,273,18,56,4,0.0,0.0,Mills,0
0,2009-09-06,0,0,True,True,,,0,0,0,671875,,,0,0,0,0,0.0,544,229,0,0,,,0,3,0.0,0.0,0,0.00,0,0.00,0,0.00,0.00,0,0,Kyran,0.0,516,203,0,0,0,False,0.0,553,224,666,False,0.0,548,223,,0,,,45,534,280,p671875,0,0,,0,,671875.jpg,0.0,566,234,False,0,,0.0,"[{'offset': 0, 'projected_percent': '0.0', 'likelihood': 0}, {'offset': 1, 'projected_percent': '0.0', 'likelihood': 0}, {'offset': 2, 'projected_percent': '0.0', 'likelihood': 0}]",0,0,241,False,0,0,,[],Thompson,0.0,639,275,False,,0,0,a,0,17,4,2026-09-18,0.0,505,202,0,361,22,63,4,0.0,0.0,Thompson,0
0,2003-02-08,0,49,True,True,,,1,0.32,5,463034,,,0,0,1,-1,68.6,79,7,17,5.52,,,0,4,2.0,2.0,0,0.35,0.11,1.24,0.4,0.89,2.62,0.85,0.29,Liam,2.0,160,16,3,0.97,1,False,17.9,109,16,167,False,40.0,217,18,,277,,,56,121,31,p463034,0,0,3,0,,463034.jpg,2.2,226,23,False,-126,,-24.4,"[{'offset': 0, 'projected_percent': '-24.9', 'likelihood': -2}, {'offset': 1, 'projected_percent': '-33.9', 'likelihood': -2}, {'offset': 2, 'projected_percent': '-42.8', 'likelihood': -3}]",10,0,241,False,0,0.0,,[],Delap,2.4,112,17,False,,3,0.97,a,2,18,17,2026-08-27,71.0,61,18,9,330997,1183,132070,4206,0.4,1.6,Delap,2
0,1996-05-26,0,29,True,True,,,0,0.0,8,247348,,,0,0,-1,1,62.3,90,19,15,5.25,,,0,2,1.3,1.3,0,0.21,0.07,0.81,0.28,0.60,2.59,0.91,0.21,Daniel,1.3,211,74,4,1.4,0,False,18.1,106,35,201,False,39.2,220,88,,257,,,54,182,21,p247348,0,0,,0,,247348.jpg,1.2,304,106,False,-193,,-69.2,"[{'offset': 0, 'projected_percent': '-69.6', 'likelihood': -3}, {'offset': 1, 'projected_percent': '-75.7', 'likelihood': -3}, {'offset': 2, 'projected_percent': '-81.8', 'likelihood': -3}]",8,0,48,False,0,0.0,,[],Muñoz Mejía,5.4,71,27,False,,3,1.05,a,7,18,17,2026-08-31,79.0,49,4,5,169324,395,523042,3915,0.2,0.9,Muñoz,0
0,1992-02-26,0,67,True,True,,,1,0.2,6,85633,,,0,0,0,0,0.0,587,63,0,0.0,,,0,1,1.7,1.7,0,0.01,0.0,0.01,0.0,0.00,4.77,0.95,0.0,Matz,1.7,177,16,5,1.0,0,False,8.2,234,19,467,False,82.0,114,19,,450,,,50,240,5,p85633,0,0,,0,,85633.jpg,2.8,169,14,False,-10,,2.2,"[{'offset': 0, 'projected_percent': '2.2', 'likelihood': 1}, {'offset': 1, 'projected_percent': '2.0', 'likelihood': 1}, {'offset': 2, 'projected_percent': '1.8', 'likelihood': 1}]",46,0,21,False,11,2.2,,[],Sels,1.5,143,21,False,,5,1.0,a,0,18,17,2024-02-01,0.0,562,61,14,70737,73,71497,605,0.3,2.8,Sels,0
0,1996-02-13,0,0,True,True,,,0,0,0,221389,,,0,0,0,0,0.0,491,46,0,0,,,0,1,0.0,0.0,0,0.00,0,0.00,0,0.00,0.00,0,0,John Victor,0.0,462,59,0,0,0,False,0.0,501,61,468,False,0.0,496,61,John Victor,0,,,45,454,32,p221389,0,0,,0,,221389.jpg,0.0,516,61,False,0,,-85.6,"[{'offset': 0, 'projected_percent': '-85.6', 'likelihood': -3}, {'offset': 1, 'projected_percent': '-85.6', 'likelihood': -3}, {'offset': 2, 'projected_percent': '-85.6', 'likelihood': -3}]",0,0,30,False,0,0,,[],Maciel Furtado,0.1,485,57,False,,0,0,a,0,18,17,2025-08-31,0.0,442,41,0,922,8,2135,10,0.0,0.0,John,0
1,2001-04-13,1,85,True,True,50,50,1,0.2,15,215136,2,,0,0,0,0,123.7,28,4,29,5.8,3,,0,2,0.7,0.7,0,0.61,0.12,1.02,0.2,0.41,4.77,0.95,0.08,Neco,1.3,208,73,5,1.0,0,False,25.6,50,7,469,False,90.4,97,45,,450,Illness - 50% chance of playing,2026-10-09T14:30:11.466887Z,50,260,38,p215136,0,0,,0,,215136.jpg,3.8,99,43,False,-759,,-30.8,"[{'offset': 0, 'projected_percent': '-31.3', 'likelihood': -2}, {'offset': 1, 'projected_percent': '-41.1', 'likelihood': -3}, {'offset': 2, 'projected_percent': '-50.9', 'likelihood': -3}]",28,0,244,False,0,0.0,https://www.nottinghamforest.co.uk/news/2026/october/09/team-news---duo-ruled-out-of-palace-trip/,[],Williams,7.2,55,20,False,,5,1.0,d,14,18,17,2022-07-11,42.0,114,27,19,333272,52,526335,17591,0.3,3.8,N.Williams,0
0,2001-06-30,0,0,False,True,0,0,0,0,0,485047,,,0,0,0,0,0.0,606,211,0,0,,,0,2,0.0,0.0,0,0.00,0,0.00,0,0.00,0.00,0,0,Felipe,0.0,581,206,0,0,0,False,0.0,606,211,470,False,0.0,600,211,Morato,0,Has joined West Ham on loan for the rest of the season,2026-09-02T16:19:54.503286Z,50,288,47,p485047,0,0,,0,,485047.jpg,0.0,612,212,False,0,,0.0,"[{'offset': 0, 'projected_percent': '0.0', 'likelihood': 0}, {'offset': 1, 'projected_percent': '0.0', 'likelihood': 0}, {'offset': 2, 'projected_percent': '0.0', 'likelihood': 0}]",0,0,30,False,0,0,,[],Rodrigues da Silva,0.0,576,197,False,,0,0,u,0,18,17,2024-08-30,0.0,583,208,0,424,0,3796,12,0.0,0.0,Morato,0
0,1997-10-12,0,34,True,True,0,0,1,0.33,26,227444,,,0,0,-1,1,1.4,347,126,31,10.33,,,0,2,0.0,0.0,0,0.03,0.01,0.14,0.05,0.11,3.28,1.09,0.04,Nikola,0.0,617,211,3,1.0,0,False,7.0,250,95,471,False,53.2,180,76,,270,Knee injury - Unknown return date,2026-09-12T14:00:09.705107Z,54,178,20,p227444,0,0,,0,,227444.jpg,4.0,90,41,False,-54,,-18.1,"[{'offset': 0, 'projected_percent': '-18.4', 'likelihood': -1}, {'offset': 1, 'projected_percent': '-22.1', 'likelihood': -2}, {'offset': 2, 'projected_percent': '-25.9', 'likelihood': -2}]",12,0,190,False,0,0.0,https://www.nottinghamforest.co.uk/news/2026/october/09/team-news---duo-ruled-out-of-palace-trip/,[],Milenković,0.9,188,72,False,,3,1.0,i,5,18,17,2024-07-18,16.0,212,66,12,18050,6,120458,1121,0.0,2.2,Milenković,1
1,2002-07-04,0,76,True,True,100,100,1,0.2,44,575476,,,0,0,0,0,62.6,89,18,53,10.62,2,,0,2,3.3,3.3,0,0.37,0.07,0.79,0.15,0.42,4.77,0.96,0.08,Murillo,3.3,86,35,5,1.0,0,False,21.4,80,21,472,False,124.2,38,17,Murillo,449,,2026-07-23T12:01:23.801183Z,55,162,17,p575476,0,0,,0,,575476.jpg,4.6,67,29,False,-25,,28.0,"[{'offset': 0, 'projected_percent': '28.0', 'likelihood': 2}, {'offset': 1, 'projected_percent': '27.6', 'likelihood': 2}, {'offset': 2, 'projected_percent': '27.1', 'likelihood': 2}]",18,0,30,False,0,0.0,,[],Costa dos Santos,2.2,120,47,False,,5,1.0,a,9,18,17,2023-08-31,27.0,160,48,23,120611,521,72192,1136,0.6,4.2,Murillo,1
0,1996-10-08,0,45,True,True,,,1,0.29,12,159506,,,0,0,-1,1,53.3,105,26,22,6.47,,,0,2,0.7,0.7,0,0.53,0.16,0.57,0.17,0.04,3.72,1.09,0.01,Ola,0.7,254,88,3,0.88,0,False,12.7,173,61,473,False,58.2,168,72,,306,,,44,544,136,p159506,0,0,,0,,159506.jpg,2.0,230,87,False,-84,,-14.4,"[{'offset': 0, 'projected_percent': '-14.8', 'likelihood': -1}, {'offset': 1, 'projected_percent': '-21.6', 'likelihood': -2}, {'offset': 2, 'projected_percent': '-28.4', 'likelihood': -2}]",14,0,157,False,0,0.0,,[],Aina,2.1,122,48,False,,4,1.18,a,10,18,17,2023-07-22,15.0,216,68,8,70904,95,198095,2128,0.2,1.8,Aina,2
0,2005-03-07,0,40,True,True,100,100,1,0.25,29,575458,,,0,0,0,0,14.2,248,88,36,9.0,,,0,2,0.3,0.3,0,0.02,0.0,0.07,0.01,0.05,3.95,0.99,0.01,Jair,0.3,311,113,4,1.0,0,False,8.6,226,83,474,False,69.6,134,60,Jair Cunha,360,,2026-09-12T14:00:09.724349Z,45,505,126,p575458,0,0,,0,,575458.jpg,2.8,165,66,False,-5,,-54.3,"[{'offset': 0, 'projected_percent': '-54.6', 'likelihood': -3}, {'offset': 1, 'projected_percent': '-59.0', 'likelihood': -3}, {'offset': 2, 'projected_percent': '-63.5', 'likelihood': -3}]",8,0,30,False,0,0.0,,[],Paula da Cunha Filho,0.2,343,129,False,,4,1.0,a,7,18,17,2025-07-11,2.0,321,121,11,10344,21,13901,63,0.1,2.4,Jair Cunha,2
0,2003-03-19,0,0,True,True,0,0,0,0,0,500151,,,0,0,0,0,0.0,508,193,0,0,,,0,2,0.0,0.0,0,0.00,0,0.00,0,0.00,0.00,0,0,Nicolò,0.0,479,186,0,0,0,False,0.0,516,194,475,False,0.0,511,194,,0,Knee injury - Unknown return date,2026-07-23T12:01:23.816304Z,45,486,118,p500151,0,0,,0,,500151.jpg,0.0,531,196,False,0,,-23.9,"[{'offset': 0, 'projected_percent': '-23.9', 'likelihood': -2}, {'offset': 1, 'projected_percent': '-23.9', 'likelihood': -2}, {'offset': 2, 'projected_percent': '-23.9', 'likelihood': -2}]",0,0,106,False,0,0,https://www.nottinghamforest.co.uk/news/2026/september/10/live-blog---pre-aston-villa-press-conference/,[],Savona,0.0,654,215,False,,0,0,i,0,18,17,2025-08-30,0.0,465,186,0,256,4,298,1,0.0,0.0,Savona,0
0,1998-02-15,0,0,True,True,,,0,0,0,204822,,,0,0,0,0,0.0,417,153,0,0,,,0,2,0.0,0.0,0,0.00,0,0.00,0,0.00,0.00,0,0,Omar,0.0,380,135,0,0,0,False,0.0,431,154,476,False,0.0,426,154,,0,,,40,607,169,p204822,0,0,,0,,204822.jpg,0.0,449,159,False,1,,-82.4,"[{'offset': 0, 'projected_percent': '-82.4', 'likelihood': -3}, {'offset': 1, 'projected_percent': '-81.9', 'likelihood': -3}, {'offset': 2, 'projected_percent': '-81.5', 'likelihood': -3}]",0,0,241,False,0,0,,[],Richards,0.2,329,123,False,,0,0,a,0,18,17,2022-07-10,0.0,361,138,0,4236,32,9023,70,0.0,0.0,O.Richards,0
0,2006-05-13,0,0,False,True,0,0,0,0,0,549067,,,0,0,0,0,0.0,441,166,0,0,,,0,2,0.0,0.0,0,0.00,0,0.00,0,0.00,0.00,0,0,Zach,0.0,408,152,0,0,0,False,0.0,455,167,477,False,0.0,450,167,,0,Has joined Southampton on loan for the rest of the season,2026-09-02T16:19:54.536676Z,40,640,191,p549067,0,0,,0,,549067.jpg,0.0,473,172,False,-1,,0.0,"[{'offset': 0, 'projected_percent': '0.0', 'likelihood': 0}, {'offset': 1, 'projected_percent': '0.0', 'likelihood': 0}, {'offset': 2, 'projected_percent': '0.0', 'likelihood': 0}]",0,0,241,False,0,0,,[],Abbott,0.1,380,144,False,,0,0,u,0,18,17,2022-08-22,0.0,385,151,0,2459,0,14887,85,0.0,0.0,Abbott,0
0,2003-05-15,0,8,True,True,,,0,0.0,0,470315,,,0,0,-1,1,17.5,226,77,1,3.33,,,0,2,0.3,0.3,0,0.02,0.07,0.02,0.07,0.00,0.13,0.43,0.0,Luca,0.3,305,109,1,3.33,0,False,2.6,333,120,478,False,6.0,355,132,,27,,,44,560,147,p470315,0,0,,0,,470315.jpg,1.0,327,124,False,0,,-11.2,"[{'offset': 0, 'projected_percent': '-11.2', 'likelihood': -1}, {'offset': 1, 'projected_percent': '-11.2', 'likelihood': -1}, {'offset': 2, 'projected_percent': '-11.2', 'likelihood': -1}]",1,0,80,False,0,0.0,,[],Netz,0.0,540,187,False,,0,0.0,a,1,18,17,2026-02-02,2.0,319,119,3,738,9,1684,4,0.1,0.7,Netz,0
0,2005-01-27,0,0,False,True,0,0,0,0,0,538638,,,0,0,0,0,0.0,437,162,0,0,,,0,2,0.0,0.0,0,0.00,0,0.00,0,0.00,0.00,0,0,Tyler,0.0,403,147,0,0,0,False,0.0,451,163,479,False,0.0,446,163,,0,Has joined Charlton Athletic on loan for the rest of the season,2026-09-01T13:16:05.383880Z,40,635,186,p538638,0,0,,0,,538638.jpg,0.0,469,168,False,0,,0.0,"[{'offset': 0, 'projected_percent': '0.0', 'likelihood': 0}, {'offset': 1, 'projected_percent': '0.0', 'likelihood': 0}, {'offset': 2, 'projected_percent': '0.0', 'likelihood': 0}]",0,0,154,False,0,0,,[],Bindon,0.1,412,152,False,,0,0,u,0,18,17,2025-02-03,0.0,381,147,0,799,0,9259,49,0.0,0.0,Bindon,0
2,2000-01-27,6,116,True,True,100,100,1,0.2,2,222531,,,0,0,0,0,204.7,3,3,21,4.2,1,,1,3,3.3,3.3,0,1.42,0.28,2.98,0.59,1.56,4.77,0.95,0.31,Morgan,3.3,92,35,5,1.0,1,False,40.6,11,10,480,False,123.4,39,13,,450,,2026-08-24T15:30:08.350159Z,80,7,5,p222531,0,0,1,0,,222531.jpg,5.6,35,18,False,-320,,56.8,"[{'offset': 0, 'projected_percent': '56.5', 'likelihood': 3}, {'offset': 1, 'projected_percent': '51.2', 'likelihood': 3}, {'offset': 2, 'projected_percent': '46.0', 'likelihood': 3}]",14,0,241,False,0,0.0,,[],Gibbs-White,15.7,29,11,False,,5,1.0,a,5,18,17,2022-08-19,78.0,51,31,28,1350691,3773,801153,11249,0.4,3.5,Gibbs-White,0
0,2000-11-07,0,2,True,True,100,100,0,0.0,0,209046,,,0,0,-2,2,0.3,385,193,0,0.0,4,,0,3,0.0,0.0,0,0.00,0.0,0.00,0.0,0.00,0.00,0.0,0.0,Callum,0.0,640,283,0,0.0,0,False,0.0,652,287,482,False,0.0,647,286,,1,,2026-07-23T12:01:23.832709Z,58,100,63,p209046,0,0,,0,,209046.jpg,1.0,398,188,False,0,,-59.2,"[{'offset': 0, 'projected_percent': '-59.2', 'likelihood': -3}, {'offset': 1, 'projected_percent': '-59.2', 'likelihood': -3}, {'offset': 2, 'projected_percent': '-59.2', 'likelihood': -3}]",0,0,241,False,0,0.0,,[],Hudson-Odoi,0.1,373,133,False,,0,0.0,a,0,18,17,2023-09-01,0.0,643,284,1,5616,42,18392,60,0.0,0.2,Hudson-Odoi,0
0,2000-10-25,2,44,True,True,,,1,0.28,3,456512,,,0,0,0,0,63.6,87,64,20,5.7,,,0,3,0.7,0.7,0,0.93,0.26,2.18,0.62,1.25,3.84,1.09,0.36,Dan,0.7,279,133,3,0.85,1,False,19.0,98,53,483,False,39.0,221,95,,316,,,55,147,90,p456512,0,0,,0,,456512.jpg,3.0,158,69,False,-22,,11.4,"[{'offset': 0, 'projected_percent': '11.4', 'likelihood': 1}, {'offset': 1, 'projected_percent': '11.1', 'likelihood': 1}, {'offset': 2, 'projected_percent': '10.7', 'likelihood': 1}]",15,0,207,False,0,0.0,,[],Ndoye,0.6,225,72,False,,5,1.42,a,2,18,17,2025-07-31,90.0,41,24,15,73694,82,59062,658,0.1,2.7,Ndoye,1
0,2003-10-30,0,0,False,True,0,0,0,0,0,503301,,,0,0,-1,1,0.0,637,279,0,0,,,0,3,0.0,0.0,0,0.00,0,0.00,0,0.00,0.00,0,0,Omari,0.0,624,272,0,0,0,False,0.0,639,278,484,False,0.0,634,277,,0,Has joined AC Milan on loan for the rest of the season,2026-09-01T13:23:52.340206Z,54,196,122,p503301,0,0,,0,,503301.jpg,0.0,641,280,False,-2,,0.0,"[{'offset': 0, 'projected_percent': '0.0', 'likelihood': 0}, {'offset': 1, 'projected_percent': '0.0', 'likelihood': 0}, {'offset': 2, 'projected_percent': '0.0', 'likelihood': 0}]",0,0,241,False,0,0,,[],Hutchinson,0.1,467,181,False,,0,0,u,0,18,17,2025-08-16,0.0,624,272,0,427,0,11282,27,0.0,0.0,Hutchinson,0
0,2002-08-26,0,0,False,True,0,0,0,0,0,476887,,,0,0,0,0,0.0,650,285,0,0,,,0,3,0.0,0.0,0,0.00,0,0.00,0,0.00,0.00,0,0,Dilane,0.0,636,279,0,0,0,False,0.0,649,284,485,False,0.0,644,283,,0,Has joined Lille on loan for the rest of the season,2026-08-27T14:53:03.381941Z,55,152,94,p476887,0,0,,0,,476887.jpg,0.0,651,286,False,0,,0.0,"[{'offset': 0, 'projected_percent': '0.0', 'likelihood': 0}, {'offset': 1, 'projected_percent': '0.0', 'likelihood': 0}, {'offset': 2, 'projected_percent': '0.0', 'likelihood': 0}]",0,0,73,False,0,0,,[],Bakwa,0.0,637,273,False,,0,0,u,0,18,17,2025-09-01,0.0,638,279,0,107,0,1195,1,0.0,0.0,Bakwa,0
0,2002-10-18,0,91,True,True,,,2,0.43,9,432714,1,,0,0,0,0,174.8,7,7,39,8.44,,,0,3,1.7,1.7,0,0.96,0.21,1.33,0.29,0.37,4.55,0.98,0.08,James,1.7,187,85,4,0.87,0,False,27.6,43,32,486,False,62.4,157,59,,416,,,55,143,87,p432714,0,0,,0,,432714.jpg,2.4,201,88,False,-4,,2.3,"[{'offset': 0, 'projected_percent': '2.3', 'likelihood': 1}, {'offset': 1, 'projected_percent': '2.2', 'likelihood': 1}, {'offset': 2, 'projected_percent': '2.1', 'likelihood': 1}]",21,0,241,False,0,0.0,,[],McAtee,0.1,415,151,False,,5,1.08,a,9,18,17,2025-08-16,38.0,130,71,12,10394,34,6853,97,0.3,2.2,McAtee,2
0,1998-06-28,0,3,True,True,,,0,0.0,0,250199,,,0,0,-1,1,0.0,568,241,0,0.0,,,0,3,0.0,0.0,0,0.00,0.0,0.00,0.0,0.00,0.00,0.0,0.0,Nicolás,0.0,544,220,0,0.0,0,False,0.0,575,237,487,False,0.2,404,190,,1,,,49,357,213,p250199,0,0,,0,,250199.jpg,1.0,350,154,False,0,,-94.8,"[{'offset': 0, 'projected_percent': '-94.8', 'likelihood': -3}, {'offset': 1, 'projected_percent': '-94.8', 'likelihood': -3}, {'offset': 2, 'projected_percent': '-94.8', 'likelihood': -3}]",0,0,10,False,0,0.0,,[],Domínguez,0.1,491,192,False,,0,0.0,a,0,18,17,2023-09-01,0.0,535,218,1,1234,5,4353,21,0.0,0.2,Dominguez,0
0,1997-12-02,0,15,True,True,100,100,0,0.0,4,210462,,,0,0,-2,2,13.7,253,133,8,6.86,,,0,3,0.7,0.7,0,0.02,0.02,0.11,0.1,0.09,0.56,0.48,0.08,Ibrahim,0.7,259,121,1,0.86,0,False,4.1,305,138,488,False,21.6,278,118,,105,,2026-08-28T09:30:07.471668Z,48,405,245,p210462,0,0,,0,,210462.jpg,1.3,285,128,False,-10,,-11.7,"[{'offset': 0, 'projected_percent': '-11.9', 'likelihood': -1}, {'offset': 1, 'projected_percent': '-16.5', 'likelihood': -1}, {'offset': 2, 'projected_percent': '-21.0', 'likelihood': -2}]",3,0,54,False,0,0.0,,[],Sangaré,0.4,275,91,False,,1,0.86,a,1,18,17,2023-09-01,5.0,293,151,4,9879,76,74608,189,0.1,0.8,I.Sangaré,0
0,1997-11-21,0,0,True,True,100,100,0,0,0,204968,,,0,0,-1,1,0.0,463,200,0,0,,,0,3,0.0,0.0,0,0.00,0,0.00,0,0.00,0.00,0,0,Ryan,0.0,432,172,0,0,0,False,0.0,476,195,489,False,0.0,471,194,,0,,2026-08-17T20:30:08.195072Z,44,549,286,p204968,0,0,,0,,204968.jpg,0.0,492,205,False,-1,,-1.1,"[{'offset': 0, 'projected_percent': '-1.1', 'likelihood': -1}, {'offset': 1, 'projected_percent': '-1.3', 'likelihood': -1}, {'offset': 2, 'projected_percent': '-1.5', 'likelihood': -1}]",0,0,241,False,0,0,,[],Yates,1.1,168,51,False,,0,0,a,0,18,17,2018-08-01,0.0,413,172,0,32983,513,99866,522,0.0,0.0,Yates,0
0,1991-12-07,0,13,True,True,,,0,0.0,0,60689,,,0,0,-2,2,4.8,307,39,1,1.45,,,0,4,0.7,0.7,0,0.01,0.01,0.13,0.18,0.12,0.53,0.77,0.17,Chris,0.7,280,32,1,1.45,0,False,0.7,385,44,490,False,1.2,395,43,,62,,,58,97,25,p60689,0,0,2,0,,60689.jpg,1.0,397,45,False,-6,,-51.9,"[{'offset': 0, 'projected_percent': '-52.0', 'likelihood': -3}, {'offset': 1, 'projected_percent': '-53.1', 'likelihood': -3}, {'offset': 2, 'projected_percent': '-54.2', 'likelihood': -3}]",1,0,154,False,0,0.0,,[],Wood,0.9,189,29,False,,0,0.0,a,0,18,17,2023-07-01,3.0,316,41,4,27627,449,121116,424,0.1,0.7,Wood,0
0,2001-02-25,2,53,True,True,0,0,0,0.0,5,482973,,,0,0,-2,2,40.7,156,16,15,5.25,,,0,4,0.0,0.0,0,0.08,0.03,1.33,0.47,1.25,2.61,0.91,0.44,Igor Jesus,2.7,117,14,3,1.05,1,False,19.6,90,15,491,False,54.8,177,13,Igor Jesus,257,Calf injury - Unknown return date,2026-10-09T14:30:11.491800Z,58,106,27,p482973,0,0,4,0,,482973.jpg,2.4,203,20,False,-309,,-55.9,"[{'offset': 0, 'projected_percent': '-56.4', 'likelihood': -3}, {'offset': 1, 'projected_percent': '-65.6', 'likelihood': -3}, {'offset': 2, 'projected_percent': '-74.7', 'likelihood': -3}]",8,0,30,False,0,0.0,https://www.nottinghamforest.co.uk/news/2026/october/09/team-news---duo-ruled-out-of-palace-trip/,[],Maciel da Cruz,2.1,124,20,False,,2,0.7,i,2,18,17,2025-07-05,100.0,36,14,12,132131,22,336213,8195,0.5,2.1,Igor Jesus,1
0,2002-01-20,0,3,True,True,,,0,0.0,0,465680,,,0,0,-1,1,0.0,635,73,0,0.0,,,0,4,0.0,0.0,0,0.00,0.0,0.00,0.0,0.00,0.00,0.0,0.0,Arnaud,0.0,620,66,0,0.0,0,False,0.0,637,73,493,False,0.0,632,69,,1,,,54,188,44,p465680,0,0,,0,,465680.jpg,1.0,388,42,False,0,,0.0,"[{'offset': 0, 'projected_percent': '0.0', 'likelihood': 0}, {'offset': 1, 'projected_percent': '0.0', 'likelihood': 0}, {'offset': 2, 'projected_percent': '0.0', 'likelihood': 0}]",0,0,73,False,0,0.0,,[],Kalimuendo,0.0,497,70,False,,0,0.0,a,0,18,17,2025-08-18,0.0,622,70,1,3196,33,4343,32,0.0,0.2,Kalimuendo,0
0,1997-09-28,0,70,True,True,,,1,0.24,11,204561,3,,0,0,0,0,25.0,198,112,49,11.73,,,0,3,1.7,1.7,0,0.18,0.04,0.37,0.09,0.19,4.43,1.06,0.05,Xaver,1.7,178,80,5,1.2,0,False,12.5,177,87,558,False,68.4,137,45,Xaver Schlager,376,,,50,256,160,p204561,0,0,,0,,204561.jpg,2.6,183,80,False,-5,,0.2,"[{'offset': 0, 'projected_percent': '0.2', 'likelihood': 1}, {'offset': 1, 'projected_percent': '0.1', 'likelihood': 1}, {'offset': 2, 'projected_percent': '0.0', 'likelihood': 0}]",21,0,14,False,0,0.0,,[],Schlager,0.1,411,150,False,,4,0.96,a,17,18,17,2026-07-23,31.0,152,80,13,6086,15,6722,57,0.3,2.6,Schlager,1
0,2003-12-04,0,17,True,True,,,0,0.0,18,568420,,,0,0,-1,1,1.0,357,131,19,10.49,,,0,2,2.0,2.0,0,0.01,0.01,0.17,0.1,0.16,1.45,0.8,0.09,Ousmane,2.0,155,59,2,1.1,0,False,5.2,288,108,581,False,32.4,245,100,,163,,,54,200,26,p568420,0,0,,0,,568420.jpg,2.3,206,80,False,-5,,-56.9,"[{'offset': 0, 'projected_percent': '-57.0', 'likelihood': -3}, {'offset': 1, 'projected_percent': '-58.7', 'likelihood': -3}, {'offset': 2, 'projected_percent': '-60.3', 'likelihood': -3}]",10,0,54,False,0,0.0,,[],Diomande,0.5,247,96,False,,2,1.1,a,1,18,17,2026-08-11,19.0,196,58,7,14946,124,43601,224,0.4,1.3,Diomande,0
0,1998-10-01,0,0,True,True,,,0,0,0,428971,,,0,0,0,0,0.0,499,49,0,0,,,0,1,0.0,0.0,0,0.00,0,0.00,0,0.00,0.00,0,0,Steven,0.0,470,61,0,0,0,False,0.0,508,63,590,False,0.0,503,63,,0,,,45,468,35,p428971,0,0,,0,,428971.jpg,0.0,523,63,False,0,,0.0,"[{'offset': 0, 'projected_percent': '0.0', 'likelihood': 0}, {'offset': 1, 'projected_percent': '0.0', 'likelihood': 0}, {'offset': 2, 'projected_percent': '0.0', 'likelihood': 0}]",0,0,80,False,0,0,,[],Benda,0.1,463,53,False,,0,0,a,0,18,17,2026-08-15,0.0,451,44,0,2770,14,3008,9,0.0,0.0,Benda,0
0,2000-06-08,2,92,True,True,100,100,2,0.33,42,469142,,,0,0,-1,1,74.9,67,11,52,8.67,,,0,2,5.0,5.0,1,0.45,0.08,1.14,0.2,0.69,8.55,1.42,0.12,Jan Paul,5.0,37,16,9,1.5,1,False,31.6,27,3,112,False,171.8,5,2,,540,,2026-09-30T16:00:09.552205Z,49,368,68,p469142,0,0,,0,,469142.jpg,4.2,81,36,False,-59,,-65.4,"[{'offset': 0, 'projected_percent': '-65.5', 'likelihood': -3}, {'offset': 1, 'projected_percent': '-67.2', 'likelihood': -3}, {'offset': 2, 'projected_percent': '-68.8', 'likelihood': -3}]",23,0,152,False,0,0.0,,[],van Hecke,6.2,61,24,False,,6,1.0,a,10,19,6,2026-06-18,70.0,62,7,25,200317,2578,554126,2566,1.0,5.1,Van Hecke,2
0,1997-09-24,0,5,True,True,,,0,0.0,2,109646,,,0,0,-1,1,0.2,386,142,4,72.0,,,0,2,0.3,0.3,0,0.00,0.0,0.00,0.0,0.00,0.03,0.54,0.0,Tosin,0.3,300,104,0,0.0,0,False,0.9,377,134,147,False,9.0,330,124,,5,,,44,540,134,p109646,0,0,,0,,109646.jpg,1.0,322,120,False,-4,,-54.9,"[{'offset': 0, 'projected_percent': '-55.1', 'likelihood': -3}, {'offset': 1, 'projected_percent': '-59.3', 'likelihood': -3}, {'offset': 2, 'projected_percent': '-63.4', 'likelihood': -3}]",1,0,241,False,0,0.0,,[],Adarabioyo,0.1,372,143,False,,0,0.0,a,2,19,6,2026-09-01,0.0,408,169,1,2098,13,8379,35,0.1,0.2,Tosin,0
0,1999-02-07,0,41,True,True,,,2,0.5,0,438234,8,,0,0,0,0,55.5,103,9,17,4.21,4,,0,4,1.7,1.7,1,0.15,0.04,0.53,0.13,0.38,4.38,1.09,0.09,Omar,1.7,194,21,6,1.49,0,False,12.9,170,21,401,False,18.0,289,29,Omar Marmoush,363,,,70,25,9,p438234,0,0,2,0,,438234.jpg,1.8,262,31,False,-124,,42.3,"[{'offset': 0, 'projected_percent': '42.2', 'likelihood': 3}, {'offset': 1, 'projected_percent': '40.1', 'likelihood': 3}, {'offset': 2, 'projected_percent': '38.1', 'likelihood': 2}]",13,0,63,False,0,0.0,,"[{'property': 'loan_ineligible', 'notes': 'This player will not be available to face their parent club in Gameweek 25 as part of their loan conditions.', 'gameweek': 25, 'url': None}, {'property': 'loan_ineligible', 'notes': 'This player will not be available to face their parent club in Gameweek 19 as part of their loan conditions.', 'gameweek': 19, 'url': None}]",Marmoush,2.2,121,19,False,,4,0.99,a,4,19,6,2026-08-27,58.0,77,20,9,257363,3083,185713,2842,0.2,1.3,Marmoush,0
0,2004-04-10,0,84,True,True,100,100,2,0.55,3,510281,2,,0,0,0,0,130.0,25,23,16,4.36,,,0,3,2.3,2.3,2,0.95,0.26,1.49,0.41,0.54,3.53,0.96,0.15,Sávio,2.3,144,64,4,1.09,0,False,27.8,41,30,403,False,51.4,191,79,Sávio,330,,2026-08-29T16:30:08.380416Z,65,41,28,p510281,0,0,,0,,510281.jpg,2.5,193,83,False,84,,10.3,"[{'offset': 0, 'projected_percent': '10.4', 'likelihood': 1}, {'offset': 1, 'projected_percent': '11.8', 'likelihood': 1}, {'offset': 2, 'projected_percent': '13.2', 'likelihood': 1}]",13,0,30,False,0,0.0,,[],Moreira de Oliveira,0.6,226,73,False,,4,1.09,a,0,19,6,2026-08-25,96.0,40,23,10,105965,1453,88697,377,0.4,1.5,Sávio,0
1,2000-05-08,2,115,True,True,100,100,2,0.35,13,432422,,,0,0,-2,2,89.0,51,42,51,8.88,,,0,3,4.0,4.0,7,0.89,0.15,1.14,0.19,0.25,8.49,1.48,0.04,Sandro,4.0,67,23,9,1.57,0,False,18.0,107,57,455,False,63.0,153,57,,517,,2026-09-14T14:30:07.387706Z,53,216,135,p432422,0,0,,0,,432422.jpg,3.5,119,47,False,67,,-21.0,"[{'offset': 0, 'projected_percent': '-20.6', 'likelihood': -2}, {'offset': 1, 'projected_percent': '-13.9', 'likelihood': -1}, {'offset': 2, 'projected_percent': '-7.3', 'likelihood': -1}]",26,0,106,False,0,0.0,,[],Tonali,1.7,133,40,False,,6,1.04,a,12,19,6,2026-07-06,28.0,157,83,21,50969,776,287270,813,0.8,4.0,Tonali,0
0,1996-10-07,0,0,False,True,0,0,0,0,0,184254,,,0,0,0,0,0.0,488,44,0,0,,,0,1,0.0,0.0,0,0.00,0,0.00,0,0.00,0.00,0,0,Guglielmo,0.0,459,57,0,0,0,False,0.0,498,59,494,False,0.0,493,59,,0,Has joined Juventus on loan for the rest of the season,2026-08-19T13:55:33.193962Z,45,445,30,p184254,0,0,,0,,184254.jpg,0.0,513,59,False,-2,,0.0,"[{'offset': 0, 'projected_percent': '0.0', 'likelihood': 0}, {'offset': 1, 'projected_percent': '0.0', 'likelihood': 0}, {'offset': 2, 'projected_percent': '0.0', 'likelihood': 0}]",0,0,106,False,0,0,,[],Vicario,0.1,390,44,False,,0,0,u,0,19,6,2023-07-01,0.0,438,39,0,0,0,22615,58,0.0,0.0,Vicario,0
0,1999-01-08,0,0,True,True,,,0,0,0,214572,,,0,0,0,0,0.0,418,19,0,0,,,0,1,0.0,0.0,0,0.00,0,0.00,0,0.00,0.00,0,0,Brandon,0.0,381,35,0,0,0,False,0.0,432,38,495,False,0.0,427,38,,0,,,40,608,62,p214572,0,0,,0,,214572.jpg,0.0,450,38,False,0,,2.4,"[{'offset': 0, 'projected_percent': '2.4', 'likelihood': 1}, {'offset': 1, 'projected_percent': '2.4', 'likelihood': 1}, {'offset': 2, 'projected_percent': '2.4', 'likelihood': 1}]",0,0,241,False,0,0,,[],Austin,1.0,176,26,False,,0,0,a,0,19,6,2017-07-22,0.0,362,14,0,32211,198,23997,146,0.0,0.0,Austin,0
0,2003-03-13,0,91,True,True,,,2,0.33,10,485055,,,0,0,0,0,10.0,282,3,0,0.0,,,0,1,4.0,4.0,3,0.00,0.0,0.00,0.0,0.00,8.55,1.42,0.0,Antonín,4.0,64,7,9,1.5,0,False,11.5,190,11,496,False,104.8,68,12,,540,,,45,479,39,p485055,0,0,,0,,485055.jpg,3.5,116,11,False,-34,,-74.8,"[{'offset': 0, 'projected_percent': '-74.8', 'likelihood': -3}, {'offset': 1, 'projected_percent': '-75.2', 'likelihood': -3}, {'offset': 2, 'projected_percent': '-75.6', 'likelihood': -3}]",43,0,57,False,15,2.5,,[],Kinský,15.8,28,4,False,,6,1.0,a,0,19,6,2025-01-05,0.0,459,48,21,378309,1659,981809,3454,0.9,4.7,Kinsky,0
0,1989-01-15,0,0,True,True,,,0,0,0,67089,,,0,0,0,0,0.0,403,10,0,0,,,0,1,0.0,0.0,0,0.00,0,0.00,0,0.00,0.00,0,0,Martin,0.0,367,26,0,0,0,False,0.0,419,29,497,False,0.0,415,29,,0,,,40,591,53,p67089,0,0,,0,,67089.jpg,0.0,438,29,False,-60,,-30.5,"[{'offset': 0, 'projected_percent': '-30.5', 'likelihood': -2}, {'offset': 1, 'projected_percent': '-31.1', 'likelihood': -2}, {'offset': 2, 'projected_percent': '-31.7', 'likelihood': -2}]",0,0,194,False,0,0,,[],Dubravka,17.0,24,3,False,,0,0,a,0,19,6,2026-07-01,0.0,347,5,0,460619,1502,509766,3405,0.0,0.0,Dubravka,0
0,1997-05-10,0,22,True,True,,,0,0.0,13,221466,,,0,0,-2,2,2.2,328,118,19,9.61,,,0,2,0.7,0.7,2,0.07,0.04,0.07,0.04,0.00,4.40,2.22,0.0,Marcos,0.7,281,96,4,2.02,0,False,3.9,310,116,498,False,36.6,231,92,,178,,,58,101,11,p221466,0,0,,0,,221466.jpg,2.5,191,75,False,-42,,-86.6,"[{'offset': 0, 'projected_percent': '-86.8', 'likelihood': -3}, {'offset': 1, 'projected_percent': '-88.9', 'likelihood': -3}, {'offset': 2, 'projected_percent': '-91.0', 'likelihood': -3}]",10,0,10,False,0,0.0,,[],Senesi Barón,3.3,101,37,False,,2,1.01,a,6,19,6,2026-07-01,0.0,644,215,5,30657,339,477702,1292,0.1,0.9,Senesi,0
0,1999-09-13,1,33,True,True,0,0,1,0.45,6,441164,1,,0,0,-1,1,47.6,127,33,9,4.09,1,,0,2,0.0,0.0,0,0.16,0.07,0.53,0.24,0.37,1.68,0.76,0.17,Pedro,0.3,345,123,2,0.91,0,False,9.8,213,75,499,False,22.6,276,113,,198,Hamstring injury - Unknown return date,2026-09-19T12:00:08.823872Z,54,185,23,p441164,0,0,,0,,441164.jpg,3.0,155,61,False,-648,,-71.9,"[{'offset': 0, 'projected_percent': '-72.3', 'likelihood': -3}, {'offset': 1, 'projected_percent': '-78.7', 'likelihood': -3}, {'offset': 2, 'projected_percent': '-85.1', 'likelihood': -3}]",5,0,200,False,0,0.0,https://www.tottenhamhotspur.com/match/2645253/manchester-united-tottenham-hotspur?tab=liveblog,[],Porro Sauceda,6.3,60,23,False,,3,1.36,i,3,19,6,2023-07-01,28.0,158,47,9,124793,23,1139801,14891,0.1,1.7,Pedro Porro,0
0,1998-04-27,0,0,False,True,0,0,0,0,0,221632,,,0,0,0,0,0.0,595,209,0,0,,,0,2,0.0,0.0,0,0.00,0,0.00,0,0.00,0.00,0,0,Cristian,0.0,573,205,0,0,0,False,0.0,599,210,500,False,0.0,593,210,,0,Has joined Atletico Madrid permanently,2026-08-17T13:49:05.465401Z,50,264,40,p221632,0,0,,0,,221632.jpg,0.0,605,211,False,0,,0.0,"[{'offset': 0, 'projected_percent': '0.0', 'likelihood': 0}, {'offset': 1, 'projected_percent': '0.0', 'likelihood': 0}, {'offset': 2, 'projected_percent': '0.0', 'likelihood': 0}]",0,0,10,False,0,0,,[],Romero,0.1,437,160,False,,0,0,u,0,19,6,2022-08-30,0.0,572,206,0,0,0,16945,17,0.0,0.0,Romero,0
1,1994-03-11,1,68,True,True,,,1,0.25,15,122798,6,,0,0,-1,1,123.9,27,3,20,4.92,,,0,2,3.7,3.7,0,0.43,0.11,0.56,0.14,0.13,7.05,1.73,0.03,Andrew,3.7,73,31,7,1.72,0,False,25.4,51,8,502,False,89.6,98,46,,366,,,44,542,135,p122798,0,0,,0,,122798.jpg,3.4,122,50,False,-117,,-15.1,"[{'offset': 0, 'projected_percent': '-15.6', 'likelihood': -1}, {'offset': 1, 'projected_percent': '-23.9', 'likelihood': -2}, {'offset': 2, 'projected_percent': '-32.3', 'likelihood': -2}]",15,0,243,False,0,0.0,,[],Robertson,2.4,113,44,False,,4,0.98,a,5,19,6,2026-07-01,41.0,117,28,17,79094,582,209715,1922,0.8,3.9,Robertson,0
0,2001-04-19,3,72,True,True,100,100,2,0.48,24,491279,,,0,0,0,0,8.7,283,102,29,6.94,,,0,2,2.7,2.7,1,0.05,0.01,0.64,0.15,0.59,4.34,1.04,0.14,Micky,2.7,113,43,5,1.2,0,False,10.3,206,73,503,False,75.8,121,54,,376,,2026-08-21T15:00:07.610517Z,50,296,48,p491279,0,0,,0,,491279.jpg,3.4,123,51,False,-73,,-38.7,"[{'offset': 0, 'projected_percent': '-38.9', 'likelihood': -2}, {'offset': 1, 'projected_percent': '-42.2', 'likelihood': -3}, {'offset': 2, 'projected_percent': '-45.6', 'likelihood': -3}]",18,0,152,False,0,0.0,,[],van de Ven,3.7,92,33,False,,4,0.96,a,5,19,6,2023-08-08,18.0,203,61,17,103695,954,287933,1837,0.5,3.4,Van de Ven,1
0,2000-08-09,0,0,False,True,0,0,0,0,0,232859,,,0,0,0,0,0.0,494,188,0,0,,,0,2,0.0,0.0,0,0.00,0,0.00,0,0.00,0.00,0,0,Djed,0.0,465,179,0,0,0,False,0.0,504,189,505,False,0.0,499,189,,0,Has joined Internazionale permanently,2026-08-18T14:13:08.454214Z,45,458,103,p232859,0,0,,0,,232859.jpg,0.0,519,191,False,-4,,0.0,"[{'offset': 0, 'projected_percent': '0.0', 'likelihood': 0}, {'offset': 1, 'projected_percent': '0.0', 'likelihood': 0}, {'offset': 2, 'projected_percent': '0.0', 'likelihood': 0}]",0,0,241,False,0,0,,[],Spence,0.2,322,121,False,,0,0,u,0,19,6,2022-07-19,0.0,445,178,0,0,0,69921,89,0.0,0.0,Spence,0
0,2002-11-28,0,26,True,True,100,100,1,0.57,8,487053,,,0,0,-1,1,13.5,256,93,10,5.66,,,0,2,0.7,0.7,2,0.28,0.16,0.28,0.16,0.00,1.52,0.86,0.0,Destiny,0.7,255,89,2,1.13,0,False,2.7,328,118,506,False,9.8,326,123,,159,,2026-09-11T18:00:09.092110Z,44,562,149,p487053,0,0,,0,,487053.jpg,2.2,213,84,False,2,,-34.3,"[{'offset': 0, 'projected_percent': '-34.2', 'likelihood': -2}, {'offset': 1, 'projected_percent': '-33.1', 'likelihood': -2}, {'offset': 2, 'projected_percent': '-32.0', 'likelihood': -2}]",7,0,106,False,0,0.0,,[],Udogie,0.3,283,104,False,,2,1.13,a,2,19,6,2022-08-16,4.0,303,108,9,6050,150,23881,106,0.2,2.0,Udogie,1
0,2005-06-26,0,0,False,True,0,0,0,0,0,548308,,,0,0,0,0,0.0,516,196,0,0,,,0,2,0.0,0.0,0,0.00,0,0.00,0,0.00,0.00,0,0,Ashley,0.0,486,188,0,0,0,False,0.0,524,197,507,False,0.0,519,197,,0,Has joined Middlesbrough permanently,2026-08-18T14:13:08.474144Z,45,495,122,p548308,0,0,,0,,548308.jpg,0.0,538,198,False,0,,0.0,"[{'offset': 0, 'projected_percent': '0.0', 'likelihood': 0}, {'offset': 1, 'projected_percent': '0.0', 'likelihood': 0}, {'offset': 2, 'projected_percent': '0.0', 'likelihood': 0}]",0,0,241,False,0,0,,[],Phillips,0.0,597,202,False,,0,0,u,0,19,6,2023-08-05,0.0,473,189,0,0,0,1290,2,0.0,0.0,Phillips,0
0,1993-04-24,0,0,True,True,,,0,0,0,115556,,,0,0,-1,1,0.0,394,143,0,0,,,0,2,0.0,0.0,0,0.00,0,0.00,0,0.00,0.00,0,0,Ben,0.0,356,124,0,0,0,False,0.0,410,146,508,False,0.0,406,147,,0,,,39,660,210,p115556,0,0,,0,,115556.jpg,0.0,429,152,False,19,,0.9,"[{'offset': 0, 'projected_percent': '0.9', 'likelihood': 1}, {'offset': 1, 'projected_percent': '1.2', 'likelihood': 1}, {'offset': 2, 'projected_percent': '1.6', 'likelihood': 1}]",0,0,244,False,0,0,,[],Davies,0.9,187,71,False,,0,0,a,0,19,6,2014-07-23,0.0,337,127,0,27370,854,46150,419,0.0,0.0,Davies,0
0,,0,0,True,True,,,0,0,0,640419,,,0,0,0,0,0.0,453,177,0,0,,,0,2,0.0,0.0,0,0.00,0,0.00,0,0.00,0.00,0,0,Jun'ai,0.0,420,163,0,0,0,False,0.0,467,178,509,False,0.0,462,178,,0,,,40,656,206,p640419,0,0,,0,,640419.jpg,0.0,484,182,False,0,,-7.5,"[{'offset': 0, 'projected_percent': '-7.5', 'likelihood': -1}, {'offset': 1, 'projected_percent': '-7.5', 'likelihood': -1}, {'offset': 2, 'projected_percent': '-7.5', 'likelihood': -1}]",0,0,,False,0,0,,[],Byfield,0.1,481,170,False,,0,0,a,0,19,6,,0.0,398,163,0,2470,14,2786,15,0.0,0.0,Byfield,0
0,,0,0,True,True,,,0,0,0,499716,,,0,0,0,0,0.0,434,160,0,0,,,0,2,0.0,0.0,0,0.00,0,0.00,0,0.00,0.00,0,0,James,0.0,400,145,0,0,0,False,0.0,448,161,510,False,0.0,443,161,,0,,,40,632,184,p499716,0,0,,0,,499716.jpg,0.0,466,166,False,-5,,-23.7,"[{'offset': 0, 'projected_percent': '-24.3', 'likelihood': -2}, {'offset': 1, 'projected_percent': '-33.3', 'likelihood': -2}, {'offset': 2, 'projected_percent': '-42.4', 'likelihood': -3}]",0,0,,False,0,0,,[],Rowswell,0.1,432,157,False,,0,0,a,0,19,6,,0.0,378,145,0,3030,10,3723,29,0.0,0.0,Rowswell,0
0,2006-06-16,0,0,False,True,0,0,0,0,0,616221,,,0,0,0,0,0.0,452,176,0,0,,,0,2,0.0,0.0,0,0.00,0,0.00,0,0.00,0.00,0,0,João Victor,0.0,419,162,0,0,0,False,0.0,466,177,511,False,0.0,461,177,Souza,0,Has joined FC Porto on loan for the rest of the season,2026-09-01T13:24:26.858636Z,40,655,205,p616221,0,0,,0,,616221.jpg,0.0,483,181,False,-6,,0.0,"[{'offset': 0, 'projected_percent': '0.0', 'likelihood': 0}, {'offset': 1, 'projected_percent': '0.0', 'likelihood': 0}, {'offset': 2, 'projected_percent': '0.0', 'likelihood': 0}]",0,0,30,False,0,0,,[],de Souza Menezes,0.2,370,142,False,,0,0,u,0,19,6,2026-01-22,0.0,397,162,0,2555,0,17794,84,0.0,0.0,Souza,0
1,2000-08-02,0,58,True,True,100,100,1,0.48,0,460842,7,,0,0,0,0,48.7,123,82,19,9.1,6,,0,3,2.7,2.7,3,0.43,0.21,0.80,0.39,0.37,1.69,0.81,0.18,Mohammed,2.7,120,49,3,1.44,0,False,11.2,196,93,512,False,37.2,229,99,,188,,2026-07-23T12:01:23.848657Z,65,40,27,p460842,0,0,3,0,,460842.jpg,2.0,246,108,False,37,,3.8,"[{'offset': 0, 'projected_percent': '3.8', 'likelihood': 1}, {'offset': 1, 'projected_percent': '4.4', 'likelihood': 1}, {'offset': 2, 'projected_percent': '5.0', 'likelihood': 1}]",15,0,81,False,0,0.0,,[],Kudus,0.2,341,119,False,,1,0.48,a,4,19,6,2025-07-10,26.0,165,88,10,17549,1029,12654,119,0.4,1.5,Kudus,0
0,2003-04-21,0,0,True,True,0,0,0,0,0,493362,,,0,0,-1,1,0.0,659,292,0,0,2,,0,3,0.0,0.0,0,0.00,0,0.00,0,0.00,0.00,0,0,Xavi,0.0,651,289,0,0,0,False,0.0,659,292,513,False,0.0,655,291,,0,Knee injury - Unknown return date,2026-07-23T12:01:23.864304Z,59,93,59,p493362,0,0,4,0,,493362.jpg,0.0,659,292,False,0,,-14.6,"[{'offset': 0, 'projected_percent': '-14.6', 'likelihood': -1}, {'offset': 1, 'projected_percent': '-14.6', 'likelihood': -1}, {'offset': 2, 'projected_percent': '-14.6', 'likelihood': -1}]",0,0,152,False,0,0,,[],Simons,0.0,595,248,False,,0,0,i,0,19,6,2025-08-29,0.0,653,290,0,389,6,1149,7,0.0,0.0,Xavi,0
0,2005-04-27,0,41,True,True,,,1,0.35,1,511499,3,,0,0,-3,3,52.7,109,72,13,4.55,3,,0,3,0.3,0.3,0,0.23,0.08,0.44,0.15,0.21,5.55,1.94,0.07,Mathys,0.3,350,165,4,1.4,0,False,14.6,150,77,514,False,21.6,280,120,,257,,,57,117,75,p511499,0,0,,0,,511499.jpg,2.0,241,105,False,-3,,-34.8,"[{'offset': 0, 'projected_percent': '-35.0', 'likelihood': -2}, {'offset': 1, 'projected_percent': '-38.2', 'likelihood': -2}, {'offset': 2, 'projected_percent': '-41.3', 'likelihood': -3}]",11,0,73,False,0,0.0,,[],Tel,0.2,358,129,False,,3,1.05,a,1,19,6,2025-07-01,72.0,59,36,8,9373,41,49052,112,0.1,1.4,Tel,0
0,1996-11-23,0,28,True,True,100,100,0,0.0,3,172780,5,,0,0,-2,2,14.5,247,131,15,18.0,5,,0,3,1.0,1.0,1,0.05,0.06,0.11,0.13,0.06,1.46,1.75,0.07,James,1.0,247,117,2,2.4,0,False,5.6,280,126,515,False,21.8,277,117,,75,,2026-08-25T14:30:07.623508Z,63,44,30,p172780,0,0,,0,,172780.jpg,1.0,404,193,False,6,,-91.1,"[{'offset': 0, 'projected_percent': '-90.9', 'likelihood': -3}, {'offset': 1, 'projected_percent': '-88.2', 'likelihood': -3}, {'offset': 2, 'projected_percent': '-85.5', 'likelihood': -3}]",5,0,241,False,0,0.0,,[],Maddison,0.4,272,88,False,,0,0.0,a,7,19,6,2023-06-28,19.0,198,109,4,6790,185,98185,129,0.2,0.6,Maddison,0
0,1997-06-25,0,63,True,True,0,,2,0.47,23,202993,,,0,0,0,0,39.3,159,101,62,14.65,,,0,3,0.0,1.7,-2,0.12,0.03,0.14,0.03,0.02,5.70,1.35,0.0,Rodrigo,1.7,186,84,7,1.65,0,False,12.6,176,86,516,False,77.4,117,38,,381,Suspended until 7 Nov,2026-10-10T18:30:09.519346Z,55,135,82,p202993,0,0,,0,,202993.jpg,2.2,225,100,False,-11,,-42.1,"[{'offset': 0, 'projected_percent': '-42.4', 'likelihood': -3}, {'offset': 1, 'projected_percent': '-46.4', 'likelihood': -3}, {'offset': 2, 'projected_percent': '-50.4', 'likelihood': -3}]",24,1,230,False,0,0.0,,[],Bentancur,0.2,355,128,False,,4,0.94,s,15,19,6,2022-01-31,8.0,272,140,13,5622,69,9710,193,0.3,2.4,Bentancur,0
0,2004-11-28,0,0,True,True,0,0,0,0,0,550839,,,0,0,0,0,0.0,651,286,0,0,,,0,3,0.0,0.0,0,0.00,0,0.00,0,0.00,0.00,0,0,Wilson,0.0,638,281,0,0,0,False,0.0,650,285,517,False,0.0,645,284,,0,Knee injury - Unknown return date,2026-07-23T12:01:23.879434Z,55,161,102,p550839,0,0,,0,,550839.jpg,0.0,652,287,False,0,,0.0,"[{'offset': 0, 'projected_percent': '0.0', 'likelihood': 0}, {'offset': 1, 'projected_percent': '0.0', 'likelihood': 0}, {'offset': 2, 'projected_percent': '0.0', 'likelihood': 0}]",0,0,73,False,0,0,https://www.tottenhamhotspur.com/news/1008505/odobert-suffers-acl-injury,[],Odobert,0.0,658,291,False,,0,0,i,0,19,6,2024-08-16,0.0,640,281,0,163,2,124,2,0.0,0.0,Odobert,0
0,2002-09-14,0,0,False,True,0,0,0,0,0,482442,,,0,0,-1,1,0.0,574,244,0,0,,,0,3,0.0,0.0,0,0.00,0,0.00,0,0.00,0.00,0,0,Pape Matar,0.0,551,224,0,0,0,False,0.0,580,240,518,False,0.0,574,238,Pape Matar Sarr,0,Has joined Juventus on loan for the rest of the season,2026-09-02T16:02:43.386849Z,49,370,219,p482442,0,0,,0,,482442.jpg,0.0,590,248,False,-2,,0.0,"[{'offset': 0, 'projected_percent': '0.0', 'likelihood': 0}, {'offset': 1, 'projected_percent': '0.0', 'likelihood': 0}, {'offset': 2, 'projected_percent': '0.0', 'likelihood': 0}]",0,0,189,False,0,0,,[],Sarr,0.1,472,183,False,,0,0,u,0,19,6,2021-08-27,0.0,542,222,0,4138,0,24394,70,0.0,0.0,P.M.Sarr,0
0,2000-02-06,0,64,True,True,,,1,0.43,4,232787,,,0,0,-2,2,12.2,263,136,31,13.48,,,0,3,3.0,3.0,3,0.15,0.07,0.99,0.44,0.84,3.00,1.3,0.37,Conor,3.0,97,37,3,1.3,1,False,9.6,216,101,519,False,48.6,199,85,,207,,,53,213,132,p232787,0,0,,0,,232787.jpg,3.0,152,65,False,3,,0.0,"[{'offset': 0, 'projected_percent': '0.0', 'likelihood': 0}, {'offset': 1, 'projected_percent': '0.1', 'likelihood': 1}, {'offset': 2, 'projected_percent': '0.1', 'likelihood': 1}]",17,0,241,False,0,0.0,,[],Gallagher,0.2,342,120,False,,3,1.3,a,10,19,6,2026-01-14,36.0,135,73,12,5370,164,17925,66,0.6,2.3,Gallagher,2
0,2006-02-02,0,17,True,True,,,1,0.63,4,570526,,,0,0,-2,2,10.8,272,139,19,11.96,,,0,3,1.7,1.7,3,0.29,0.18,0.41,0.26,0.12,2.44,1.54,0.08,Lucas,1.7,183,82,2,1.26,0,False,2.9,325,152,520,False,11.0,320,143,,143,,,53,233,147,p570526,0,0,,0,,570526.jpg,1.5,279,126,False,0,,-5.5,"[{'offset': 0, 'projected_percent': '-5.5', 'likelihood': -1}, {'offset': 1, 'projected_percent': '-5.5', 'likelihood': -1}, {'offset': 2, 'projected_percent': '-5.5', 'likelihood': -1}]",10,0,206,False,0,0.0,,[],Bergvall,0.1,378,136,False,,2,1.26,a,5,19,6,2024-07-01,11.0,249,129,6,1990,31,10025,33,0.3,1.1,Bergvall,0
0,2000-04-25,0,0,True,True,0,0,0,0,0,445044,,,0,0,0,0,0.0,664,297,0,0,,,0,3,0.0,0.0,0,0.00,0,0.00,0,0.00,0.00,0,0,Dejan,0.0,660,296,0,0,0,False,0.0,664,297,521,False,0.0,663,297,,0,Knee injury - Unknown return date,2026-07-23T12:01:23.895175Z,65,38,26,p445044,0,0,,0,,445044.jpg,0.0,664,297,False,0,,-69.9,"[{'offset': 0, 'projected_percent': '-69.9', 'likelihood': -3}, {'offset': 1, 'projected_percent': '-69.9', 'likelihood': -3}, {'offset': 2, 'projected_percent': '-69.9', 'likelihood': -3}]",0,0,206,False,0,0,https://www.tottenhamhotspur.com/news/1089549/team-news-mudryk-injured-kulusevski-still-out,[],Kulusevski,0.0,612,258,False,,0,0,i,0,19,6,2023-07-01,0.0,662,297,0,493,6,782,4,0.0,0.0,Kulusevski,0
0,2006-03-12,0,64,True,True,,,1,0.23,14,547701,,,0,0,-1,1,14.6,245,130,41,9.29,,,0,3,2.7,2.7,3,0.09,0.02,0.32,0.07,0.23,6.88,1.56,0.05,Archie,2.7,112,45,8,1.81,0,False,7.0,248,110,522,False,28.4,258,107,,397,,,49,385,230,p547701,0,0,,0,,547701.jpg,2.4,196,84,False,6,,-40.7,"[{'offset': 0, 'projected_percent': '-40.4', 'likelihood': -3}, {'offset': 1, 'projected_percent': '-34.5', 'likelihood': -2}, {'offset': 2, 'projected_percent': '-28.5', 'likelihood': -2}]",19,0,241,False,0,0.0,,[],Gray,0.2,348,122,False,,4,0.91,a,8,19,6,2024-07-02,27.0,159,84,12,7319,108,14385,81,0.6,2.4,Gray,1
0,2007-08-11,0,11,False,True,0,0,0,0.0,0,499721,,,0,0,0,0,6.3,292,147,3,3.03,,,0,3,0.0,0.0,0,0.02,0.02,0.42,0.42,0.40,3.26,3.3,0.4,Mikey,0.0,591,251,4,4.04,0,False,7.5,243,108,523,False,14.2,301,130,,89,Has joined FC Köln on loan for the rest of the season,2026-09-04T12:39:48.098158Z,50,301,182,p499721,0,0,,0,,499721.jpg,1.5,276,123,False,0,,0.0,"[{'offset': 0, 'projected_percent': '0.0', 'likelihood': 0}, {'offset': 1, 'projected_percent': '0.0', 'likelihood': 0}, {'offset': 2, 'projected_percent': '0.0', 'likelihood': 0}]",2,0,241,False,0,0.0,,[],Moore,0.0,499,196,False,,1,1.01,u,1,19,6,2024-05-01,56.0,83,49,3,3258,0,17687,33,0.0,0.6,Moore,0
0,,0,0,True,True,,,0,0,0,499726,,,0,0,-1,1,0.0,469,204,0,0,,,0,3,0.0,0.0,0,0.00,0,0.00,0,0.00,0.00,0,0,Callum,0.0,441,177,0,0,0,False,0.0,482,199,524,False,0.0,477,198,,0,,,44,565,291,p499726,0,0,,0,,499726.jpg,0.0,497,209,False,-31,,7.0,"[{'offset': 0, 'projected_percent': '6.9', 'likelihood': 1}, {'offset': 1, 'projected_percent': '6.4', 'likelihood': 1}, {'offset': 2, 'projected_percent': '5.9', 'likelihood': 1}]",0,0,,False,0,0,,[],Olusesi,0.9,182,58,False,,0,0,a,0,19,6,,0.0,419,176,0,56693,122,54414,647,0.0,0.0,Olusesi,0
0,2004-07-10,0,53,True,True,,,1,0.36,3,551226,4,,0,0,-3,3,92.6,46,39,22,7.92,,,0,3,1.7,1.7,1,0.28,0.1,0.47,0.17,0.19,4.67,1.68,0.07,Mateus,1.7,189,87,4,1.44,0,False,14.6,151,78,525,False,24.2,271,114,Mateus Fernandes,250,,,57,118,76,p551226,0,0,,0,,551226.jpg,1.3,295,136,False,-17,,-18.9,"[{'offset': 0, 'projected_percent': '-19.1', 'likelihood': -1}, {'offset': 1, 'projected_percent': '-23.1', 'likelihood': -2}, {'offset': 2, 'projected_percent': '-27.1', 'likelihood': -2}]",12,0,173,False,0,0.0,,[],Fernandes,0.7,212,66,False,,3,1.08,a,7,19,6,2026-07-02,34.0,142,75,8,15007,108,131068,374,0.3,1.4,Fernandes,1
0,1997-09-14,1,49,True,True,,,1,0.35,4,154566,,,0,0,-2,2,17.5,227,26,13,4.5,,,0,4,3.7,3.7,7,0.07,0.02,1.26,0.43,1.19,3.34,1.16,0.41,Dominic,3.7,79,9,2,0.69,1,False,6.1,268,29,526,False,8.4,336,33,,260,,,58,98,26,p154566,0,0,1,0,,154566.jpg,2.3,208,21,False,289,,-30.7,"[{'offset': 0, 'projected_percent': '-27.2', 'likelihood': -2}, {'offset': 1, 'projected_percent': '2.6', 'likelihood': 1}, {'offset': 2, 'projected_percent': '7.4', 'likelihood': 1}]",7,0,241,False,0,0.0,,[],Solanke-Mitchell,0.8,200,32,False,,3,1.04,a,2,19,6,2024-08-10,37.0,134,25,14,34954,2783,100137,358,0.6,2.4,Solanke,0
0,1997-05-10,0,6,False,True,0,0,0,0.0,1,212319,,,0,0,-1,1,2.2,329,43,1,1.34,,,0,4,0.0,0.0,0,0.00,0.0,0.00,0.0,0.00,3.02,4.06,0.0,Richarlison,0.0,647,73,3,4.03,0,False,0.2,402,46,527,False,0.0,652,74,Richarlison,67,not included in squad.,2026-09-04T12:32:39.183614Z,59,83,22,p212319,0,0,,0,,212319.jpg,2.0,243,26,False,-20,,0.0,"[{'offset': 0, 'projected_percent': '0.0', 'likelihood': 0}, {'offset': 1, 'projected_percent': '0.0', 'likelihood': 0}, {'offset': 2, 'projected_percent': '0.0', 'likelihood': 0}]",0,0,30,False,0,0.0,,[],de Andrade,0.6,236,37,False,,1,1.34,u,0,19,6,2022-07-01,0.0,650,75,2,21439,0,273085,390,0.0,0.3,Richarlison,0
0,2004-03-24,0,0,False,True,0,0,0,0,0,490145,,,0,0,0,0,0.0,504,50,0,0,,,0,4,0.0,0.0,0,0.00,0,0.00,0,0.00,0.00,0,0,Dane,0.0,475,43,0,0,0,False,0.0,512,49,528,False,0.0,507,45,,0,Has joined Leyton Orient permanently,2026-09-02T16:02:43.413625Z,45,482,66,p490145,0,0,,0,,490145.jpg,0.0,527,52,False,-33,,0.0,"[{'offset': 0, 'projected_percent': '0.0', 'likelihood': 0}, {'offset': 1, 'projected_percent': '0.0', 'likelihood': 0}, {'offset': 2, 'projected_percent': '0.0', 'likelihood': 0}]",0,0,241,False,0,0,,[],Scarlett,1.0,174,27,False,,0,0,u,0,19,6,2020-08-21,0.0,461,44,0,42525,0,116202,703,0.0,0.0,Scarlett,0
0,2001-01-05,0,3,True,True,0,0,0,0.0,0,465920,,,0,0,-2,2,0.1,392,196,0,0.0,,,0,3,0.0,0.0,0,0.00,0.0,0.00,0.0,0.00,0.16,0.9,0.0,Mykhailo,0.0,610,264,0,0.0,0,False,0.1,407,191,578,False,0.0,625,270,,16,Ankle injury - Unknown return date,2026-09-11T18:00:09.154412Z,53,222,139,p465920,0,0,,0,,465920.jpg,1.0,378,173,False,-2,,-13.0,"[{'offset': 0, 'projected_percent': '-13.2', 'likelihood': -1}, {'offset': 1, 'projected_percent': '-16.9', 'likelihood': -1}, {'offset': 2, 'projected_percent': '-20.5', 'likelihood': -2}]",0,0,225,False,0,0.0,https://www.tottenhamhotspur.com/match/2645253/manchester-united-tottenham-hotspur?tab=liveblog,"[{'property': 'loan_ineligible', 'notes': 'This player will not be available to face their parent club in Gameweek 35 as part of their loan conditions.', 'gameweek': 35, 'url': None}, {'property': 'loan_ineligible', 'notes': 'This player will not be available to face their parent club in Gameweek 8 as part of their loan conditions.', 'gameweek': 8, 'url': None}]",Mudryk,0.0,523,210,False,,0,0.0,i,0,19,6,2026-09-01,2.0,331,165,1,5465,3,7948,26,0.0,0.2,Mudryk,0
0,2008-10-01,0,0,True,True,,,0,0,0,611917,,,0,0,0,0,0.0,533,221,0,0,,,0,3,0.0,0.0,0,0.00,0,0.00,0,0.00,0.00,0,0,Luca,0.0,504,195,0,0,0,False,0.0,542,216,601,False,0.0,537,215,,0,,,45,519,271,p611917,0,0,,0,,611917.jpg,0.0,555,226,False,-1,,-67.2,"[{'offset': 0, 'projected_percent': '-67.3', 'likelihood': -3}, {'offset': 1, 'projected_percent': '-68.9', 'likelihood': -3}, {'offset': 2, 'projected_percent': '-70.6', 'likelihood': -3}]",0,0,241,False,0,0,,[],Williams-Barnett,0.1,388,140,False,,0,0,a,0,19,6,2025-07-25,0.0,491,193,0,10422,38,7399,56,0.0,0.0,Williams-Barnett,0
0,1998-09-19,0,10,True,True,,,0,0.0,23,135720,,,0,0,0,0,32.9,176,55,25,6.25,,,0,2,0.7,0.7,1,0.20,0.05,0.46,0.11,0.26,7.32,1.83,0.06,Kevin,0.7,266,95,10,2.5,0,False,11.0,198,71,501,False,55.2,176,74,,360,,,50,245,36,p135720,0,0,,0,,135720.jpg,1.0,362,137,False,2,,-68.9,"[{'offset': 0, 'projected_percent': '-68.8', 'likelihood': -3}, {'offset': 1, 'projected_percent': '-66.7', 'likelihood': -3}, {'offset': 2, 'projected_percent': '-64.7', 'likelihood': -3}]",15,0,14,False,0,0.0,,"[{'property': 'loan_ineligible', 'notes': 'This player will not be available to face their parent club in Gameweek 23 as part of their loan conditions.', 'gameweek': 23, 'url': None}, {'property': 'loan_ineligible', 'notes': 'This player will not be available to face their parent club in Gameweek 12 as part of their loan conditions.', 'gameweek': 12, 'url': None}]",Danso,0.2,351,132,False,,4,1.0,a,2,20,56,2026-09-01,21.0,183,57,4,7751,102,10453,79,0.1,0.8,Danso,0
0,2003-01-17,0,50,True,True,,,1,0.17,8,498016,,,0,0,-1,1,0.0,576,62,0,0.0,,,0,1,1.0,1.0,1,0.01,0.0,0.01,0.0,0.00,10.07,1.68,0.0,Robin,1.0,231,20,12,2.0,0,False,7.3,245,20,529,False,73.4,124,20,,540,,,49,374,20,p498016,0,0,,0,,498016.jpg,2.0,235,20,False,-23,,-29.5,"[{'offset': 0, 'projected_percent': '-29.6', 'likelihood': -2}, {'offset': 1, 'projected_percent': '-31.4', 'likelihood': -2}, {'offset': 2, 'projected_percent': '-33.1', 'likelihood': -2}]",44,0,152,False,8,1.33,,[],Roefs,2.3,117,18,False,,6,1.0,a,0,20,56,2025-08-01,0.0,544,60,12,23830,139,195574,866,0.2,2.4,Roefs,0
0,2000-05-10,0,0,False,True,0,0,0,0,0,232571,,,0,0,0,0,0.0,420,20,0,0,,,0,1,0.0,0.0,0,0.00,0,0.00,0,0.00,0.00,0,0,Anthony,0.0,383,36,0,0,0,False,0.0,434,39,530,False,0.0,429,39,,0,Has joined Wrexham permanently,2026-08-12T14:08:03.064533Z,40,613,63,p232571,0,0,,0,,232571.jpg,0.0,452,39,False,0,,0.0,"[{'offset': 0, 'projected_percent': '0.0', 'likelihood': 0}, {'offset': 1, 'projected_percent': '0.0', 'likelihood': 0}, {'offset': 2, 'projected_percent': '0.0', 'likelihood': 0}]",0,0,241,False,0,0,,[],Patterson,0.1,397,45,False,,0,0,u,0,20,56,2018-10-09,0.0,364,15,0,0,0,6285,25,0.0,0.0,Patterson,0
0,2003-05-22,0,0,True,True,,,0,0,0,515046,,,0,0,-1,1,0.0,470,34,0,0,,,0,1,0.0,0.0,0,0.00,0,0.00,0,0.00,0.00,0,0,Melker,0.0,442,49,0,0,0,False,0.0,483,52,531,False,0.0,478,52,,0,,,44,566,46,p515046,0,0,,0,,515046.jpg,0.0,498,52,False,1,,0.0,"[{'offset': 0, 'projected_percent': '0.0', 'likelihood': 0}, {'offset': 1, 'projected_percent': '0.0', 'likelihood': 0}, {'offset': 2, 'projected_percent': '0.0', 'likelihood': 0}]",0,0,206,False,0,0,,[],Ellborg,0.1,446,51,False,,0,0,a,0,20,56,2026-02-01,0.0,420,29,0,1340,24,3578,19,0.0,0.0,Ellborg,0
0,1999-09-22,0,31,True,True,0,0,1,0.2,39,223827,,,0,0,-1,1,23.8,203,67,49,9.8,,,0,2,0.0,0.0,0,0.16,0.03,0.47,0.09,0.31,8.66,1.73,0.06,Daniel,0.7,262,93,10,2.0,0,False,16.3,119,40,532,False,104.2,72,33,,450,Hamstring injury - Unknown return date,2026-09-25T21:30:10.370384Z,49,352,62,p223827,0,0,,0,,223827.jpg,2.8,167,67,False,-260,,-114.7,"[{'offset': 0, 'projected_percent': '-115.2', 'likelihood': -5}, {'offset': 1, 'projected_percent': '-124.0', 'likelihood': -5}, {'offset': 2, 'projected_percent': '-132.7', 'likelihood': -5}]",12,0,242,False,0,0.0,https://www.safc.com/news/2026/october/08/le-bris-provides-latest-ballard--brobbey-and-diarra-updates/,[],Ballard,1.8,132,52,False,,5,1.0,i,10,20,56,2022-07-01,35.0,139,39,14,45683,4,391009,5873,0.1,2.9,Ballard,2
0,1997-11-01,1,59,True,True,100,100,1,0.2,42,200834,,,0,0,-1,1,48.4,124,32,58,11.6,,,0,2,1.0,1.0,3,0.32,0.06,1.13,0.22,0.81,8.27,1.65,0.16,Nordi,1.0,239,83,10,2.0,0,False,22.3,68,13,533,False,115.6,51,22,,450,,2026-08-09T08:30:05.954750Z,54,173,19,p200834,0,0,,0,,200834.jpg,3.2,137,57,False,-27,,-24.5,"[{'offset': 0, 'projected_percent': '-24.6', 'likelihood': -2}, {'offset': 1, 'projected_percent': '-27.1', 'likelihood': -2}, {'offset': 2, 'projected_percent': '-29.6', 'likelihood': -2}]",26,0,73,False,0,0.0,,[],Mukiele,1.8,131,51,False,,5,1.0,a,16,20,56,2025-08-17,59.0,73,10,16,50035,378,141155,1038,0.2,3.0,Mukiele,1
0,2002-03-18,0,51,True,True,,,1,0.3,8,487676,3,,0,0,-2,2,59.0,96,21,21,6.39,,,0,2,0.7,0.7,1,0.32,0.1,0.46,0.14,0.14,5.98,1.82,0.04,Trai,0.7,253,87,4,1.22,0,False,11.5,189,67,534,False,32.2,246,101,,296,,,43,581,156,p487676,0,0,,0,,487676.jpg,2.2,211,82,False,-81,,-17.5,"[{'offset': 0, 'projected_percent': '-17.8', 'likelihood': -1}, {'offset': 1, 'projected_percent': '-23.7', 'likelihood': -2}, {'offset': 2, 'projected_percent': '-29.6', 'likelihood': -2}]",15,0,242,False,0,0.0,,[],Hume,2.4,116,45,False,,3,0.91,a,13,20,56,2022-01-04,23.0,173,51,11,39068,108,447035,2173,0.2,2.6,Hume,0
0,1996-12-26,0,2,True,True,100,100,0,0.0,0,201895,,,0,0,-2,2,0.6,367,136,0,0.0,,,0,2,0.0,0.0,0,0.01,0.04,0.01,0.04,0.00,0.10,0.39,0.0,Omar,0.0,521,198,1,3.91,0,False,0.0,559,204,535,False,0.0,554,204,,23,,2026-08-09T08:30:05.962393Z,48,404,75,p201895,0,0,,0,,201895.jpg,1.0,340,131,False,-4,,-9.2,"[{'offset': 0, 'projected_percent': '-9.4', 'likelihood': -1}, {'offset': 1, 'projected_percent': '-12.5', 'likelihood': -1}, {'offset': 2, 'projected_percent': '-15.6', 'likelihood': -1}]",2,0,168,False,0,0.0,,[],Alderete,0.2,320,120,False,,0,0.0,a,0,20,56,2025-08-12,0.0,512,198,1,5398,27,28720,126,0.0,0.2,Alderete,0
0,1994-01-21,0,51,True,True,100,100,1,0.21,26,434399,,,0,0,-1,1,36.4,166,46,36,7.5,,,0,2,0.0,0.0,2,0.33,0.07,0.33,0.07,0.00,6.00,1.25,0.0,Reinildo,0.0,435,172,6,1.25,0,False,9.5,217,77,536,False,53.8,178,75,Reinildo Mandava,432,,2026-09-12T21:30:09.421687Z,44,555,144,p434399,0,0,,0,,434399.jpg,1.8,248,92,False,1,,-3.6,"[{'offset': 0, 'projected_percent': '-3.5', 'likelihood': -1}, {'offset': 1, 'projected_percent': '-2.7', 'likelihood': -1}, {'offset': 2, 'projected_percent': '-1.9', 'likelihood': -1}]",21,1,146,False,0,0.0,,[],Mandava,0.2,309,115,False,,5,1.04,a,10,20,56,2025-07-08,6.0,283,100,9,4462,27,25976,110,0.0,2.0,Reinildo,0
0,2003-05-23,0,0,False,True,0,0,0,0,0,519634,,,0,0,0,0,0.0,512,195,0,0,,,0,2,0.0,0.0,0,0.00,0,0.00,0,0.00,0.00,0,0,Jenson,0.0,482,187,0,0,0,False,0.0,520,196,537,False,0.0,515,196,,0,Has joined Swansea City on loan for the rest of the season,2026-08-29T00:34:52.425076Z,45,491,121,p519634,0,0,,0,,519634.jpg,0.0,534,197,False,0,,0.0,"[{'offset': 0, 'projected_percent': '0.0', 'likelihood': 0}, {'offset': 1, 'projected_percent': '0.0', 'likelihood': 0}, {'offset': 2, 'projected_percent': '0.0', 'likelihood': 0}]",0,0,152,False,0,0,,[],Seelt,0.0,636,213,False,,0,0,u,0,20,56,2023-07-01,0.0,469,188,0,61,0,687,4,0.0,0.0,Seelt,0
0,2003-08-26,0,0,False,True,0,0,0,0,0,477547,,,0,0,0,0,0.0,428,157,0,0,,,0,2,0.0,0.0,0,0.00,0,0.00,0,0.00,0.00,0,0,Leo Fuhr,0.0,393,141,0,0,0,False,0.0,442,158,538,False,0.0,437,158,,0,Has joined KV Mechelen on loan for the rest of the season,2026-08-12T14:08:03.081789Z,40,625,180,p477547,0,0,,0,,477547.jpg,0.0,460,163,False,-1,,0.0,"[{'offset': 0, 'projected_percent': '0.0', 'likelihood': 0}, {'offset': 1, 'projected_percent': '0.0', 'likelihood': 0}, {'offset': 2, 'projected_percent': '0.0', 'likelihood': 0}]",0,0,161,False,0,0,,[],Hjelde,0.0,531,185,False,,0,0,u,0,20,56,2024-01-30,0.0,372,142,0,0,0,2659,20,0.0,0.0,Hjelde,0
0,1994-11-21,0,1,True,True,,,0,0.0,4,167512,,,0,0,-1,1,1.4,345,124,5,6.82,,,0,2,0.0,0.0,0,0.01,0.01,0.02,0.02,0.01,1.69,2.3,0.01,Luke,0.0,357,125,1,1.36,0,False,1.7,355,124,539,False,11.4,316,120,,66,,,39,661,211,p167512,0,0,,0,,167512.jpg,1.0,307,107,False,26,,1.9,"[{'offset': 0, 'projected_percent': '2.0', 'likelihood': 1}, {'offset': 1, 'projected_percent': '2.4', 'likelihood': 1}, {'offset': 2, 'projected_percent': '2.8', 'likelihood': 1}]",4,0,241,False,0,0.0,,[],O'Nien,2.5,111,43,False,,1,1.36,a,1,20,56,2018-07-30,4.0,300,105,1,50020,1729,138624,1060,0.0,0.3,O'Nien,1
0,1993-11-07,0,0,False,True,0,0,0,0,0,105717,,,0,0,0,0,0.0,408,149,0,0,,,0,2,0.0,0.0,0,0.00,0,0.00,0,0.00,0.00,0,0,Arthur,0.0,372,132,0,0,0,False,0.0,424,152,540,False,0.0,420,153,,0,Has joined Konyaspor permanently,2026-08-12T14:08:03.097784Z,40,596,163,p105717,0,0,,0,,105717.jpg,0.0,443,158,False,0,,0.0,"[{'offset': 0, 'projected_percent': '0.0', 'likelihood': 0}, {'offset': 1, 'projected_percent': '0.0', 'likelihood': 0}, {'offset': 2, 'projected_percent': '0.0', 'likelihood': 0}]",0,0,50,False,0,0,,[],Masuaku,0.1,385,145,False,,0,0,u,0,20,56,2025-08-10,0.0,352,134,0,0,0,11987,48,0.0,0.0,Masuaku,0
1,1991-09-12,0,42,True,True,75,100,1,0.21,16,93605,,,0,0,0,0,41.4,151,40,20,4.2,,,0,2,1.5,2.0,1,0.58,0.12,1.07,0.22,0.49,6.40,1.34,0.1,Thomas,2.0,146,54,8,1.68,0,False,15.6,127,42,541,False,70.2,132,58,,429,Groin injury - 75% chance of playing,2026-10-10T16:30:09.200467Z,45,434,86,p93605,0,0,,0,,93605.jpg,2.5,187,73,False,-15,,-12.7,"[{'offset': 0, 'projected_percent': '-13.0', 'likelihood': -1}, {'offset': 1, 'projected_percent': '-18.1', 'likelihood': -1}, {'offset': 2, 'projected_percent': '-23.3', 'likelihood': -2}]",16,0,21,False,0,0.0,,[],Meunier,0.3,298,109,False,,6,1.26,d,4,20,56,2026-07-15,43.0,110,25,15,9353,66,11163,201,0.4,3.3,Meunier,0
1,2000-02-03,1,104,True,True,,,1,0.17,3,484420,1,,0,0,-3,3,137.3,22,21,25,4.34,3,,0,3,2.3,2.3,2,1.59,0.28,3.67,0.64,2.08,9.73,1.69,0.36,Enzo,2.3,140,60,10,1.74,1,False,31.0,30,21,542,False,88.6,101,29,,518,,,57,115,73,p484420,0,1,2,0,,484420.jpg,3.3,128,49,False,-43,,-6.1,"[{'offset': 0, 'projected_percent': '-6.3', 'likelihood': -1}, {'offset': 1, 'projected_percent': '-8.6', 'likelihood': -1}, {'offset': 2, 'projected_percent': '-11.0', 'likelihood': -1}]",15,0,73,False,0,0.0,,[],Le Fée,3.2,103,34,False,,6,1.04,a,7,20,56,2025-07-01,82.0,45,27,20,61165,920,688823,1811,0.4,3.5,E.Le Fée,0
1,2004-01-03,0,18,True,True,0,0,0,0.0,0,547027,,,0,0,-2,2,10.9,271,138,0,0.0,,,0,3,0.0,0.0,0,0.16,0.51,0.19,0.61,0.03,0.12,0.39,0.1,Habib,0.0,612,265,1,3.21,0,False,2.9,324,151,543,False,15.6,297,127,,28,Hamstring injury - Expected back 18 Oct,2026-08-30T16:30:08.428960Z,53,230,144,p547027,0,0,1,0,,547027.jpg,2.5,190,82,False,0,,-4.8,"[{'offset': 0, 'projected_percent': '-4.8', 'likelihood': -1}, {'offset': 1, 'projected_percent': '-4.8', 'likelihood': -1}, {'offset': 2, 'projected_percent': '-4.8', 'likelihood': -1}]",0,0,189,False,0,0.0,https://www.safc.com/news/2026/october/08/le-bris-provides-latest-ballard--brobbey-and-diarra-updates/,[],Diarra,0.0,562,232,False,,0,0.0,i,0,20,56,2025-07-01,2.0,332,166,5,566,3,6099,9,0.0,0.9,Diarra,0
1,1992-09-27,5,128,True,True,,,1,0.17,14,84450,2,,0,0,0,0,191.1,5,5,62,10.33,2,,0,3,1.7,1.7,2,1.37,0.23,1.52,0.25,0.15,10.07,1.68,0.02,Granit,1.7,184,83,12,2.0,0,False,28.8,37,27,544,False,93.6,89,26,,540,,,55,126,80,p84450,0,0,,0,,84450.jpg,3.8,101,39,False,-125,,-108.1,"[{'offset': 0, 'projected_percent': '-108.4', 'likelihood': -5}, {'offset': 1, 'projected_percent': '-114.7', 'likelihood': -5}, {'offset': 2, 'projected_percent': '-120.9', 'likelihood': -5}]",37,0,207,False,0,0.0,,[],Xhaka,3.4,99,32,False,,6,1.0,a,11,20,56,2025-07-30,3.0,315,159,23,136801,690,235796,2994,0.3,4.2,Xhaka,2
0,2004-12-17,1,100,True,True,,,1,0.18,12,577669,,,0,0,-1,1,59.5,94,66,37,6.66,,,0,3,2.3,2.3,3,0.28,0.05,0.72,0.13,0.44,7.88,1.42,0.08,Noah,2.3,129,52,11,1.98,0,False,19.2,96,52,545,False,52.8,183,73,,500,,,49,391,236,p577669,0,0,,0,,577669.jpg,2.2,219,95,False,-4,,-105.0,"[{'offset': 0, 'projected_percent': '-105.2', 'likelihood': -5}, {'offset': 1, 'projected_percent': '-108.1', 'likelihood': -5}, {'offset': 2, 'projected_percent': '-111.1', 'likelihood': -5}]",17,0,50,False,0,0.0,,[],Sadiki,0.2,326,114,False,,6,1.08,a,8,20,56,2025-07-04,81.0,46,28,13,6176,66,20034,129,0.5,2.7,Sadiki,1
0,2002-01-01,0,0,False,True,0,0,0,0,0,535818,,,0,0,-1,1,0.0,579,247,0,0,,,0,3,0.0,0.0,0,0.00,0,0.00,0,0.00,0.00,0,0,Simon,0.0,558,230,0,0,0,False,0.0,584,243,546,False,0.0,578,241,,0,Has joined Ajax on loan for the rest of the season,2026-08-20T14:00:08.416985Z,49,382,227,p535818,0,0,,0,,535818.jpg,0.0,593,250,False,0,,0.0,"[{'offset': 0, 'projected_percent': '0.0', 'likelihood': 0}, {'offset': 1, 'projected_percent': '0.0', 'likelihood': 0}, {'offset': 2, 'projected_percent': '0.0', 'likelihood': 0}]",0,0,54,False,0,0,https://www.safc.com/news/2026/august/20/le-bris-provides-latest-team-news-ahead-of-ipswich/,[],Adingra,0.0,563,233,False,,0,0,u,0,20,56,2025-07-10,0.0,548,226,0,240,0,7643,17,0.0,0.0,Adingra,0
0,2003-04-24,0,2,True,True,0,0,0,0.0,1,461199,,,0,0,-2,2,0.1,391,195,1,90.0,,,0,3,0.0,0.0,0,0.00,0.0,0.17,15.3,0.17,0.09,8.1,15.3,Romaine,0.0,527,210,0,0.0,0,False,2.5,336,157,547,False,8.0,340,158,,1,Knee injury - Unknown return date,2026-09-09T14:00:08.462705Z,48,413,251,p461199,0,0,,0,,461199.jpg,1.0,342,149,False,0,,-1.6,"[{'offset': 0, 'projected_percent': '-1.6', 'likelihood': -1}, {'offset': 1, 'projected_percent': '-1.6', 'likelihood': -1}, {'offset': 2, 'projected_percent': '-1.6', 'likelihood': -1}]",0,0,241,False,0,0.0,https://www.safc.com/news/2026/september/10/le-bris-on-mundle-and-diarra-injuries/,[],Mundle,0.0,638,274,False,,0,0.0,i,0,20,56,2024-02-01,17.0,208,114,1,207,0,709,2,0.0,0.2,Mundle,0
0,2007-06-18,0,6,True,True,,,0,0.0,0,554197,,,0,0,-1,1,0.3,380,189,1,5.29,,,0,3,0.0,0.0,0,0.00,0.0,0.00,0.0,0.00,0.44,2.33,0.0,Chris,0.0,562,234,1,5.29,0,False,0.0,588,247,548,False,0.0,582,245,,17,,,49,387,232,p554197,0,0,,0,,554197.jpg,1.0,356,159,False,0,,-105.8,"[{'offset': 0, 'projected_percent': '-105.8', 'likelihood': -5}, {'offset': 1, 'projected_percent': '-105.8', 'likelihood': -5}, {'offset': 2, 'projected_percent': '-105.8', 'likelihood': -5}]",1,0,241,False,0,0.0,,[],Rigg,0.0,509,202,False,,0,0.0,a,0,20,56,2022-12-31,0.0,552,230,2,504,5,3084,24,0.0,0.4,Rigg,0
0,2005-05-09,0,1,True,True,,,0,0.0,0,549912,,,0,0,-2,2,0.9,360,179,2,5.81,,,0,3,0.0,0.0,0,0.00,0.0,0.00,0.0,0.00,0.14,0.41,0.0,Chemsdine,0.0,613,266,1,2.9,0,False,0.0,632,273,549,False,0.0,627,272,,31,,,53,231,145,p549912,0,0,,0,,549912.jpg,1.0,381,176,False,-1,,-49.1,"[{'offset': 0, 'projected_percent': '-49.2', 'likelihood': -3}, {'offset': 1, 'projected_percent': '-50.9', 'likelihood': -3}, {'offset': 2, 'projected_percent': '-52.5', 'likelihood': -3}]",2,0,145,False,0,0.0,,[],Talbi,0.1,389,141,False,,0,0.0,a,0,20,56,2025-07-09,0.0,616,266,1,1420,9,12312,35,0.0,0.2,Talbi,0
0,2005-02-09,0,4,True,True,,,0,0.0,0,699989,,,0,0,-1,1,0.0,586,253,0,0.0,,,0,3,0.3,0.3,1,0.03,0.16,0.03,0.16,0.00,0.47,2.49,0.0,Djiamgone Jocelin Ta,0.3,321,147,1,5.29,0,False,0.0,592,250,550,False,0.0,586,248,,17,,,49,397,241,p699989,0,0,,0,,699989.jpg,1.0,361,164,False,-1,,0.0,"[{'offset': 0, 'projected_percent': '-0.8', 'likelihood': -1}, {'offset': 1, 'projected_percent': '-35.0', 'likelihood': -2}, {'offset': 2, 'projected_percent': '-69.2', 'likelihood': -3}]",0,0,54,False,0,0.0,,[],Bi,0.0,630,268,False,,0,0.0,a,0,20,56,2026-01-16,0.0,561,238,1,353,4,473,3,0.1,0.2,Jocelin.T,0
1,2003-06-19,0,75,True,True,,,1,0.23,6,536661,,,0,0,0,0,38.3,162,102,27,6.31,1,,0,3,2.7,2.7,2,0.13,0.03,0.73,0.17,0.60,5.51,1.29,0.14,Nilson,2.7,114,46,8,1.87,1,False,15.7,126,67,551,False,72.2,128,43,,385,,,50,311,189,p536661,0,0,,0,,536661.jpg,3.0,151,64,False,0,,1.4,"[{'offset': 0, 'projected_percent': '1.4', 'likelihood': 1}, {'offset': 1, 'projected_percent': '1.4', 'likelihood': 1}, {'offset': 2, 'projected_percent': '1.4', 'likelihood': 1}]",14,0,62,False,0,0.0,,[],Angulo,0.1,395,144,False,,6,1.4,a,7,20,56,2026-02-02,47.0,101,56,18,13357,53,11323,91,0.5,3.6,N.Angulo,1
0,2002-02-01,3,113,True,True,0,0,1,0.23,1,441264,,,0,0,-3,3,69.0,77,6,11,2.48,,,1,4,0.0,0.0,0,0.11,0.02,3.05,0.68,2.94,8.18,1.85,0.66,Brian,6.0,18,3,9,2.03,3,False,31.7,26,6,552,False,108.4,62,4,,399,Hamstring injury - Expected back 25 Oct,2026-09-24T21:30:10.382142Z,57,113,29,p441264,0,0,,0,,441264.jpg,4.8,63,5,False,-682,,-0.7,"[{'offset': 0, 'projected_percent': '-1.1', 'likelihood': -1}, {'offset': 1, 'projected_percent': '-8.7', 'likelihood': -1}, {'offset': 2, 'projected_percent': '-16.3', 'likelihood': -1}]",10,0,152,False,0,0.0,https://www.safc.com/news/2026/october/08/le-bris-provides-latest-ballard--brobbey-and-diarra-updates/,[],Brobbey,5.6,69,11,False,,5,1.13,i,0,20,56,2025-09-01,142.0,14,7,24,297593,781,1081796,20501,1.1,4.2,Brobbey,1
1,2000-08-27,3,58,True,True,,,0,0.0,0,437505,,,0,0,0,0,1.0,358,45,8,3.48,,,0,4,1.3,1.3,2,0.01,0.0,1.68,0.73,1.67,5.19,2.26,0.73,Wilson,1.3,216,23,5,2.17,1,False,6.7,259,27,553,False,30.8,253,23,,207,,,55,144,39,p437505,0,0,,0,,437505.jpg,2.8,172,16,False,-22,,4.2,"[{'offset': 0, 'projected_percent': '4.2', 'likelihood': 1}, {'offset': 1, 'projected_percent': '3.9', 'likelihood': 1}, {'offset': 2, 'projected_percent': '3.5', 'likelihood': 1}]",6,0,92,False,0,0.0,,[],Isidor,1.3,160,24,False,,1,0.43,a,2,20,56,2025-02-01,35.0,140,28,17,106510,1001,95924,933,0.2,3.1,Isidor,0
0,2006-02-15,0,-7,True,True,100,100,0,0.0,4,638411,,,0,0,0,0,2.0,333,119,5,4.21,,,0,2,0.0,0.0,1,0.01,0.01,0.04,0.04,0.03,3.29,2.77,0.03,Dayann,0.0,511,195,6,5.05,0,False,1.2,372,132,612,False,8.0,339,125,,107,,2026-08-28T13:00:08.950445Z,45,528,133,p638411,0,0,,0,,638411.jpg,0.0,561,203,False,0,,0.0,"[{'offset': 0, 'projected_percent': '0.0', 'likelihood': 0}, {'offset': 1, 'projected_percent': '0.0', 'likelihood': 0}, {'offset': 2, 'projected_percent': '0.0', 'likelihood': 0}]",6,0,73,False,0,0.0,,[],Méthalie,0.0,613,208,False,,1,0.84,a,1,20,56,2026-08-21,2.0,322,122,0,976,8,533,4,0.0,0.0,Methalie,1
0,2006-05-08,0,0,True,True,,,0,0,0,696104,,,0,0,0,0,0.0,545,230,0,0,,,0,3,0.0,0.0,0,0.00,0,0.00,0,0.00,0.00,0,0,Jules,0.0,517,204,0,0,0,False,0.0,554,225,613,False,0.0,549,224,,0,,,45,535,281,p696104,0,0,,0,,696104.jpg,0.0,567,235,False,-12,,-65.2,"[{'offset': 0, 'projected_percent': '-65.7', 'likelihood': -3}, {'offset': 1, 'projected_percent': '-75.0', 'likelihood': -3}, {'offset': 2, 'projected_percent': '-84.3', 'likelihood': -3}]",0,0,50,False,0,0,,[],Ahoka,0.2,316,110,False,,0,0,a,0,20,56,2026-08-24,0.0,506,203,0,25873,99,15302,146,0.0,0.0,Ahoka,0
0,2005-03-31,0,21,True,True,,,0,0.0,2,549940,,,0,0,0,0,2.1,332,167,9,6.98,,,0,3,1.0,1.0,1,0.02,0.02,0.44,0.35,0.42,4.20,3.26,0.33,Malick,1.0,243,114,4,3.1,0,False,5.8,277,124,646,False,12.4,310,137,,116,,,55,159,100,p549940,0,0,,0,,549940.jpg,1.0,394,185,False,0,,-10.7,"[{'offset': 0, 'projected_percent': '-10.7', 'likelihood': -1}, {'offset': 1, 'projected_percent': '-10.7', 'likelihood': -1}, {'offset': 2, 'projected_percent': '-10.7', 'likelihood': -1}]",5,0,21,False,0,0.0,,[],Fofana,0.0,534,216,False,,0,0.0,a,2,20,56,2026-09-01,44.0,108,62,4,4300,38,1959,35,0.2,0.7,Fofana,0
0,2008-01-12,0,3,True,True,,,0,0.0,0,661313,,,0,0,0,0,0.0,542,62,0,0.0,,,0,4,0.3,0.3,1,0.00,0.0,0.00,0.0,0.00,0.15,1.5,0.0,Juan,0.3,312,37,1,10.0,0,False,0.0,551,62,651,False,0.0,546,58,,9,,,45,532,79,p661313,0,0,,0,,661313.jpg,1.0,338,37,False,29,,6.6,"[{'offset': 0, 'projected_percent': '6.7', 'likelihood': 1}, {'offset': 1, 'projected_percent': '7.1', 'likelihood': 1}, {'offset': 2, 'projected_percent': '7.6', 'likelihood': 1}]",0,0,62,False,0,0.0,,[],Angulo,0.8,205,34,False,,0,0.0,a,0,20,56,2026-09-01,0.0,503,57,1,100782,1308,35478,665,0.1,0.2,J.Angulo,0
